canonical_key,store_key,price_toman,condition,recorded_at
other_sy03,digikala,9240000,نو,2026-08-31 10:30:00
other_armor_a75_usb,digikala,17600000,نو,2026-08-31 10:30:00
other_zz_audio_bowie,digikala,6753110,نو,2026-08-31 10:30:00
samsung_galaxy_a11,digikala,13775000,نو,2026-08-31 10:30:00
other_128gb_one_pro_128,digikala,27000000,نو,2026-08-31 10:30:00
lenovo_256gb_15_v15_g5,digikala,141000000,نو,2026-08-31 10:30:00
apple_macbook_air_2026_512gb,digikala,356990000,نو,2026-08-31 10:30:00
asus_512gb_nuc13anhh7_core_i7,digikala,171000000,نو,2026-08-31 10:30:00
other_store_go_usb,digikala,21000000,نو,2026-08-31 10:30:00
other_1tb_pcie_gen4_x4,digikala,23500000,نو,2026-08-31 10:30:00
other_6tb_purple_wd64purz,digikala,64820000,نو,2026-08-31 10:30:00
xiaomi_redmi_15c_128gb,digikala,47100000,نو,2026-08-31 10:30:00
hp_512gb,digikala,311000000,نو,2026-08-31 10:30:00
samsung_galaxy,digikala,4070000,نو,2026-08-31 10:30:00
other_256gb_pcie_gen4_x4,digikala,11907160,نو,2026-08-31 10:30:00
other_1tb_rp60_usb_gen2,digikala,23840000,نو,2026-08-31 10:30:00
other_5tb_armor_a85,digikala,56350000,نو,2026-08-31 10:30:00
other_02_hk_11,digikala,5500000,نو,2026-08-31 10:30:00
other_43_watch_fit,digikala,24700000,نو,2026-08-31 10:30:00
other_gaming_voice_5184,digikala,10800000,نو,2026-08-31 10:30:00
asus_prime_h610m_ps,digikala,19500000,نو,2026-08-31 10:30:00
intel_core_i5_14400f,digikala,33799000,نو,2026-08-31 10:30:00
lenovo_ideapad__custom_512gb,digikala,146000000,نو,2026-08-31 10:30:00
asus_vivobook_15_custom_1tb,digikala,119000000,نو,2026-08-31 10:30:00
asus_tuf_gaming_custom_ram32gb_2tb,digikala,357000000,نو,2026-08-31 10:30:00
lenovo_ideapad__512gb,digikala,104000000,نو,2026-08-31 10:30:00
lenovo_512gb_14_thinkbook_14,digikala,268900000,نو,2026-08-31 10:30:00
samsung_32gb_ddr4_sodimm_3200,digikala,6000000,نو,2026-08-31 10:30:00
intel_256gb_j1900_2lc_celeron,digikala,36500000,نو,2026-08-31 10:30:00
asus_rog_strix_custom_ram64gb_4tb,digikala,560000000,نو,2026-08-31 10:30:00
other_32gb_106_2023_32,digikala,2099000,نو,2026-08-31 10:30:00
asus_tuf_gaming_custom_1tb,digikala,235000000,نو,2026-08-31 10:30:00
asus_rtx_4050_32gb,digikala,268900000,نو,2026-08-31 10:30:00
hp_512gb_16_omnibook_16by0015dx,digikala,149990000,نو,2026-08-31 10:30:00
xiaomi_xiaomi,digikala,3800000,نو,2026-08-31 10:30:00
other_ser_gaming_shrak,digikala,7332000,نو,2026-08-31 10:30:00
lenovo_x4_bone_conduction,digikala,14000000,نو,2026-08-31 10:30:00
asus_256gb_15_expertbook_p1,digikala,109990000,نو,2026-08-31 10:30:00
other_apy_multi_soundtec,digikala,7658000,نو,2026-08-31 10:30:00
asus_vivobook_15_custom_32gb,digikala,150000000,نو,2026-08-31 10:30:00
asus_rog_strix_custom_ram32gb_32gb,digikala,461000000,نو,2026-08-31 10:30:00
lenovo_rtx_5060_32gb,digikala,353000000,نو,2026-08-31 10:30:00
amd_r7_450,digikala,15650000,نو,2026-08-31 10:30:00
intel_q9550,digikala,5686000,نو,2026-08-31 10:30:00
samsung_galaxy_128gb,digikala,119500000,نو,2026-08-31 10:30:00
other_32gb_8000m_32,digikala,1899000,نو,2026-08-31 10:30:00
samsung_galaxy_128gb,digikala,69500000,نو,2026-08-31 10:30:00
other_phb3580,digikala,7039900,نو,2026-08-31 10:30:00
other_650_fp_b650,digikala,12998000,نو,2026-08-31 10:30:00
other_cc_2177_rgb,digikala,6200000,نو,2026-08-31 10:30:00
lenovo_ideapad__custom_ram40gb_512gb,digikala,200000000,نو,2026-08-31 10:30:00
nvidia_rtx_4050_64gb,digikala,345000000,نو,2026-08-31 10:30:00
xiaomi_xiaomi,digikala,3900000,نو,2026-08-31 10:30:00
other_12tb_sata_wd_purple,digikala,135000000,نو,2026-08-31 10:30:00
other_i80_suit_extremc,digikala,5227200,نو,2026-08-31 10:30:00
xiaomi_xiaomi,digikala,8190000,نو,2026-08-31 10:30:00
other_47_fenix_pro,digikala,267400000,نو,2026-08-31 10:30:00
other_sb913082,digikala,8370000,نو,2026-08-31 10:30:00
other_tk702,digikala,2200000,نو,2026-08-31 10:30:00
other_bass_timing,digikala,6500000,نو,2026-08-31 10:30:00
samsung_galaxy,digikala,3200000,نو,2026-08-31 10:30:00
samsung_galaxy_s21_fe,divar,38000000,کارکرده,2026-08-31 10:30:04
other_a21s,divar,25000000,در حد نو,2026-08-31 10:30:04
amd_rx_6900xt,divar,110000000,کارکرده,2026-08-31 10:30:04
amd_rx_580,divar,13000000,در حد نو,2026-08-31 10:30:04
apple_macbook_m2,divar,140000000,نو (پلمپ/آکبند),2026-08-31 10:30:04
other_256gb_s25_ultra_256,divar,235000000,در حد نو,2026-08-31 10:30:04
samsung_galaxy_a56,divar,20000000,در حد نو,2026-08-31 10:30:04
samsung_galaxy_a56,divar,13000000,در حد نو,2026-08-31 10:30:04
apple_iphone_6,divar,9000000,کارکرده,2026-08-31 10:30:04
amd_cpu_amd_athlon,divar,500000,کارکرده,2026-08-31 10:30:04
sony_ps5,divar,500000,کارکرده,2026-08-31 10:30:04
sony_ps5,divar,10000,کارکرده,2026-08-31 10:30:04
sony_ps5,divar,10000,کارکرده,2026-08-31 10:30:04
amd_rx_6900xt_16gb,divar,97000000,در حد نو,2026-08-31 10:30:04
sony_ps5,divar,1300000,در حد نو,2026-08-31 10:30:04
apple_macbook_pro,divar,35000000,در حد نو,2026-08-31 10:30:04
apple_macbook_air_m4,divar,210000000,در حد نو,2026-08-31 10:30:04
amd_rx_470,divar,6200000,کارکرده,2026-08-31 10:30:04
sony_ps5,divar,80000000,کارکرده,2026-08-31 10:30:04
sony_ps4,divar,68000000,در حد نو,2026-08-31 10:30:04
sony_ps5,divar,2000000,کارکرده,2026-08-31 10:30:04
sony_ps5,divar,999000000,کارکرده,2026-08-31 10:30:04
apple_macbook_pro_2012,divar,10200000,کارکرده,2026-08-31 10:30:04
amd_rx_7900xt,divar,165000000,در حد نو,2026-08-31 10:30:04
sony_ps5,divar,400000,کارکرده,2026-08-31 10:30:04
amd_rx_5700xt,divar,41000000,کارکرده,2026-08-31 10:30:04
sony_ps5,divar,100000,کارکرده,2026-08-31 10:30:04
amd_rx_6800,divar,180000000,کارکرده,2026-08-31 10:30:04
sony_ps5,divar,1300000,در حد نو,2026-08-31 10:30:04
sony_ps5,divar,100000,کارکرده,2026-08-31 10:30:04
sony_ps5,divar,90000000,کارکرده,2026-08-31 10:30:04
sony_ps5,divar,500000,کارکرده,2026-08-31 10:30:04
amd_rx_5700xt,divar,128000000,در حد نو,2026-08-31 10:30:04
sony_ps5,divar,18000000,کارکرده,2026-08-31 10:30:04
apple_macbook_pro_m1_pro_14inch,divar,158000000,در حد نو,2026-08-31 10:30:04
sony_ps4,divar,40000000,کارکرده,2026-08-31 10:30:04
sony_ps5,divar,100000,کارکرده,2026-08-31 10:30:04
amd_rx_5700xt,divar,33500000,کارکرده,2026-08-31 10:30:04
amd_rx_6700xt,divar,57000000,در حد نو,2026-08-31 10:30:04
sony_ps5,divar,80000000,کارکرده,2026-08-31 10:30:04
apple_macbook_pro_m3,divar,89000000,در حد نو,2026-08-31 10:30:04
amd_rx_580,divar,12000000,کارکرده,2026-08-31 10:30:04
amd_rx_5700xt,divar,165000000,در حد نو,2026-08-31 10:30:04
sony_ps5,divar,150000,کارکرده,2026-08-31 10:30:04
apple_macbook_air_m1,divar,96700000,کارکرده,2026-08-31 10:30:04
apple_pro,divar,1250000,کارکرده,2026-08-31 10:30:04
amd_rx_580,divar,8000000,کارکرده,2026-08-31 10:30:04
sony_ps5,divar,150000,کارکرده,2026-08-31 10:30:04
sony_ps5,divar,100000,کارکرده,2026-08-31 10:30:04
apple_macbook_pro,divar,350000000,کارکرده,2026-08-31 10:30:04
amd_rx_6900xt,divar,92000000,در حد نو,2026-08-31 10:30:04
amd_rx_7900xt,divar,160000000,در حد نو,2026-08-31 10:30:04
sony_ps5,divar,50000,کارکرده,2026-08-31 10:30:04
apple_macbook_pro_m2,divar,165000000,در حد نو,2026-08-31 10:30:04
amd_rx_6900xt,divar,92000000,در حد نو,2026-08-31 10:30:04
amd_rx_5700xt,divar,33500000,کارکرده,2026-08-31 10:30:04
microsoft_xbox,divar,20000000,کارکرده,2026-08-31 10:30:04
apple_macbook_pro_m1_pro_14inch,divar,158000000,در حد نو,2026-08-31 10:30:04
amd_rx_6800xt,divar,75500000,کارکرده,2026-08-31 10:30:04
amd_rx_6800xt,divar,75500000,کارکرده,2026-08-31 10:30:04
sony_ps5,divar,150000,کارکرده,2026-08-31 10:30:04
apple_macbook_air_2019,divar,65000000,در حد نو,2026-08-31 10:30:04
sony_ps4,divar,68000000,در حد نو,2026-08-31 10:30:04
sony_ps5,divar,50000,کارکرده,2026-08-31 10:30:04
apple_macbook_pro_m3,divar,89000000,در حد نو,2026-08-31 10:30:04
nvidia_rx_580,divar,785000000,کارکرده,2026-08-31 10:30:04
amd_rx_580,divar,11500000,در حد نو,2026-08-31 10:30:04
sony_ps5,divar,50000,کارکرده,2026-08-31 10:30:04
apple_macbook_pro_m3_pro_14inch_512gb,divar,325000000,کارکرده,2026-08-31 10:30:04
amd_rx_580,divar,8000000,کارکرده,2026-08-31 10:30:04
amd_rx_580,divar,8000000,کارکرده,2026-08-31 10:30:04
sony_ps5,divar,1500000,کارکرده,2026-08-31 10:30:05
apple_macbook,divar,99000000,در حد نو,2026-08-31 10:30:05
amd_rx_580,divar,15000000,کارکرده,2026-08-31 10:30:05
sony_ps4,divar,650000,کارکرده,2026-08-31 10:30:05
amd_rx_580,divar,12000000,در حد نو,2026-08-31 10:30:05
amd_rx_580,divar,12000000,در حد نو,2026-08-31 10:30:05
sony_ps5,divar,1000,کارکرده,2026-08-31 10:30:05
amd_rx_470,divar,6200000,کارکرده,2026-08-31 10:30:05
sony_ps5,divar,100000000,کارکرده,2026-08-31 10:30:05
apple_macbook_pro_2018,divar,130000000,کارکرده,2026-08-31 10:30:05
sony_ps5_slim,divar,42000000,کارکرده,2026-08-31 10:30:05
apple_macbook_pro_intel_2019_256gb,divar,86500000,در حد نو,2026-08-31 10:30:05
lenovo_lenovo,divar,29000000,کارکرده,2026-08-31 10:30:05
sony_ps5,divar,10000,کارکرده,2026-08-31 10:30:05
amd_rx_6600,divar,84900000,کارکرده,2026-08-31 10:30:05
sony_ps5,divar,1500000,کارکرده,2026-08-31 10:30:05
sony_ps5,divar,50000000,کارکرده,2026-08-31 10:30:05
apple_macbook_air_m1_256gb,divar,96000000,در حد نو,2026-08-31 10:30:05
amd_rx_570,divar,8500000,در حد نو,2026-08-31 10:30:05
microsoft_xbox,divar,300000,کارکرده,2026-08-31 10:30:05
microsoft_xbox,divar,300000,کارکرده,2026-08-31 10:30:05
sony_ps5_slim,divar,42000000,کارکرده,2026-08-31 10:30:05
apple_macbook_pro_m1_pro,divar,223000000,در حد نو,2026-08-31 10:30:05
apple_iphone,divar,14000000,کارکرده,2026-08-31 10:30:05
amd_rx_6600,divar,84900000,کارکرده,2026-08-31 10:30:05
sony_ps5,divar,2000000,کارکرده,2026-08-31 10:30:05
apple_macbook,divar,2000000000,توافقی,2026-08-31 10:30:05
apple_macbook_pro,divar,125000000,در حد نو,2026-08-31 10:30:05
other_i5_12400f,divar,83900000,در حد نو,2026-08-31 10:30:05
apple_macbook_pro_2019,divar,1000,در حد نو,2026-08-31 10:30:05
amd_rx_590,divar,17500000,در حد نو,2026-08-31 10:30:05
amd_rx_6900xt_16gb,divar,88500000,در حد نو,2026-08-31 10:30:05
sony_ps5,divar,9800000,کارکرده,2026-08-31 10:30:05
asus_rog_strix,divar,41500000,در حد نو,2026-08-31 10:30:05
asus_rog_strix,divar,41500000,در حد نو,2026-08-31 10:30:05
apple_256gb_ipad_pro_256,divar,105000000,کارکرده,2026-08-31 10:30:05
apple_macbook_pro_2019,divar,1000,در حد نو,2026-08-31 10:30:05
asus_rog_strix,divar,41500000,در حد نو,2026-08-31 10:30:05
sony_ps4,divar,68000000,در حد نو,2026-08-31 10:30:05
apple_macbook_2018,divar,90000000,در حد نو,2026-08-31 10:30:05
amd_rx_590,divar,17500000,در حد نو,2026-08-31 10:30:05
sony_ps5,divar,50000,کارکرده,2026-08-31 10:30:05
sony_ps5,divar,1000000,کارکرده,2026-08-31 10:30:05
sony_ps5,divar,9800000,کارکرده,2026-08-31 10:30:05
sony_ps5,divar,450000,کارکرده,2026-08-31 10:30:05
amd_rx_580,divar,1000,در حد نو,2026-08-31 10:30:05
sony_ps5,divar,80000000,کارکرده,2026-08-31 10:30:05
sony_ps5,divar,1000000,کارکرده,2026-08-31 10:30:05
amd_rx_580,divar,1000,در حد نو,2026-08-31 10:30:05
amd_rx_590,divar,17500000,در حد نو,2026-08-31 10:30:05
sony_ps5,divar,80000000,کارکرده,2026-08-31 10:30:05
sony_p800,esam,2899900,دست دوم,2026-08-31 10:30:06
other_11,esam,550000,دست دوم,2026-08-31 10:30:06
sony_ps5,esam,3990000,دست دوم,2026-08-31 10:30:06
other_10,esam,475000,دست دوم,2026-08-31 10:30:06
other_500,esam,20000,دست دوم,2026-08-31 10:30:06
samsung_galaxy_a36_128gb,torob,65000000,نو,2026-08-31 10:30:07
apple_macbook_air_m1_256gb,torob,45900000,نو,2026-08-31 10:30:07
lenovo_thinkpad_t14_512gb,torob,93201000,نو,2026-08-31 10:30:07
asus_rtx_4060ti,torob,98900000,نو,2026-08-31 10:30:07
other_1tb_nq780_2280_nvme,torob,22400000,نو,2026-08-31 10:30:07
nintendo_256gb_switch_oled_256,torob,62000000,نو,2026-08-31 10:30:07
other_liberty_nc_a3947,torob,10790000,نو,2026-08-31 10:30:07
amd_ryzen_7800x3d,torob,61299000,نو,2026-08-31 10:30:07
apple_iphone_14_pro_max_256gb,torob,228500000,نو,2026-08-31 10:30:07
asus_512gb_fx507zc_16gb_ram,torob,149900000,نو,2026-08-31 10:30:07
samsung_galaxy_z_fold,torob,325000,نو,2026-08-31 10:30:07
hp_1tb,torob,276800000,نو,2026-08-31 10:30:07
other_242m8_24_full,torob,21487000,نو,2026-08-31 10:30:07
apple_1tb_ipad_pro_7th,torob,329880000,نو,2026-08-31 10:30:07
nvidia_rtx_3060,torob,85000000,نو,2026-08-31 10:30:07
other_2tb_pro_11_m5,torob,373195000,نو,2026-08-31 10:30:07
other_256gb_s26_ultra_256,torob,22090000,نو,2026-08-31 10:30:07
microsoft_256gb_surface_pro_11,torob,307000000,نو,2026-08-31 10:30:07
lenovo_rtx_4050_24gb,torob,211970000,نو,2026-08-31 10:30:07
other_soundcore_a3021,digikala,14600000,نو,2026-08-31 20:59:22
other_erf_water_ephuria,digikala,6963320,نو,2026-08-31 20:59:22
other_hs_sd_c100,digikala,10400000,نو,2026-08-31 20:59:22
other_h730w,digikala,14000000,نو,2026-08-31 20:59:22
samsung_galaxy_a11_64gb,digikala,43010000,نو,2026-08-31 20:59:22
other_1tb_pcie_gen3_x4,digikala,22500000,نو,2026-08-31 20:59:22
other_h3_pro,digikala,11160000,نو,2026-08-31 20:59:22
other_256gb_bond_ii_lite,digikala,53784000,نو,2026-08-31 20:59:22
lenovo_rtx_4050_16gb,digikala,234900000,نو,2026-08-31 20:59:22
asus_tuf_gaming_custom_2tb,digikala,440000000,نو,2026-08-31 20:59:22
hp_victus_15_32gb,digikala,219000000,نو,2026-08-31 20:59:22
nintendo_64gb_switch_oled_white,digikala,80000000,نو,2026-08-31 20:59:22
xiaomi_xiaomi_1tb,digikala,260000000,نو,2026-08-31 20:59:22
other_64gb_ddr2_6400_cl6,digikala,1300000,نو,2026-08-31 20:59:22
hp_256gb_16_omnibook_flip,digikala,237000000,نو,2026-08-31 20:59:22
other_5tb_ac732,digikala,61000000,نو,2026-08-31 20:59:22
samsung_galaxy,digikala,5640000,نو,2026-08-31 20:59:22
other_sata_iii_spatium,digikala,9400000,نو,2026-08-31 20:59:22
other_2tb_canvio_ready_usb,digikala,20900000,نو,2026-08-31 20:59:22
samsung_1tb_pcie_gen4_x4,digikala,58444000,نو,2026-08-31 20:59:22
other_band,digikala,6560000,نو,2026-08-31 20:59:22
other_ftw6050,digikala,120000000,نو,2026-08-31 20:59:22
razer_barracuda_2022,digikala,22500000,نو,2026-08-31 20:59:22
other_gammaxx_ag400_lga1700,digikala,6500000,نو,2026-08-31 20:59:22
lenovo_32gb_15_v15_g4,digikala,119000000,نو,2026-08-31 20:59:22
asus_vivobook_15_custom_1tb,digikala,147000000,نو,2026-08-31 20:59:22
hp_32gb_15_250r_g10,digikala,120300000,نو,2026-08-31 20:59:22
asus_rtx_5050,digikala,90766700,نو,2026-08-31 20:59:22
asus_2tb_15_expertbook_b1,digikala,333000000,نو,2026-08-31 20:59:22
asus_tuf_gaming_custom_1tb,digikala,229000000,نو,2026-08-31 20:59:22
asus_rtx_4050_32gb,digikala,268900000,نو,2026-08-31 20:59:22
other_mega_drive_2020,digikala,3713170,نو,2026-08-31 20:59:22
other_ser_euphoria,digikala,7923000,نو,2026-08-31 20:59:22
intel_intel_xeon_gold,digikala,12500000,نو,2026-08-31 20:59:22
other_nrg_t0_dynamic,digikala,8865000,نو,2026-08-31 20:59:22
other_aho_encore_max,digikala,21500000,نو,2026-08-31 20:59:22
asus_prime_lc_360,digikala,26850000,نو,2026-08-31 20:59:22
other_sho_space_bds,digikala,7521000,نو,2026-08-31 20:59:22
other_pcie_m2_gammix,digikala,109990000,نو,2026-08-31 20:59:22
other_ch331,digikala,8780000,نو,2026-08-31 20:59:22
amd_hd5450_1gb_ddr3,digikala,4500000,نو,2026-08-31 20:59:22
nvidia_rtx_3050_24gb,digikala,216000000,نو,2026-08-31 20:59:22
other_ws201_15612,digikala,7000000,نو,2026-08-31 20:59:22
other_sonic,digikala,35100000,نو,2026-08-31 20:59:22
other_32gb_plus_z8_32,digikala,4390000,نو,2026-08-31 20:59:22
asus_512gb_15_expertbook_b1,digikala,153100000,نو,2026-08-31 20:59:22
samsung_galaxy_a11,digikala,4700000,نو,2026-08-31 20:59:22
other_gp_gstfs31480gntd_480gb,digikala,10900000,نو,2026-08-31 20:59:22
other_10tb_sata_wd_10tb,digikala,122980000,نو,2026-08-31 20:59:22
other_43_raytona,digikala,5216290,نو,2026-08-31 20:59:22
other_49_12_7in1,digikala,8000000,نو,2026-08-31 20:59:22
other_naz_necklace_lite,digikala,6765000,نو,2026-08-31 20:59:22
other_mor_w04_hifi,digikala,8400000,نو,2026-08-31 20:59:22
other_256gb_falcon_256,digikala,6050000,نو,2026-08-31 20:59:22
other_41_x28_mini,digikala,2231110,نو,2026-08-31 20:59:22
other_tws,digikala,6500000,نو,2026-08-31 20:59:22
samsung_galaxy,digikala,3216700,نو,2026-08-31 20:59:22
apple_macbook_pro_intel,divar,43900000,در حد نو,2026-08-31 20:59:25
samsung_galaxy_s22_ultra,divar,96500000,در حد نو,2026-08-31 20:59:25
other_a10s,divar,6300000,کارکرده,2026-08-31 20:59:25
apple_macbook_air,divar,15000000,کارکرده,2026-08-31 20:59:25
xiaomi_xiaomi_128gb,divar,42300000,کارکرده,2026-08-31 20:59:25
other_13,divar,93700000,در حد نو,2026-08-31 20:59:25
apple_iphone_13_128gb,divar,45000000,کارکرده,2026-08-31 20:59:26
samsung_galaxy_a17,divar,37000000,در حد نو,2026-08-31 20:59:26
samsung_galaxy_a15_128gb,divar,27000000,در حد نو,2026-08-31 20:59:26
samsung_galaxy_a56,divar,93000000,کارکرده,2026-08-31 20:59:26
sony_ps5,divar,12000000,کارکرده,2026-08-31 20:59:26
amd_rx_580,divar,10500000,در حد نو,2026-08-31 20:59:26
sony_ps5,divar,10000,کارکرده,2026-08-31 20:59:26
apple_macbook_pro_m1,divar,120000000,در حد نو,2026-08-31 20:59:26
amd_rx_580,divar,12500000,در حد نو,2026-08-31 20:59:26
sony_ps5_pro,divar,49000000,در حد نو,2026-08-31 20:59:26
apple_512gb_ipad_pro_m4,divar,200000000,در حد نو,2026-08-31 20:59:26
apple_macbook_pro,divar,12000000,کارکرده,2026-08-31 20:59:26
amd_rx_5700xt,divar,41000000,کارکرده,2026-08-31 20:59:26
sony_ps5,divar,10000,کارکرده,2026-08-31 20:59:26
apple_macbook_pro_2012,divar,10200000,کارکرده,2026-08-31 20:59:26
apple_macbook_pro,divar,87000000,کارکرده,2026-08-31 20:59:26
sony_ps5,divar,90000000,کارکرده,2026-08-31 20:59:26
apple_macbook_pro_2022,divar,159000000,در حد نو,2026-08-31 20:59:26
apple_macbook_pro,divar,68800000,در حد نو,2026-08-31 20:59:26
amd_rx_5700xt,divar,41000000,کارکرده,2026-08-31 20:59:26
sony_ps5,divar,80000000,کارکرده,2026-08-31 20:59:26
sony_ps5,divar,50000,کارکرده,2026-08-31 20:59:26
sony_ps5,divar,500000,کارکرده,2026-08-31 20:59:26
sony_ps5,divar,100000,کارکرده,2026-08-31 20:59:26
samsung_level_u2_eo,divar,10800000,کارکرده,2026-08-31 20:59:26
amd_rx_7900xt,divar,165000000,در حد نو,2026-08-31 20:59:26
sony_ps5,divar,2000000,کارکرده,2026-08-31 20:59:26
amd_rx_7900xt,divar,165000000,در حد نو,2026-08-31 20:59:26
sony_ps5,divar,90000000,کارکرده,2026-08-31 20:59:26
amd_rx_580,divar,10000000,کارکرده,2026-08-31 20:59:26
sony_ps5,divar,450000,کارکرده,2026-08-31 20:59:26
sony_ps5,divar,2000000,کارکرده,2026-08-31 20:59:26
other_item_70702bdf,divar,600000,کارکرده,2026-08-31 20:59:26
apple_macbook_pro_13inch,divar,16000000,در حد نو,2026-08-31 20:59:26
amd_rx_5700xt,divar,33500000,کارکرده,2026-08-31 20:59:26
sony_ps4,divar,68000000,در حد نو,2026-08-31 20:59:26
sony_ps4,divar,68000000,در حد نو,2026-08-31 20:59:26
sony_ps5,divar,150000,کارکرده,2026-08-31 20:59:26
apple_macbook_pro_m1,divar,100000000,در حد نو,2026-08-31 20:59:26
amd_rx_6700xt,divar,57000000,در حد نو,2026-08-31 20:59:26
amd_rx_580,divar,8000000,کارکرده,2026-08-31 20:59:26
sony_ps5,divar,2500000,کارکرده,2026-08-31 20:59:26
apple_macbook_air_m4,divar,195000000,در حد نو,2026-08-31 20:59:26
amd_rx_580,divar,10500000,در حد نو,2026-08-31 20:59:26
sony_ps5,divar,10000,کارکرده,2026-08-31 20:59:26
microsoft_xbox,divar,1000,کارکرده,2026-08-31 20:59:26
sony_ps5,divar,1000,کارکرده,2026-08-31 20:59:26
apple_macbook_pro,divar,44800000,در حد نو,2026-08-31 20:59:26
amd_rx_7900xt,divar,160000000,در حد نو,2026-08-31 20:59:26
sony_ps5,divar,1000,کارکرده,2026-08-31 20:59:26
apple_macbook_pro,divar,17900000,کارکرده,2026-08-31 20:59:26
amd_rx_6900xt,divar,86500000,در حد نو,2026-08-31 20:59:26
sony_ps5,divar,10000,کارکرده,2026-08-31 20:59:26
sony_ps5,divar,100000000,کارکرده,2026-08-31 20:59:26
apple_macbook_pro_m2,divar,185000000,در حد نو,2026-08-31 20:59:26
nvidia_rx_580,divar,785000000,کارکرده,2026-08-31 20:59:26
amd_rx_6900xt,divar,92000000,در حد نو,2026-08-31 20:59:26
sony_ps5,divar,10000,کارکرده,2026-08-31 20:59:26
apple_macbook_pro_m2,divar,185000000,در حد نو,2026-08-31 20:59:26
sony_ps5,divar,98000000,در حد نو,2026-08-31 20:59:26
apple_macbook_pro,divar,26000000,در حد نو,2026-08-31 20:59:26
amd_rx_580,divar,12000000,کارکرده,2026-08-31 20:59:26
sony_ps5,divar,10000,کارکرده,2026-08-31 20:59:26
sony_ps5,divar,750000,کارکرده,2026-08-31 20:59:26
apple_macbook_air_m1,divar,96700000,کارکرده,2026-08-31 20:59:26
amd_rx_6900xt,divar,86500000,در حد نو,2026-08-31 20:59:26
sony_ps5,divar,1000,کارکرده,2026-08-31 20:59:26
sony_ps5,divar,1800000,کارکرده,2026-08-31 20:59:26
sony_ps5,divar,98000000,کارکرده,2026-08-31 20:59:26
sony_ps5,divar,98000000,کارکرده,2026-08-31 20:59:26
amd_rx_5700xt,divar,33500000,کارکرده,2026-08-31 20:59:26
sony_ps5,divar,90000000,کارکرده,2026-08-31 20:59:26
sony_ps5,divar,100000000,کارکرده,2026-08-31 20:59:26
apple_macbook_air,divar,49000000,در حد نو,2026-08-31 20:59:26
sony_ps5,divar,9800000,کارکرده,2026-08-31 20:59:26
sony_ps4,divar,35000000,در حد نو,2026-08-31 20:59:26
microsoft_xbox,divar,300000,کارکرده,2026-08-31 20:59:26
apple_macbook_air,divar,12600000,کارکرده,2026-08-31 20:59:26
amd_rx_6600,divar,84900000,کارکرده,2026-08-31 20:59:26
sony_ps5,divar,50000,کارکرده,2026-08-31 20:59:26
lenovo_lenovo,divar,29000000,کارکرده,2026-08-31 20:59:26
amd_rx_470,divar,6200000,کارکرده,2026-08-31 20:59:26
sony_ps5,divar,2000000,کارکرده,2026-08-31 20:59:26
apple_macbook,divar,2000000000,توافقی,2026-08-31 20:59:26
apple_macbook_pro_m4_pro,divar,374000000,کارکرده,2026-08-31 20:59:26
amd_rx_6600,divar,84900000,کارکرده,2026-08-31 20:59:26
sony_ps5,divar,1500000,کارکرده,2026-08-31 20:59:26
amd_rx_580,divar,54900000,در حد نو,2026-08-31 20:59:26
sony_ps5,divar,10000,در حد نو,2026-08-31 20:59:26
sony_ps5,divar,9900000,کارکرده,2026-08-31 20:59:26
sony_ps5,divar,200000,کارکرده,2026-08-31 20:59:26
apple_macbook,divar,30000000,در حد نو,2026-08-31 20:59:26
amd_rx_470,divar,6200000,کارکرده,2026-08-31 20:59:26
amd_rx_570,divar,8500000,در حد نو,2026-08-31 20:59:26
sony_ps5,divar,1500000,در حد نو,2026-08-31 20:59:26
apple_macbook_pro_m3,divar,350000000,در حد نو,2026-08-31 20:59:26
amd_rx_470,divar,6200000,کارکرده,2026-08-31 20:59:26
amd_rx_6600,divar,35900000,در حد نو,2026-08-31 20:59:26
apple_macbook_pro,divar,60000000,در حد نو,2026-08-31 20:59:26
other_i5_12400f,divar,83900000,در حد نو,2026-08-31 20:59:26
sony_ps4,divar,100000,کارکرده,2026-08-31 20:59:26
sony_ps5,divar,40000000,کارکرده,2026-08-31 20:59:26
amd_rx_5700xt,divar,35500000,در حد نو,2026-08-31 20:59:26
sony_ps5,divar,50000,کارکرده,2026-08-31 20:59:26
sony_ps5,divar,450000,کارکرده,2026-08-31 20:59:26
apple_macbook_pro,divar,35000000,در حد نو,2026-08-31 20:59:26
amd_rx_5700xt,divar,35000000,کارکرده,2026-08-31 20:59:26
sony_ps5,divar,40000000,کارکرده,2026-08-31 20:59:26
apple_macbook_pro,divar,35000000,در حد نو,2026-08-31 20:59:26
apple_macbook_pro,divar,60000000,در حد نو,2026-08-31 20:59:26
other_i5_12400f,divar,83900000,در حد نو,2026-08-31 20:59:26
sony_ps5,divar,70000,کارکرده,2026-08-31 20:59:26
amd_rx_570,divar,9500000,در حد نو,2026-08-31 20:59:26
microsoft_xbox,divar,20000000,کارکرده,2026-08-31 20:59:26
apple_macbook_pro,divar,60000000,در حد نو,2026-08-31 20:59:26
apple_macbook_pro,divar,35000000,در حد نو,2026-08-31 20:59:26
other_i5_12400f,divar,83900000,در حد نو,2026-08-31 20:59:26
sony_ps5,divar,100000,کارکرده,2026-08-31 20:59:26
microsoft_xbox,divar,20000000,کارکرده,2026-08-31 20:59:26
apple_macbook_pro,divar,60000000,در حد نو,2026-08-31 20:59:26
amd_rx_5700xt,divar,35000000,کارکرده,2026-08-31 20:59:26
sony_ps5,divar,100000,کارکرده,2026-08-31 20:59:26
other_10,esam,260000,دست دوم,2026-08-31 20:59:27
other_17,esam,149000,دست دوم,2026-08-31 20:59:27
lenovo_tab_x304x_10,esam,8000000,نو,2026-08-31 20:59:27
other_10,esam,250000,دست دوم,2026-08-31 20:59:27
other_256gb_i5_256ssd_0543,esam,28950000,دست دوم,2026-08-31 20:59:27
other_2023_150,torob,1345890,نو,2026-08-31 20:59:28
other_64gb_trident_z5_rgb,torob,204000000,نو,2026-08-31 20:59:28
asus_tuf_gaming_1tb,torob,186900000,نو,2026-08-31 20:59:28
other_128gb_128,torob,78000000,نو,2026-08-31 20:59:28
apple_iphone_7,torob,580000,نو,2026-08-31 20:59:28
other_cyborg_15_b2rwekg,torob,282969000,نو,2026-08-31 20:59:28
xiaomi_xiaomi,torob,10036800,نو,2026-08-31 20:59:28
samsung_1tb_t5,torob,23299000,نو,2026-08-31 20:59:28
hp_victus_16_1tb,torob,259900000,نو,2026-08-31 20:59:28
samsung_galaxy_a15,torob,1000000,نو,2026-08-31 20:59:28
asus_rog_zephyrus_1tb,torob,415000000,نو,2026-08-31 20:59:28
apple_iphone_16_pro_max_512gb,torob,294980000,نو,2026-08-31 20:59:28
samsung_galaxy,torob,3545000,نو,2026-08-31 20:59:28
intel_core_i5_14400,torob,33500000,نو,2026-08-31 20:59:28
samsung_galaxy_s24_ultra,torob,1350000,نو,2026-08-31 20:59:28
other_soundcore_liberty_pro,torob,35000000,نو,2026-08-31 20:59:28
other_1tb_970pro_2280_nvme,torob,45000000,نو,2026-08-31 20:59:28
nvidia_rtx_4060ti,torob,106000000,نو,2026-08-31 20:59:28
lenovo_ideapad__256gb,torob,51690000,نو,2026-08-31 20:59:28
apple_macbook_pro_m4_14inch_512gb,torob,384989000,نو,2026-08-31 20:59:28
other_256gb_gt_30_pro,torob,69995000,نو,2026-08-31 20:59:28
other_hk9_mini_plus,digikala,5520000,نو,2026-08-31 21:32:04
nvidia_rtx_3070ti,digikala,180000000,نو,2026-08-31 21:32:04
other_su650,digikala,19495000,نو,2026-08-31 21:32:04
other_matrix,digikala,155231040,نو,2026-08-31 21:32:04
other_512gb_sata_iii_as350x,digikala,14550000,نو,2026-08-31 21:32:04
samsung_galaxy_z_fold,digikala,7980000,نو,2026-08-31 21:32:04
other_sd600q_480,digikala,15290000,نو,2026-08-31 21:32:04
apple_49_ultra_natural,digikala,153470000,نو,2026-08-31 21:32:04
other_128gb_n16_128,digikala,24999000,نو,2026-08-31 21:32:04
lenovo_ideapad__custom_512gb,digikala,189000000,نو,2026-08-31 21:32:04
asus_tuf_gaming_custom_ram64gb_64gb,digikala,465000000,نو,2026-08-31 21:32:04
hp_victus_15_32gb,digikala,219000000,نو,2026-08-31 21:32:04
nintendo_64gb_switch_oled_white,digikala,80000000,نو,2026-08-31 21:32:04
lenovo_512gb_15_v15_g4,digikala,85200000,نو,2026-08-31 21:32:04
other_128gb_ddr3_1600_cl11,digikala,1600000,نو,2026-08-31 21:32:04
nvidia_gtx_1660ti,digikala,32000000,نو,2026-08-31 21:32:04
other_128gb_ddr3_1600_cl11,digikala,1950000,نو,2026-08-31 21:32:04
other_32gb_6303_32_32,digikala,2768000,نو,2026-08-31 21:32:04
samsung_galaxy_s11_ultra,digikala,6490000,نو,2026-08-31 21:32:04
other_512gb_sata_iii_wave,digikala,10700000,نو,2026-08-31 21:32:04
other_1tb_cras_c710_2280,digikala,23727680,نو,2026-08-31 21:32:04
other_2tb_sn850_nvme,digikala,84355000,نو,2026-08-31 21:32:04
other_06_sw19,digikala,8100000,نو,2026-08-31 21:32:04
other_santos_with_anc,digikala,7458000,نو,2026-08-31 21:32:04
other_open_dots_air,digikala,34000000,نو,2026-08-31 21:32:04
lenovo_2tb_15_v15_g4,digikala,165000000,نو,2026-08-31 21:32:04
asus_vivobook_15_custom,digikala,188000000,نو,2026-08-31 21:32:04
asus_vivobook_15_custom_1tb,digikala,174000000,نو,2026-08-31 21:32:04
other_ddr3_1333_cl9,digikala,1600000,نو,2026-08-31 21:32:04
asus_vivobook_15_32gb,digikala,108890000,نو,2026-08-31 21:32:04
lenovo_ideapad__256gb,digikala,83000000,نو,2026-08-31 21:32:04
asus_tuf_gaming_custom_ram48gb_512gb,digikala,318000000,نو,2026-08-31 21:32:04
asus_rog_strix_custom_ram64gb_4tb,digikala,692000000,نو,2026-08-31 21:32:04
xiaomi_xiaomi,digikala,3800000,نو,2026-08-31 21:32:04
other_48_rs4_max,digikala,5590000,نو,2026-08-31 21:32:04
other_c15,digikala,8500000,نو,2026-08-31 21:32:04
lenovo_rtx_5060_32gb,digikala,364800000,نو,2026-08-31 21:32:04
other_apy_smart_watch,digikala,8652000,نو,2026-08-31 21:32:04
other_urban_sports_pswbtkw290og,digikala,8600000,نو,2026-08-31 21:32:04
asus_2tb_15_expertbook_b1,digikala,248400000,نو,2026-08-31 21:32:04
asus_rog_strix_custom_ram64gb_2tb,digikala,609000000,نو,2026-08-31 21:32:04
other_plus_moj_neckband,digikala,8520000,نو,2026-08-31 21:32:04
intel_core_i5_10400,digikala,23459000,نو,2026-08-31 21:32:04
other_legend_850_lite,digikala,21000000,نو,2026-08-31 21:32:04
amd_rx_580,digikala,121482770,نو,2026-08-31 21:32:04
samsung_galaxy_128gb,digikala,120000000,نو,2026-08-31 21:32:04
other_optimum_pd_185,digikala,5098000,نو,2026-08-31 21:32:04
lenovo_ideapad__custom_1tb,digikala,173000000,نو,2026-08-31 21:32:04
nvidia_rtx_3050_64gb,digikala,308000000,نو,2026-08-31 21:32:04
samsung_galaxy_a11,digikala,3900000,نو,2026-08-31 21:32:04
other_128gb_sk_nvme_2242,digikala,14000000,نو,2026-08-31 21:32:04
other_hk10_ultra3_max,digikala,3450000,نو,2026-08-31 21:32:04
other_01_tsw_10,digikala,5632000,نو,2026-08-31 21:32:04
other_k11_pro,digikala,9600000,نو,2026-08-31 21:32:04
other_bin_quick_sevilla,digikala,6852000,نو,2026-08-31 21:32:04
other_combined_gofree2_enhanced,digikala,9325000,نو,2026-08-31 21:32:04
other_256gb_e100_256,digikala,6500000,نو,2026-08-31 21:32:04
other_38_x50_mini,digikala,2600000,نو,2026-08-31 21:32:04
other_zhr_e17_efficient,digikala,6569000,نو,2026-08-31 21:32:04
sony_ps5,divar,700000,کارکرده,2026-08-31 21:32:08
other_s23_ultra,divar,118500000,در حد نو,2026-08-31 21:32:08
samsung_galaxy_a31,divar,13000000,کارکرده,2026-08-31 21:32:08
amd_ryzen_3600,divar,18500000,کارکرده,2026-08-31 21:32:08
apple_macbook_air_2018,divar,59700000,در حد نو,2026-08-31 21:32:08
samsung_galaxy_a10,divar,9500000,کارکرده,2026-08-31 21:32:08
apple_iphone_13_pro,divar,125000000,نو (پلمپ/آکبند),2026-08-31 21:32:08
apple_macbook_m1_14inch,divar,165000000,در حد نو,2026-08-31 21:32:08
other_makbook_pro_m1,divar,169000000,کارکرده,2026-08-31 21:32:08
apple_iphone_16_pro_max,divar,25000000,کارکرده,2026-08-31 21:32:08
other_256gb_a53_5g_256,divar,30000000,در حد نو,2026-08-31 21:32:08
amd_rx_470,divar,6200000,کارکرده,2026-08-31 21:32:08
sony_ps5,divar,999000000,کارکرده,2026-08-31 21:32:08
apple_macbook_pro_2021,divar,210000000,در حد نو,2026-08-31 21:32:08
amd_rx_5700xt,divar,128000000,در حد نو,2026-08-31 21:32:08
sony_ps5,divar,900000,کارکرده,2026-08-31 21:32:08
sony_ps4,divar,40000000,کارکرده,2026-08-31 21:32:08
amd_rx_580,divar,10500000,در حد نو,2026-08-31 21:32:08
amd_rx_6900xt_16gb,divar,97000000,در حد نو,2026-08-31 21:32:08
sony_ps4,divar,68000000,در حد نو,2026-08-31 21:32:08
apple_macbook,divar,1000000000,توافقی,2026-08-31 21:32:08
amd_rx_6700xt,divar,59000000,در حد نو,2026-08-31 21:32:08
sony_ps5,divar,100000,کارکرده,2026-08-31 21:32:08
apple_ipad,divar,7000000,در حد نو,2026-08-31 21:32:08
apple_macbook_air_m1,divar,99000000,در حد نو,2026-08-31 21:32:08
apple_macbook_pro,divar,35000000,در حد نو,2026-08-31 21:32:08
nvidia_rx_580,divar,785000000,کارکرده,2026-08-31 21:32:08
sony_ps5,divar,100000,کارکرده,2026-08-31 21:32:08
nvidia_rx_580,divar,785000000,کارکرده,2026-08-31 21:32:08
sony_ps4,divar,40000000,کارکرده,2026-08-31 21:32:08
amd_rx_6700xt,divar,59000000,در حد نو,2026-08-31 21:32:08
nvidia_rx_580,divar,785000000,کارکرده,2026-08-31 21:32:08
sony_ps5,divar,900000,کارکرده,2026-08-31 21:32:08
sony_ps5,divar,90000000,کارکرده,2026-08-31 21:32:08
amd_rx_5700xt,divar,165000000,در حد نو,2026-08-31 21:32:08
sony_ps5,divar,999000000,کارکرده,2026-08-31 21:32:08
apple_macbook_pro_m3_pro_14inch_512gb,divar,325000000,کارکرده,2026-08-31 21:32:08
amd_rx_6700xt,divar,57000000,در حد نو,2026-08-31 21:32:08
amd_rx_6900xt,divar,92000000,در حد نو,2026-08-31 21:32:08
microsoft_xbox,divar,1000,کارکرده,2026-08-31 21:32:08
apple_macbook_pro_m1_pro_14inch,divar,158000000,در حد نو,2026-08-31 21:32:08
amd_rx_6900xt,divar,92000000,در حد نو,2026-08-31 21:32:08
sony_ps5,divar,888888888,کارکرده,2026-08-31 21:32:08
sony_ps5,divar,888888888,کارکرده,2026-08-31 21:32:08
apple_macbook_pro_m3,divar,89000000,در حد نو,2026-08-31 21:32:08
amd_rx_6800,divar,75000000,در حد نو,2026-08-31 21:32:08
sony_ps5,divar,1000,کارکرده,2026-08-31 21:32:08
sony_ps5,divar,1000,کارکرده,2026-08-31 21:32:08
apple_macbook_pro_m1_pro,divar,216000000,در حد نو,2026-08-31 21:32:08
sony_ps5,divar,150000,کارکرده,2026-08-31 21:32:08
sony_ps5_slim,divar,10000,کارکرده,2026-08-31 21:32:08
sony_ps5,divar,10000,کارکرده,2026-08-31 21:32:08
sony_ps5,divar,100000000,کارکرده,2026-08-31 21:32:08
apple_macbook_pro_m1,divar,100000000,در حد نو,2026-08-31 21:32:08
sony_ps5,divar,150000,کارکرده,2026-08-31 21:32:08
microsoft_xbox,divar,20000000,کارکرده,2026-08-31 21:32:08
apple_macbook_pro,divar,17900000,کارکرده,2026-08-31 21:32:08
amd_rx_6900xt,divar,92000000,در حد نو,2026-08-31 21:32:08
microsoft_xbox,divar,20000000,کارکرده,2026-08-31 21:32:08
sony_ps5_slim,divar,10000,کارکرده,2026-08-31 21:32:08
apple_macbook_air_2018,divar,57000000,در حد نو,2026-08-31 21:32:08
amd_rx_590,divar,16500000,در حد نو,2026-08-31 21:32:08
sony_ps5,divar,10000,کارکرده,2026-08-31 21:32:08
apple_macbook,divar,5000000,کارکرده,2026-08-31 21:32:08
amd_rx_580,divar,15000000,کارکرده,2026-08-31 21:32:08
sony_ps5,divar,80000000,کارکرده,2026-08-31 21:32:08
apple_macbook_air_m4,divar,195000000,در حد نو,2026-08-31 21:32:08
apple_macbook_pro_m1_pro,divar,216000000,در حد نو,2026-08-31 21:32:08
amd_rx_5700xt,divar,165000000,در حد نو,2026-08-31 21:32:08
sony_ps5,divar,1000,کارکرده,2026-08-31 21:32:08
apple_macbook_air_2018,divar,57000000,در حد نو,2026-08-31 21:32:08
apple_macbook_air_m1,divar,96700000,کارکرده,2026-08-31 21:32:08
amd_rx_6900xt,divar,86500000,در حد نو,2026-08-31 21:32:08
sony_ps5,divar,150000,کارکرده,2026-08-31 21:32:08
sony_ps5,divar,750000,کارکرده,2026-08-31 21:32:08
sony_ps5,divar,150000,کارکرده,2026-08-31 21:32:08
apple_macbook_pro_m3,divar,230000000,کارکرده,2026-08-31 21:32:08
apple_macbook_2019,divar,75000000,در حد نو,2026-08-31 21:32:08
sony_ps5,divar,100000,کارکرده,2026-08-31 21:32:08
apple_macbook,divar,1000000000,توافقی,2026-08-31 21:32:08
sony_ps5,divar,20000,کارکرده,2026-08-31 21:32:08
sony_ps5,divar,20000,کارکرده,2026-08-31 21:32:08
other_i5_12400f,divar,83900000,در حد نو,2026-08-31 21:32:08
sony_ps5,divar,40000000,کارکرده,2026-08-31 21:32:08
apple_macbook,divar,450000000,در حد نو,2026-08-31 21:32:08
sony_ps5,divar,1500000,کارکرده,2026-08-31 21:32:08
sony_ps5,divar,15000000,کارکرده,2026-08-31 21:32:08
apple_macbook_air,divar,12600000,کارکرده,2026-08-31 21:32:08
samsung_level_u2_eo,divar,10800000,کارکرده,2026-08-31 21:32:08
amd_rx_580,divar,79000000,در حد نو,2026-08-31 21:32:08
sony_ps5,divar,98000000,کارکرده,2026-08-31 21:32:08
apple_macbook_air_m4,divar,195000000,در حد نو,2026-08-31 21:32:08
apple_macbook_pro_m1_pro,divar,135500000,در حد نو,2026-08-31 21:32:08
amd_rx_470,divar,8000000,کارکرده,2026-08-31 21:32:08
sony_ps5_slim,divar,42000000,کارکرده,2026-08-31 21:32:08
sony_ps5,divar,50000000,کارکرده,2026-08-31 21:32:08
sony_ps5,divar,100000000,کارکرده,2026-08-31 21:32:08
sony_ps5,divar,10000,کارکرده,2026-08-31 21:32:08
sony_ps5,divar,900000,کارکرده,2026-08-31 21:32:08
apple_macbook,divar,30000000,در حد نو,2026-08-31 21:32:08
sony_ps5,divar,40000000,کارکرده,2026-08-31 21:32:08
apple_macbook_pro_m1,divar,115000000,کارکرده,2026-08-31 21:32:08
amd_rx_590,divar,16500000,در حد نو,2026-08-31 21:32:08
sony_ps5,divar,100000000,کارکرده,2026-08-31 21:32:08
sony_ps5,divar,100000,کارکرده,2026-08-31 21:32:08
amd_rx_580,divar,13000000,در حد نو,2026-08-31 21:32:08
sony_ps5,divar,1000000,کارکرده,2026-08-31 21:32:08
sony_ps4,divar,40000000,کارکرده,2026-08-31 21:32:08
apple_macbook,divar,28000000,کارکرده,2026-08-31 21:32:08
amd_rx_570,divar,9500000,در حد نو,2026-08-31 21:32:08
amd_rx_570,divar,9500000,در حد نو,2026-08-31 21:32:08
sony_ps5,divar,100000,کارکرده,2026-08-31 21:32:08
other_200,divar,24800000,در حد نو,2026-08-31 21:32:08
apple_iphone,divar,14000000,کارکرده,2026-08-31 21:32:08
amd_rx_5700xt,divar,165000000,در حد نو,2026-08-31 21:32:08
sony_ps5,divar,100000000,کارکرده,2026-08-31 21:32:08
amd_rx_5700xt,divar,165000000,در حد نو,2026-08-31 21:32:08
microsoft_xbox_one_s,divar,1000,کارکرده,2026-08-31 21:32:08
other_200,divar,15000000,در حد نو,2026-08-31 21:32:08
apple_macbook_air_m4,divar,215000000,کارکرده,2026-08-31 21:32:08
amd_rx_580,divar,10500000,در حد نو,2026-08-31 21:32:08
sony_ps5,divar,100000000,کارکرده,2026-08-31 21:32:08
apple_macbook_pro_m1,divar,115000000,کارکرده,2026-08-31 21:32:08
apple_macbook_pro_m1,divar,115000000,کارکرده,2026-08-31 21:32:08
amd_rx_5700xt,divar,165000000,در حد نو,2026-08-31 21:32:08
sony_ps5,divar,100000,کارکرده,2026-08-31 21:32:08
hp_hp,esam,45000000,دست دوم,2026-08-31 21:32:09
other_10,esam,10,دست دوم,2026-08-31 21:32:09
samsung_s7_edge,esam,32000,دست دوم,2026-08-31 21:32:09
other_6303,esam,9900000,دست دوم,2026-08-31 21:32:09
other_500_expansion,esam,4300000,دست دوم,2026-08-31 21:32:09
sony_w850,esam,1300000,دست دوم,2026-08-31 21:32:09
sony_ps5_slim,torob,98000000,نو,2026-08-31 21:32:13
other_hisense_g5_27,torob,89155000,نو,2026-08-31 21:32:13
samsung_galaxy,torob,13559000,نو,2026-08-31 21:32:13
asus_rog,torob,2436400000,نو,2026-08-31 21:32:13
other_1tb_extreme_2280_nvme,torob,22000000,نو,2026-08-31 21:32:13
apple_256gb_ipad_11_256,torob,104900000,نو,2026-08-31 21:32:13
nvidia_rtx_5070,torob,240900000,نو,2026-08-31 21:32:13
xiaomi_xiaomi_128gb,torob,48500000,نو,2026-08-31 21:32:13
asus_512gb,torob,69000000,نو,2026-08-31 21:32:13
samsung_galaxy_a12,torob,840000,نو,2026-08-31 21:32:13
other_soundcore_liberty_pro,torob,17490000,نو,2026-08-31 21:32:13
asus_proart_b760_creator,torob,32990000,نو,2026-08-31 21:32:13
samsung_galaxy_s10_128gb,torob,59500000,نو,2026-08-31 21:32:13
xiaomi_xiaomi,torob,533600,نو,2026-08-31 21:32:13
sony_ps5,torob,7240000,نو,2026-08-31 21:32:13
other_1tb_sn850x_heatsink_2280,torob,42500000,نو,2026-08-31 21:32:13
amd_rx_9060xt,torob,129990000,نو,2026-08-31 21:32:13
hp_victus_15_1tb,torob,250800000,نو,2026-08-31 21:32:13
asus_rog_zephyrus_1tb,torob,627000000,نو,2026-08-31 21:32:13
samsung_galaxy_z_fold_512gb,torob,289000000,نو,2026-08-31 21:32:13
other_49_zt_007,digikala,2790000,نو,2026-08-31 21:32:13
other_x9_ultra_mini,digikala,3628110,نو,2026-08-31 21:32:13
other_ef_portable_10,digikala,8146320,نو,2026-08-31 21:32:13
asus_vivobook_15_custom_1tb,digikala,158000000,نو,2026-08-31 21:32:13
other_256gb_sata_iii_h2,digikala,8900000,نو,2026-08-31 21:32:13
other_47_cmf_watch,digikala,15000000,نو,2026-08-31 21:32:13
intel_core_i3_10100,digikala,24850000,نو,2026-08-31 21:32:13
lenovo_ideapad__custom_1tb,digikala,147600000,نو,2026-08-31 21:32:13
asus_tuf_gaming_custom_ram48gb_512gb,digikala,374000000,نو,2026-08-31 21:32:13
lenovo_ideapad__512gb,digikala,169000000,نو,2026-08-31 21:32:13
other_32gb_ddr4_3200_cl22,digikala,11900000,نو,2026-08-31 21:32:13
other_1tb_15_aspire_lite,digikala,124999000,نو,2026-08-31 21:32:13
samsung_galaxy_a07_64gb,digikala,46454300,نو,2026-08-31 21:32:13
samsung_galaxy_a16_128gb,digikala,53500000,نو,2026-08-31 21:32:13
lenovo_1tb_pcie_gen3_x4,digikala,25000000,نو,2026-08-31 21:32:13
other_rz_b310wde,digikala,34000000,نو,2026-08-31 21:32:13
other_256gb_256_ultra_luxe,digikala,8990000,نو,2026-08-31 21:32:13
other_1tb_sata_iii_y20,digikala,20910000,نو,2026-08-31 21:32:13
other_5tb_armor_a85,digikala,56350000,نو,2026-08-31 21:32:13
other_45_solar_lite,digikala,6580000,نو,2026-08-31 21:32:13
other_47_forerunner_570,digikala,133000000,نو,2026-08-31 21:32:13
razer_blackshark_v2,digikala,20500000,نو,2026-08-31 21:32:13
lenovo_ideapad__512gb,digikala,105900000,نو,2026-08-31 21:32:13
asus_vivobook_15_custom_32gb,digikala,143999000,نو,2026-08-31 21:32:13
other_512gb_15_aspire_lite,digikala,122990000,نو,2026-08-31 21:32:13
asus_dual_oc_5060,digikala,121844000,نو,2026-08-31 21:32:13
asus_rog_strix_custom_512gb,digikala,385000000,نو,2026-08-31 21:32:13
asus_tuf_gaming_custom_1tb,digikala,235000000,نو,2026-08-31 21:32:13
lenovo_legion_5_custom_512gb,digikala,308000000,نو,2026-08-31 21:32:13
other_64gb_f35_64,digikala,18953000,نو,2026-08-31 21:32:13
other_sg_optimizer_shark,digikala,7985000,نو,2026-08-31 21:32:13
xiaomi_xiaomi_256gb,digikala,53300000,نو,2026-08-31 21:32:13
other_ddr5_16_ct16g56c46u5,digikala,47840000,نو,2026-08-31 21:32:13
other_emd_gofree2_plus,digikala,8952000,نو,2026-08-31 21:32:13
samsung_galaxy,digikala,5800000,نو,2026-08-31 21:32:13
samsung_galaxy,digikala,3900000,نو,2026-08-31 21:32:13
asus_vivobook_15_512gb,digikala,135300000,نو,2026-08-31 21:32:13
other_alb_river_plus,digikala,7652000,نو,2026-08-31 21:32:13
razer_kraken_v3_pro,digikala,38090000,نو,2026-08-31 21:32:13
asus_vivobook_14_custom_ram40gb_1tb,digikala,144990000,نو,2026-08-31 21:32:13
nvidia_rtx_3050_40gb,digikala,277000000,نو,2026-08-31 21:32:13
other_128gb_ddr3l_12800_cl11,digikala,3250000,نو,2026-08-31 21:32:13
other_tygr_300,digikala,41500000,نو,2026-08-31 21:32:13
other_coolmoon_12,digikala,840000,نو,2026-08-31 21:32:13
samsung_galaxy_s23_fe_256gb,digikala,129999000,نو,2026-08-31 21:32:13
nvidia_rtx_3050_20gb,digikala,178999000,نو,2026-08-31 21:32:13
samsung_galaxy,digikala,10460000,نو,2026-08-31 21:32:13
other_512gb_ultra_flair_cz73,digikala,12200000,نو,2026-08-31 21:32:13
other_20tb_one_touch_desktop,digikala,185000000,نو,2026-08-31 21:32:13
other_fit_track_block,digikala,5270000,نو,2026-08-31 21:32:13
other_gl_ultra_series,digikala,8370000,نو,2026-08-31 21:32:13
other_sense_pro_iem,digikala,6800000,نو,2026-08-31 21:32:13
other_tws,digikala,8500000,نو,2026-08-31 21:32:13
other_128gb_zenith_z3_128,digikala,6200000,نو,2026-08-31 21:32:13
other_44_ultra_max,digikala,2399000,نو,2026-08-31 21:32:13
other_atn_best_t75,digikala,6531400,نو,2026-08-31 21:32:13
samsung_galaxy,digikala,3216700,نو,2026-08-31 21:32:13
apple_macbook_pro,divar,63500000,در حد نو,2026-08-31 21:32:17
other_s25fe,divar,157000000,در حد نو,2026-08-31 21:32:17
apple_macbook_air_m1,divar,104000000,در حد نو,2026-08-31 21:32:17
other_item_b3227743,divar,5000000,در حد نو,2026-08-31 21:32:17
other_item_b0c9f7fc,divar,62000000,در حد نو,2026-08-31 21:32:17
samsung_galaxy_a16,divar,36000000,کارکرده,2026-08-31 21:32:17
apple_iphone_xs_max,divar,42000000,کارکرده,2026-08-31 21:32:17
samsung_galaxy_a05,divar,19000000,کارکرده,2026-08-31 21:32:17
apple_iphone_17,divar,290000000,کارکرده,2026-08-31 21:32:17
amd_rx_590,divar,16500000,در حد نو,2026-08-31 21:32:17
sony_ps5,divar,500000,کارکرده,2026-08-31 21:32:17
apple_macbook_pro_m4_pro,divar,430000000,کارکرده,2026-08-31 21:32:17
amd_rx_5700xt,divar,41000000,کارکرده,2026-08-31 21:32:17
amd_rx_580,divar,10500000,در حد نو,2026-08-31 21:32:17
sony_ps5,divar,100000000,کارکرده,2026-08-31 21:32:17
amd_rx_6700xt,divar,59000000,در حد نو,2026-08-31 21:32:17
sony_ps5,divar,2000000,کارکرده,2026-08-31 21:32:17
apple_macbook_pro_m1_pro,divar,200000000,کارکرده,2026-08-31 21:32:17
amd_rx_580,divar,10000000,کارکرده,2026-08-31 21:32:17
sony_ps5,divar,2000000,کارکرده,2026-08-31 21:32:17
apple_macbook_pro,divar,12000000,کارکرده,2026-08-31 21:32:17
apple_macbook_pro,divar,35000000,در حد نو,2026-08-31 21:32:17
amd_rx_580,divar,10000000,در حد نو,2026-08-31 21:32:17
sony_ps4,divar,68000000,در حد نو,2026-08-31 21:32:17
sony_ps5,divar,1200000,کارکرده,2026-08-31 21:32:17
sony_ps5,divar,100000,کارکرده,2026-08-31 21:32:17
sony_ps5,divar,900000,کارکرده,2026-08-31 21:32:17
samsung_level_u2_eo,divar,10800000,کارکرده,2026-08-31 21:32:17
amd_rx_580,divar,9950000,در حد نو,2026-08-31 21:32:17
sony_ps5,divar,100000000,کارکرده,2026-08-31 21:32:17
sony_ps5,divar,95000000,کارکرده,2026-08-31 21:32:17
asus_rog_strix,divar,41500000,در حد نو,2026-08-31 21:32:17
sony_ps5,divar,450000,کارکرده,2026-08-31 21:32:17
sony_ps5,divar,2000000,کارکرده,2026-08-31 21:32:17
amd_rx_7900xt,divar,160000000,در حد نو,2026-08-31 21:32:17
microsoft_xbox,divar,1000,کارکرده,2026-08-31 21:32:17
apple_macbook_air_m1,divar,100000000,در حد نو,2026-08-31 21:32:17
amd_rx_580,divar,11700000,در حد نو,2026-08-31 21:32:17
sony_ps4,divar,68000000,در حد نو,2026-08-31 21:32:17
sony_ps5,divar,80000000,کارکرده,2026-08-31 21:32:17
sony_ps5,divar,10000,کارکرده,2026-08-31 21:32:17
amd_rx_6800,divar,75000000,در حد نو,2026-08-31 21:32:17
sony_ps5,divar,80000000,کارکرده,2026-08-31 21:32:17
apple_macbook_pro,divar,177000000,در حد نو,2026-08-31 21:32:17
amd_rx_580,divar,10500000,در حد نو,2026-08-31 21:32:17
sony_ps5,divar,10000,کارکرده,2026-08-31 21:32:17
sony_ps5,divar,1000,کارکرده,2026-08-31 21:32:17
sony_ps5,divar,100000000,کارکرده,2026-08-31 21:32:17
apple_macbook_air_m4,divar,195000000,در حد نو,2026-08-31 21:32:17
amd_rx_6700xt,divar,61000000,در حد نو,2026-08-31 21:32:17
sony_ps5,divar,10000,کارکرده,2026-08-31 21:32:17
sony_ps5,divar,98000000,در حد نو,2026-08-31 21:32:17
apple_macbook_pro_m2,divar,180000000,در حد نو,2026-08-31 21:32:17
amd_rx_580,divar,10500000,در حد نو,2026-08-31 21:32:17
amd_rx_580,divar,8000000,کارکرده,2026-08-31 21:32:17
sony_ps5,divar,150000,کارکرده,2026-08-31 21:32:17
apple_macbook_air_m4,divar,3900000,کارکرده,2026-08-31 21:32:17
amd_rx_5700xt,divar,33500000,کارکرده,2026-08-31 21:32:17
sony_ps5,divar,100000,کارکرده,2026-08-31 21:32:17
amd_rx_580,divar,8000000,کارکرده,2026-08-31 21:32:17
sony_ps5,divar,1000,کارکرده,2026-08-31 21:32:17
apple_macbook_pro_m2,divar,165000000,در حد نو,2026-08-31 21:32:17
amd_rx_5700xt,divar,165000000,در حد نو,2026-08-31 21:32:17
sony_ps5,divar,1800000,کارکرده,2026-08-31 21:32:17
sony_ps5,divar,150000,کارکرده,2026-08-31 21:32:17
apple_macbook_pro_m3,divar,89000000,در حد نو,2026-08-31 21:32:17
amd_rx_580,divar,15000000,کارکرده,2026-08-31 21:32:17
sony_ps5,divar,1500000,در حد نو,2026-08-31 21:32:17
sony_ps4,divar,68000000,در حد نو,2026-08-31 21:32:17
sony_ps5,divar,1500000,در حد نو,2026-08-31 21:32:17
sony_ps5,divar,2000000,کارکرده,2026-08-31 21:32:17
nvidia_rx_580,divar,785000000,کارکرده,2026-08-31 21:32:17
sony_ps5,divar,10000,در حد نو,2026-08-31 21:32:17
amd_rx_580,divar,79000000,در حد نو,2026-08-31 21:32:17
amd_rx_580,divar,11500000,در حد نو,2026-08-31 21:32:17
sony_ps5,divar,90000000,کارکرده,2026-08-31 21:32:17
amd_rx_580,divar,10500000,در حد نو,2026-08-31 21:32:17
sony_ps5,divar,2000000,کارکرده,2026-08-31 21:32:17
sony_ps5,divar,90000000,کارکرده,2026-08-31 21:32:17
apple_macbook_pro_2019,divar,99800000,کارکرده,2026-08-31 21:32:17
apple_macbook_pro_2019,divar,99800000,کارکرده,2026-08-31 21:32:17
sony_ps5,divar,9900000,کارکرده,2026-08-31 21:32:17
apple_macbook_air_m1_256gb,divar,96000000,در حد نو,2026-08-31 21:32:17
apple_macbook,divar,1000000000,توافقی,2026-08-31 21:32:17
amd_rx_6700xt,divar,57000000,در حد نو,2026-08-31 21:32:17
sony_ps5,divar,98000000,کارکرده,2026-08-31 21:32:17
apple_macbook_pro_m4_pro,divar,374000000,کارکرده,2026-08-31 21:32:17
sony_ps5,divar,90000000,کارکرده,2026-08-31 21:32:17
sony_ps5,divar,100000000,کارکرده,2026-08-31 21:32:17
sony_ps5,divar,90000000,کارکرده,2026-08-31 21:32:17
amd_rx_6800,divar,109000000,کارکرده,2026-08-31 21:32:17
sony_ps5,divar,150000,کارکرده,2026-08-31 21:32:17
amd_rx_570,divar,8500000,در حد نو,2026-08-31 21:32:17
amd_rx_580,divar,54900000,در حد نو,2026-08-31 21:32:17
sony_ps5,divar,900000,کارکرده,2026-08-31 21:32:17
apple_macbook_air_2012,divar,6000000,کارکرده,2026-08-31 21:32:17
sony_ps5,divar,85000000,کارکرده,2026-08-31 21:32:17
sony_ps5,divar,40000000,کارکرده,2026-08-31 21:32:17
apple_macbook_pro_m1,divar,115000000,کارکرده,2026-08-31 21:32:17
amd_rx_590,divar,16500000,در حد نو,2026-08-31 21:32:17
amd_rx_5700xt,divar,35000000,کارکرده,2026-08-31 21:32:17
sony_ps5,divar,750000,کارکرده,2026-08-31 21:32:17
apple_apple_ipad_3rd,divar,32000000,کارکرده,2026-08-31 21:32:17
apple_macbook_pro_intel,divar,18000000,کارکرده,2026-08-31 21:32:17
amd_rx_6600,divar,35900000,در حد نو,2026-08-31 21:32:17
sony_ps5,divar,700000,کارکرده,2026-08-31 21:32:17
apple_macbook_pro_m4_pro,divar,380000000,کارکرده,2026-08-31 21:32:17
apple_macbook_pro_intel,divar,18000000,کارکرده,2026-08-31 21:32:17
amd_rx_580,divar,10500000,در حد نو,2026-08-31 21:32:17
sony_ps4,divar,68000000,در حد نو,2026-08-31 21:32:17
amd_rx_6600,divar,35900000,در حد نو,2026-08-31 21:32:17
sony_ps5,divar,300000,کارکرده,2026-08-31 21:32:17
apple_macbook,divar,28000000,کارکرده,2026-08-31 21:32:17
apple_macbook_pro,divar,700000000,کارکرده,2026-08-31 21:32:17
amd_rx_470,divar,6200000,کارکرده,2026-08-31 21:32:17
sony_ps5,divar,40000000,کارکرده,2026-08-31 21:32:17
sony_ps5,divar,111111111,کارکرده,2026-08-31 21:32:17
other_200,divar,24800000,در حد نو,2026-08-31 21:32:17
nvidia_rx_580,divar,785000000,کارکرده,2026-08-31 21:32:17
microsoft_xbox_one_s,divar,1000,کارکرده,2026-08-31 21:32:17
other_100,esam,10,دست دوم,2026-08-31 21:32:20
other_11,esam,780000,دست دوم,2026-08-31 21:32:20
other_11,esam,780000,دست دوم,2026-08-31 21:32:20
apple_iphone_12_pro,esam,6555555,دست دوم,2026-08-31 21:32:20
other_12,esam,399000,نو (پلمپ/آکبند),2026-08-31 21:32:20
other_200,esam,20,دست دوم,2026-08-31 21:32:20
other_17,esam,275000,دست دوم,2026-08-31 21:32:20
samsung_gt_b3410,esam,1999999,نو,2026-08-31 21:32:20
other_tune_780nc,torob,11200000,نو,2026-08-31 21:32:21
other_512gb_razr_60_512,torob,237000000,نو,2026-08-31 21:32:21
samsung_galaxy,torob,1450000,نو,2026-08-31 21:32:21
xiaomi_xiaomi,torob,11000000,نو,2026-08-31 21:32:21
samsung_galaxy_a06_128gb,torob,32970000,نو,2026-08-31 21:32:21
sony_inzone_h5,torob,26700000,نو,2026-08-31 21:32:21
sony_ps5_slim,torob,168480000,نو,2026-08-31 21:32:21
microsoft_256gb_surface_pro_256,torob,131750000,نو,2026-08-31 21:32:21
nintendo_nintendo_switch_oled,torob,915000,نو,2026-08-31 21:32:21
nvidia_rtx_4070,torob,160000000,نو,2026-08-31 21:32:21
other_f14_pro,torob,3990000,نو,2026-08-31 21:32:21
intel_core_i5_14400,torob,33900000,نو,2026-08-31 21:32:21
samsung_galaxy_z_fold_512gb,torob,358980000,نو,2026-08-31 21:32:21
other_32gb_vengeance_6200_ddr5,torob,130000000,نو,2026-08-31 21:32:21
microsoft_pro_10_11,torob,46000000,نو,2026-08-31 21:32:21
apple_se_40,torob,55000000,نو,2026-08-31 21:32:21
other_256gb_256,torob,67899000,نو,2026-08-31 21:32:21
other_ct16_5600_ddr5,torob,38000000,نو,2026-08-31 21:32:21
intel_core_i5_14600k,torob,47580000,نو,2026-08-31 21:32:21
nvidia_rtx_5050_16gb,torob,189949000,نو,2026-08-31 21:32:21
asus_rtx_5060_32gb,torob,322000000,نو,2026-08-31 21:32:21
xiaomi_poco_x8_pro_512gb,torob,149000000,نو,2026-08-31 21:32:21
asus_tuf,digikala,287550,نو,2026-08-31 21:54:51
samsung_galaxy,digikala,71665200,نو,2026-08-31 21:54:51
other_g435,digikala,22000000,نو,2026-08-31 21:54:51
microsoft_bs_ergonomic_ultimate,digikala,10797150,نو,2026-08-31 21:54:51
other_ddr4_2400_cl17,digikala,18050000,نو,2026-08-31 21:54:51
other_fg_790b,digikala,11780000,نو,2026-08-31 21:54:51
asus_tuf_gaming_custom_ram44gb_512gb,digikala,361000000,نو,2026-08-31 21:54:51
samsung_galaxy_s11_128gb,digikala,194990000,نو,2026-08-31 21:54:51
samsung_980pro_500,digikala,52000000,نو,2026-08-31 21:54:51
other_z890_gaming_wifi7,digikala,104800000,نو,2026-08-31 21:54:51
samsung_galaxy_a57_256gb,digikala,142999650,نو,2026-08-31 21:54:51
asus_vivobook_15_custom_1tb,digikala,183999000,نو,2026-08-31 21:54:51
hp_2tb_15_fc0171nia_15,digikala,123000000,نو,2026-08-31 21:54:51
hp_ram64gb_2tb,digikala,545500000,نو,2026-08-31 21:54:51
lenovo_legion_5_custom_512gb,digikala,430000000,نو,2026-08-31 21:54:51
hp_32gb_15_fd0230wm_15,digikala,123000000,نو,2026-08-31 21:54:51
hp_32gb_15_fd0150wm_15,digikala,129590000,نو,2026-08-31 21:54:51
intel_core_i3_12100,digikala,28750000,نو,2026-08-31 21:54:51
other_cmf_buds,digikala,7152400,نو,2026-08-31 21:54:51
other_2tb_15_aspire_lite,digikala,149990000,نو,2026-08-31 21:54:51
other_1tb_sata_iii_vi550,digikala,16900000,نو,2026-08-31 21:54:51
other_4tb_purple_wd40purz,digikala,39001200,نو,2026-08-31 21:54:51
other_gts,digikala,4950000,نو,2026-08-31 21:54:51
other_45_lewear,digikala,19000000,نو,2026-08-31 21:54:51
other_space_one_anc,digikala,12800000,نو,2026-08-31 21:54:51
samsung_galaxy_a17_128gb,digikala,68500000,نو,2026-08-31 21:54:51
asus_512gb,digikala,103000000,نو,2026-08-31 21:54:51
lenovo_256gb_v15_g2_ijl,digikala,88000000,نو,2026-08-31 21:54:51
other_x870_gaming_plus,digikala,66000000,نو,2026-08-31 21:54:51
amd_rx_580,digikala,1980000,نو,2026-08-31 21:54:51
asus_tuf_gaming_custom_1tb,digikala,262000000,نو,2026-08-31 21:54:51
other_5g_5g01_wi,digikala,22000000,نو,2026-08-31 21:54:51
asus_vivobook_16_custom_1tb,digikala,175000000,نو,2026-08-31 21:54:51
asus_vivobook_15_custom_1tb,digikala,166000000,نو,2026-08-31 21:54:51
asus_vivobook_14_custom_2tb,digikala,169400000,نو,2026-08-31 21:54:51
other_tfa_ocean_plus,digikala,7521000,نو,2026-08-31 21:54:51
hp_hp202_15809,digikala,21400000,نو,2026-08-31 21:54:51
nvidia_rtx_3050_40gb,digikala,233999000,نو,2026-08-31 21:54:51
other_ssn_t02_anc,digikala,7956000,نو,2026-08-31 21:54:51
hp_victus_15_custom_1tb,digikala,160000000,نو,2026-08-31 21:54:51
microsoft_1tb_13_surface_pro,digikala,457000000,نو,2026-08-31 21:54:51
hp_bg_isolation_hp,digikala,6989000,نو,2026-08-31 21:54:51
other_512gb_sata_iii_solid,digikala,13590000,نو,2026-08-31 21:54:51
samsung_galaxy_s26_ultra_256gb,digikala,398000000,نو,2026-08-31 21:54:51
other_48_w2_sport,digikala,11239000,نو,2026-08-31 21:54:51
other_pro,digikala,18000000,نو,2026-08-31 21:54:51
hp_t730,digikala,41822000,نو,2026-08-31 21:54:51
other_32gb_plus_z7_32,digikala,1758900,نو,2026-08-31 21:54:51
asus_tuf_gaming_custom_2tb,digikala,262000000,نو,2026-08-31 21:54:51
asus_rog,digikala,3599000,نو,2026-08-31 21:54:51
other_128gb_mp33_128,digikala,9520000,نو,2026-08-31 21:54:51
other_pcie_sn580,digikala,54000000,نو,2026-08-31 21:54:51
other_sk7_ultra,digikala,4980000,نو,2026-08-31 21:54:51
other_32gb_32_7213,digikala,7550000,نو,2026-08-31 21:54:51
other_ticwatch_pro_elite,digikala,66700000,نو,2026-08-31 21:54:51
other_zsn_pro,digikala,8000000,نو,2026-08-31 21:54:51
other_45_10series,digikala,2080000,نو,2026-08-31 21:54:51
samsung_galaxy,digikala,3195900,نو,2026-08-31 21:54:51
apple_iphone_7plus,divar,20000000,کارکرده,2026-08-31 21:54:55
apple_iphone,divar,2000,کارکرده,2026-08-31 21:54:55
samsung_galaxy,divar,2500000,در حد نو,2026-08-31 21:54:55
apple_iphone_11_pro,divar,16000000,در حد نو,2026-08-31 21:54:55
samsung_galaxy_a73,divar,14500000,کارکرده,2026-08-31 21:54:55
other_512gb_a56_512,divar,23000000,کارکرده,2026-08-31 21:54:55
other_a33,divar,26000000,در حد نو,2026-08-31 21:54:55
samsung_galaxy_s22,divar,79000000,در حد نو,2026-08-31 21:54:55
other_s26_ultra,divar,280000000,کارکرده,2026-08-31 21:54:55
apple_iphone_17_256gb,divar,10000000,در حد نو,2026-08-31 21:54:55
apple_macbook_air_m1_512gb,divar,98000000,کارکرده,2026-08-31 21:54:55
amd_rx_580,divar,9950000,در حد نو,2026-08-31 21:54:55
sony_ps5,divar,100000,کارکرده,2026-08-31 21:54:55
apple_macbook_pro,divar,12000000,کارکرده,2026-08-31 21:54:55
asus_rog_strix,divar,42500000,در حد نو,2026-08-31 21:54:55
nvidia_rx_580,divar,785000000,کارکرده,2026-08-31 21:54:55
sony_ps4,divar,40000000,کارکرده,2026-08-31 21:54:55
other_13_m4,divar,206000000,کارکرده,2026-08-31 21:54:55
apple_macbook_pro_m4_pro,divar,430000000,کارکرده,2026-08-31 21:54:55
amd_rx_580,divar,10000000,در حد نو,2026-08-31 21:54:55
sony_ps5,divar,50000,کارکرده,2026-08-31 21:54:55
sony_ps5,divar,10000,کارکرده,2026-08-31 21:54:55
apple_macbook_pro_2012,divar,10200000,کارکرده,2026-08-31 21:54:55
amd_rx_580,divar,10500000,در حد نو,2026-08-31 21:54:55
sony_ps5,divar,900000,کارکرده,2026-08-31 21:54:55
sony_ps5,divar,7000000,در حد نو,2026-08-31 21:54:55
amd_rx_580,divar,8000000,کارکرده,2026-08-31 21:54:55
sony_ps4,divar,68000000,در حد نو,2026-08-31 21:54:55
apple_macbook,divar,1000000000,کارکرده,2026-08-31 21:54:55
amd_rx_580,divar,7000000,نو (پلمپ/آکبند),2026-08-31 21:54:55
sony_ps5,divar,10000,کارکرده,2026-08-31 21:54:55
amd_rx_580,divar,10000000,در حد نو,2026-08-31 21:54:55
sony_ps5,divar,90000000,کارکرده,2026-08-31 21:54:55
sony_ps5,divar,50000000,کارکرده,2026-08-31 21:54:55
sony_ps5,divar,999000000,کارکرده,2026-08-31 21:54:55
sony_ps5,divar,200000,کارکرده,2026-08-31 21:54:55
apple_macbook_air_m1,divar,96700000,کارکرده,2026-08-31 21:54:55
amd_rx_580,divar,12000000,کارکرده,2026-08-31 21:54:55
sony_ps5,divar,1000,کارکرده,2026-08-31 21:54:55
apple_macbook_pro,divar,220000000,کارکرده,2026-08-31 21:54:55
amd_rx_6700xt,divar,57000000,در حد نو,2026-08-31 21:54:55
sony_ps5,divar,50000,کارکرده,2026-08-31 21:54:55
sony_ps5,divar,1000,کارکرده,2026-08-31 21:54:55
apple_macbook_pro,divar,350000000,کارکرده,2026-08-31 21:54:55
sony_ps5,divar,100000,کارکرده,2026-08-31 21:54:55
apple_macbook_pro_m2,divar,180000000,در حد نو,2026-08-31 21:54:55
amd_rx_580,divar,15000000,کارکرده,2026-08-31 21:54:55
microsoft_xbox,divar,20000000,کارکرده,2026-08-31 21:54:55
sony_ps5,divar,1000,کارکرده,2026-08-31 21:54:55
sony_ps5,divar,50000,کارکرده,2026-08-31 21:54:55
apple_macbook_pro_m1,divar,100000000,در حد نو,2026-08-31 21:54:55
amd_rx_580,divar,12000000,کارکرده,2026-08-31 21:54:55
sony_ps5,divar,100000,کارکرده,2026-08-31 21:54:55
apple_macbook_pro,divar,177000000,در حد نو,2026-08-31 21:54:55
amd_rx_580,divar,11500000,در حد نو,2026-08-31 21:54:55
amd_rx_580,divar,12000000,در حد نو,2026-08-31 21:54:55
sony_ps5,divar,80000000,کارکرده,2026-08-31 21:54:55
apple_macbook_air_2018,divar,57000000,در حد نو,2026-08-31 21:54:55
amd_rx_7900xt,divar,160000000,در حد نو,2026-08-31 21:54:55
amd_rx_580,divar,12000000,کارکرده,2026-08-31 21:54:55
sony_ps5,divar,99000000,کارکرده,2026-08-31 21:54:55
apple_macbook_air_m1,divar,96700000,کارکرده,2026-08-31 21:54:55
amd_rx_6900xt,divar,92000000,در حد نو,2026-08-31 21:54:55
sony_ps5,divar,50000,کارکرده,2026-08-31 21:54:55
apple_ipad,divar,38500000,کارکرده,2026-08-31 21:54:55
apple_macbook_pro,divar,350000000,کارکرده,2026-08-31 21:54:55
amd_rx_580,divar,12000000,کارکرده,2026-08-31 21:54:55
sony_ps5,divar,1800000,کارکرده,2026-08-31 21:54:55
sony_ps5,divar,98000000,در حد نو,2026-08-31 21:54:55
amd_rx_5700xt,divar,33500000,کارکرده,2026-08-31 21:54:55
amd_rx_6900xt,divar,92000000,در حد نو,2026-08-31 21:54:55
sony_ps5,divar,98000000,کارکرده,2026-08-31 21:54:55
sony_ps5,divar,100000,کارکرده,2026-08-31 21:54:55
sony_ps5,divar,750000,کارکرده,2026-08-31 21:54:55
amd_rx_5700xt,divar,33500000,کارکرده,2026-08-31 21:54:55
nvidia_rx_580,divar,785000000,کارکرده,2026-08-31 21:54:55
sony_ps5,divar,90000000,کارکرده,2026-08-31 21:54:55
apple_macbook_pro_m4_pro,divar,360000000,در حد نو,2026-08-31 21:54:55
amd_rx_6800,divar,75000000,در حد نو,2026-08-31 21:54:55
sony_ps5,divar,20000,کارکرده,2026-08-31 21:54:55
sony_ps5,divar,1000000,کارکرده,2026-08-31 21:54:55
apple_macbook,divar,450000000,در حد نو,2026-08-31 21:54:55
sony_ps5,divar,1500000,کارکرده,2026-08-31 21:54:55
apple_macbook,divar,450000000,در حد نو,2026-08-31 21:54:55
apple_macbook_pro_m3_512gb,divar,330000000,کارکرده,2026-08-31 21:54:55
amd_rx_570,divar,8500000,در حد نو,2026-08-31 21:54:55
microsoft_xbox,divar,4000000,کارکرده,2026-08-31 21:54:55
lenovo_lenovo,divar,29000000,کارکرده,2026-08-31 21:54:55
apple_macbook_pro_2012,divar,22000000,کارکرده,2026-08-31 21:54:55
amd_rx_6600,divar,35900000,در حد نو,2026-08-31 21:54:55
sony_ps5,divar,1500000,کارکرده,2026-08-31 21:54:55
microsoft_xbox,divar,4000000,کارکرده,2026-08-31 21:54:55
apple_macbook_pro_m1_pro,divar,223000000,در حد نو,2026-08-31 21:54:55
amd_rx_580,divar,54900000,در حد نو,2026-08-31 21:54:55
sony_ps5,divar,2000000,کارکرده,2026-08-31 21:54:55
sony_ps5_slim,divar,42000000,کارکرده,2026-08-31 21:54:55
sony_ps5,divar,2000000,کارکرده,2026-08-31 21:54:55
amd_rx_580,divar,10500000,در حد نو,2026-08-31 21:54:55
sony_ps5,divar,150000,کارکرده,2026-08-31 21:54:55
apple_macbook,divar,450000000,در حد نو,2026-08-31 21:54:55
other_item_70702bdf,divar,600000,کارکرده,2026-08-31 21:54:55
amd_rx_580,divar,10500000,در حد نو,2026-08-31 21:54:55
sony_ps5,divar,90000000,توافقی,2026-08-31 21:54:55
sony_ps5,divar,300000,کارکرده,2026-08-31 21:54:55
apple_macbook_pro_m4_pro,divar,380000000,کارکرده,2026-08-31 21:54:55
amd_rx_5700xt,divar,165000000,در حد نو,2026-08-31 21:54:55
amd_rx_6600,divar,35900000,در حد نو,2026-08-31 21:54:55
sony_ps5,divar,90000000,در حد نو,2026-08-31 21:54:55
apple_ipad4,divar,8000000,کارکرده,2026-08-31 21:54:55
amd_rx_570,divar,8500000,در حد نو,2026-08-31 21:54:55
sony_ps5,divar,95000000,کارکرده,2026-08-31 21:54:55
other_12,divar,109700000,کارکرده,2026-08-31 21:54:55
sony_ps5,divar,95000000,کارکرده,2026-08-31 21:54:55
sony_ps5,divar,90000000,در حد نو,2026-08-31 21:54:55
sony_ps5,divar,95000000,کارکرده,2026-08-31 21:54:55
sony_ps5,divar,300000,کارکرده,2026-08-31 21:54:55
apple_macbook_pro,divar,700000000,کارکرده,2026-08-31 21:54:55
amd_rx_470,divar,6200000,کارکرده,2026-08-31 21:54:55
sony_ps5,divar,300000,کارکرده,2026-08-31 21:54:55
sony_ps4,divar,68000000,در حد نو,2026-08-31 21:54:55
apple_macbook,divar,1000000,کارکرده,2026-08-31 21:54:55
nvidia_rx_580,divar,785000000,کارکرده,2026-08-31 21:54:55
other_11,esam,780000,دست دوم,2026-08-31 21:54:56
other_n8,esam,3000000,دست دوم,2026-08-31 21:54:56
apple_iphone,esam,865000,دست دوم,2026-08-31 21:54:56
hp_hp_probook_820,esam,36000000,دست دوم,2026-08-31 21:54:56
other_11,esam,39000,دست دوم,2026-08-31 21:54:56
other_14,esam,390000,دست دوم,2026-08-31 21:54:56
other_17,esam,2650000,دست دوم,2026-08-31 21:54:56
other_110,esam,3000000,دست دوم,2026-08-31 21:54:56
lenovo_ideapad,torob,134459980,نو,2026-08-31 21:54:57
microsoft_xbox_series_s,torob,57000000,نو,2026-08-31 21:54:57
other_qcy_melobuds_n30,torob,3682000,نو,2026-08-31 21:54:57
xiaomi_xiaomi,torob,948000,نو,2026-08-31 21:54:57
xiaomi_poco_m5_256gb,torob,44340000,نو,2026-08-31 21:54:57
samsung_galaxy_s23_ultra_512gb,torob,245000000,نو,2026-08-31 21:54:57
samsung_galaxy_z_flip,torob,7280000,نو,2026-08-31 21:54:57
samsung_galaxy,torob,59500000,نو,2026-08-31 21:54:57
asus_2tb,torob,228400000,نو,2026-08-31 21:54:57
other_b760_gaming_ddr4,torob,43000000,نو,2026-08-31 21:54:57
lenovo_legion__1tb,torob,260000000,نو,2026-08-31 21:54:57
samsung_galaxy_s24_ultra,torob,1961000,نو,2026-08-31 21:54:57
apple_macbook_pro_2026_14inch_2tb,torob,737000000,نو,2026-08-31 21:54:57
samsung_128gb_s9_x716_5g,torob,109998000,نو,2026-08-31 21:54:57
microsoft_xbox,torob,96000000,نو,2026-08-31 21:54:57
nvidia_rtx_3060,torob,47000000,نو,2026-08-31 21:54:57
apple_128gb_ipad_air_8th,torob,166990000,نو,2026-08-31 21:54:57
other_phb3590,torob,1701000,نو,2026-08-31 21:54:57
sony_ps5_slim,torob,203500000,نو,2026-08-31 21:54:57
other_z790_gaming_plus,torob,62000000,نو,2026-08-31 21:54:57
asus_rtx_4070ti,torob,250000000,نو,2026-08-31 21:54:57
lenovo_rtx_3050_16gb,torob,182000000,نو,2026-08-31 21:54:57
other_128gb_phone_2a_5g,torob,99000000,نو,2026-08-31 21:54:57
other_tz8100e2,digikala,46460000,نو,2026-09-01 04:18:37
other_512gb_sata_iii_sa500,digikala,9680000,نو,2026-09-01 04:18:37
other_nx17_pro,digikala,4800000,نو,2026-09-01 04:18:37
other_gh_5160,digikala,7827080,نو,2026-09-01 04:18:37
asus_vivobook_14_custom_1tb,digikala,134000000,نو,2026-09-01 04:18:37
hp_ram32gb_1tb,digikala,395000000,نو,2026-09-01 04:18:37
microsoft_512gb_12_surface_pro,digikala,345230000,نو,2026-09-01 04:18:37
other_49_pws14n,digikala,5200000,نو,2026-09-01 04:18:37
other_am5_secure_frame,digikala,2700000,نو,2026-09-01 04:18:37
lenovo_256gb_15_v15_g5,digikala,142000000,نو,2026-09-01 04:18:37
asus_tuf_gaming_custom_ram32gb_32gb,digikala,379000000,نو,2026-09-01 04:18:37
lenovo_ideapad__512gb,digikala,169000000,نو,2026-09-01 04:18:37
other_ddr5_4800_cl40,digikala,44200000,نو,2026-09-01 04:18:37
other_1tb_sata,digikala,17348500,نو,2026-09-01 04:18:37
lenovo_1tb_15_v15_g4,digikala,124100000,نو,2026-09-01 04:18:37
asus_tuf_gaming_custom_ram32gb_32gb,digikala,357999000,نو,2026-09-01 04:18:37
other_4tb_ac732,digikala,47000000,نو,2026-09-01 04:18:37
other_soundcore_liberty_pro,digikala,57750000,نو,2026-09-01 04:18:37
other_pro_game_stick,digikala,5200000,نو,2026-09-01 04:18:37
other_sata_iii_ultimate,digikala,9899900,نو,2026-09-01 04:18:37
other_2tb_ac732,digikala,23345000,نو,2026-09-01 04:18:37
other_2tb_sn850_nvme,digikala,84355000,نو,2026-09-01 04:18:37
other_watch_pro,digikala,8000000,نو,2026-09-01 04:18:37
other_msn_necklace_lite,digikala,7352000,نو,2026-09-01 04:18:37
other_open_dots_air,digikala,34000000,نو,2026-09-01 04:18:37
lenovo_ideapad__custom_512gb,digikala,187000000,نو,2026-09-01 04:18:37
asus_tuf_gaming_custom_ram32gb_32gb,digikala,197000000,نو,2026-09-01 04:18:37
asus_512gb_15_expertbook_b1,digikala,181600000,نو,2026-09-01 04:18:37
other_128gb_ddr3_12800s_cl11,digikala,2000000,نو,2026-09-01 04:18:37
other_ccw_3013_bk,digikala,13900000,نو,2026-09-01 04:18:37
asus_1tb_15_expertbook_p1,digikala,133000000,نو,2026-09-01 04:18:37
lenovo_32gb_15_v15_g4,digikala,121000000,نو,2026-09-01 04:18:37
asus_tuf_gaming_custom_ram64gb_64gb,digikala,313000000,نو,2026-09-01 04:18:37
other_256gb_sata_iii_su650,digikala,8700000,نو,2026-09-01 04:18:37
other_43_tsw_gt6,digikala,6935500,نو,2026-09-01 04:18:37
other_pistonbuds_ecs3001t,digikala,8700000,نو,2026-09-01 04:18:37
lenovo_legion_5_custom_ram64gb_2tb,digikala,472000000,نو,2026-09-01 04:18:37
other_apy_41_smart,digikala,9865000,نو,2026-09-01 04:18:37
lenovo_rtx_2050_12gb,digikala,165700000,نو,2026-09-01 04:18:37
lenovo_512gb_14_v14_g5,digikala,117900000,نو,2026-09-01 04:18:37
asus_rog_strix_custom_1tb,digikala,357000000,نو,2026-09-01 04:18:37
other_plus_kat_maximum,digikala,8965000,نو,2026-09-01 04:18:37
asus_1tb_15_expertbook_b1,digikala,156990000,نو,2026-09-01 04:18:37
other_46_seven_plus,digikala,5980000,نو,2026-09-01 04:18:37
samsung_galaxy_s10_128gb,digikala,99000000,نو,2026-09-01 04:18:37
xiaomi_xiaomi_128gb,digikala,36500000,نو,2026-09-01 04:18:37
sony_ps5_pro,digikala,229000000,نو,2026-09-01 04:18:37
other_64gb_gt610_2gd3_64bit,digikala,7400000,نو,2026-09-01 04:18:37
other_dg360,digikala,11490000,نو,2026-09-01 04:18:37
lenovo_legion_5_custom_ram48gb_1tb,digikala,300000000,نو,2026-09-01 04:18:37
sony_ps5_slim,divar,79000000,نو (پلمپ/آکبند),2026-09-01 04:18:40
amd_rx_580,divar,15000000,کارکرده,2026-09-01 04:18:40
intel_intel_core_i9,divar,42000000,کارکرده,2026-09-01 04:18:40
apple_iphone_13,divar,88500000,در حد نو,2026-09-01 04:18:40
apple_macbook_pro,divar,60000000,در حد نو,2026-09-01 04:18:40
apple_iphone_11,divar,50000000,در حد نو,2026-09-01 04:18:40
other_512gb_s26_512,divar,340000000,در حد نو,2026-09-01 04:18:40
apple_macbook_pro_intel_2013,divar,43000000,کارکرده,2026-09-01 04:18:40
apple_macbook_air_m2,divar,129900000,در حد نو,2026-09-01 04:18:40
apple_iphone_12_pro,divar,70000000,در حد نو,2026-09-01 04:18:40
sony_ps5,divar,8800000,کارکرده,2026-09-01 04:18:40
other_15_pro_max,divar,330000000,کارکرده,2026-09-01 04:18:40
amd_rx_470,divar,6200000,کارکرده,2026-09-01 04:18:40
sony_ps5,divar,900000,کارکرده,2026-09-01 04:18:40
apple_macbook_pro,divar,12000000,کارکرده,2026-09-01 04:18:40
sony_ps5,divar,80000000,کارکرده,2026-09-01 04:18:40
sony_ps5,divar,400000,کارکرده,2026-09-01 04:18:40
apple_macbook,divar,1000000000,توافقی,2026-09-01 04:18:40
amd_rx_580,divar,10500000,در حد نو,2026-09-01 04:18:40
amd_rx_6900xt,divar,101000000,در حد نو,2026-09-01 04:18:40
sony_ps5,divar,100000,کارکرده,2026-09-01 04:18:40
apple_macbook_pro_intel,divar,25000000,کارکرده,2026-09-01 04:18:40
amd_rx_580,divar,9950000,در حد نو,2026-09-01 04:18:40
sony_ps5,divar,50000,کارکرده,2026-09-01 04:18:40
apple_512gb_ipad_pro_m4,divar,200000000,در حد نو,2026-09-01 04:18:40
sony_ps5,divar,90000000,کارکرده,2026-09-01 04:18:40
amd_rx_580,divar,7000000,نو (پلمپ/آکبند),2026-09-01 04:18:40
sony_ps5,divar,400000,کارکرده,2026-09-01 04:18:40
apple_macbook,divar,1000000000,توافقی,2026-09-01 04:18:40
amd_rx_6900xt_16gb,divar,97000000,در حد نو,2026-09-01 04:18:40
amd_rx_6700xt,divar,59000000,در حد نو,2026-09-01 04:18:40
sony_ps4,divar,68000000,در حد نو,2026-09-01 04:18:40
amd_rx_6700xt,divar,59000000,در حد نو,2026-09-01 04:18:40
sony_ps5,divar,90000000,کارکرده,2026-09-01 04:18:40
asus_rog_strix,divar,41500000,در حد نو,2026-09-01 04:18:40
sony_ps5,divar,90000000,کارکرده,2026-09-01 04:18:40
apple_macbook_pro_m1,divar,100000000,در حد نو,2026-09-01 04:18:40
amd_rx_6900xt,divar,86500000,در حد نو,2026-09-01 04:18:40
sony_ps5,divar,10000,کارکرده,2026-09-01 04:18:40
apple_macbook_pro,divar,350000000,کارکرده,2026-09-01 04:18:40
amd_rx_7900xt,divar,160000000,در حد نو,2026-09-01 04:18:40
sony_ps4,divar,68000000,در حد نو,2026-09-01 04:18:40
sony_ps5,divar,1000,کارکرده,2026-09-01 04:18:40
apple_macbook_pro_m2,divar,180000000,در حد نو,2026-09-01 04:18:40
apple_macbook_pro_m2,divar,165000000,در حد نو,2026-09-01 04:18:40
amd_rx_580,divar,8000000,کارکرده,2026-09-01 04:18:40
sony_ps5,divar,1000,کارکرده,2026-09-01 04:18:40
apple_macbook_pro,divar,177000000,در حد نو,2026-09-01 04:18:40
apple_macbook_pro_m1_pro,divar,216000000,در حد نو,2026-09-01 04:18:40
amd_rx_6800,divar,75000000,در حد نو,2026-09-01 04:18:40
sony_ps5,divar,50000,کارکرده,2026-09-01 04:18:40
sony_ps5,divar,10000,کارکرده,2026-09-01 04:18:40
sony_ps5,divar,10000,کارکرده,2026-09-01 04:18:40
apple_macbook_air_2013,divar,10000000,کارکرده,2026-09-01 04:18:40
apple_macbook_air,divar,49000000,در حد نو,2026-09-01 04:18:40
sony_ps5,divar,80000000,کارکرده,2026-09-01 04:18:40
apple_macbook_pro,divar,26000000,در حد نو,2026-09-01 04:18:40
apple_macbook,divar,99000000,در حد نو,2026-09-01 04:18:40
amd_rx_580,divar,15000000,کارکرده,2026-09-01 04:18:40
sony_ps5,divar,10000,کارکرده,2026-09-01 04:18:40
apple_macbook_pro,divar,350000000,کارکرده,2026-09-01 04:18:40
apple_macbook_pro,divar,350000000,کارکرده,2026-09-01 04:18:40
microsoft_xbox,divar,20000000,کارکرده,2026-09-01 04:18:40
sony_ps5,divar,100000,کارکرده,2026-09-01 04:18:40
apple_macbook,divar,99000000,در حد نو,2026-09-01 04:18:40
amd_rx_580,divar,12000000,کارکرده,2026-09-01 04:18:40
microsoft_xbox,divar,20000000,کارکرده,2026-09-01 04:18:40
apple_macbook_pro,divar,17900000,کارکرده,2026-09-01 04:18:40
apple_macbook_pro,divar,17900000,کارکرده,2026-09-01 04:18:40
amd_rx_6800xt,divar,75500000,کارکرده,2026-09-01 04:18:40
sony_ps5,divar,50000,کارکرده,2026-09-01 04:18:40
apple_macbook_air_2018,divar,57000000,در حد نو,2026-09-01 04:18:40
apple_macbook_air_m4,divar,3900000,کارکرده,2026-09-01 04:18:40
amd_rx_6900xt,divar,86500000,در حد نو,2026-09-01 04:18:40
sony_ps5,divar,90000000,کارکرده,2026-09-01 04:18:40
amd_rx_580,divar,12000000,در حد نو,2026-09-01 04:18:40
sony_ps5,divar,750000,کارکرده,2026-09-01 04:18:40
apple_macbook,divar,5000000,کارکرده,2026-09-01 04:18:40
amd_rx_5700xt,divar,33500000,کارکرده,2026-09-01 04:18:40
sony_ps5,divar,95000000,در حد نو,2026-09-01 04:18:40
apple_macbook_pro_m4_pro,divar,360000000,در حد نو,2026-09-01 04:18:40
apple_macbook_pro_m4_pro,divar,360000000,در حد نو,2026-09-01 04:18:40
amd_rx_580,divar,12000000,کارکرده,2026-09-01 04:18:40
sony_ps5,divar,100000000,کارکرده,2026-09-01 04:18:40
amd_rx_580,divar,55200000,در حد نو,2026-09-01 04:18:40
sony_ps5,divar,40000000,کارکرده,2026-09-01 04:18:40
microsoft_xbox,divar,300000,کارکرده,2026-09-01 04:18:40
sony_ps5,divar,15000000,کارکرده,2026-09-01 04:18:40
sony_ps5,divar,1000000,کارکرده,2026-09-01 04:18:40
other_11,esam,780000,دست دوم,2026-09-01 04:18:41
other_128gb_ssd_gold_128,esam,4500000,دست دوم,2026-09-01 04:18:41
sony_ps5_slim,torob,1449000,نو,2026-09-01 04:18:42
amd_ryzen_7700x_8c,torob,51900000,نو,2026-09-01 04:18:42
xiaomi_xiaomi_512gb,torob,60000000,نو,2026-09-01 04:18:42
nintendo_64gb_oled_64,torob,99000000,نو,2026-09-01 04:18:42
xiaomi_xiaomi,torob,59780000,نو,2026-09-01 04:18:42
sony_wh_ch720n,torob,2650000,نو,2026-09-01 04:18:42
samsung_galaxy,torob,31199000,نو,2026-09-01 04:18:42
samsung_galaxy,torob,27341000,نو,2026-09-01 04:18:42
other_32gb_dominator_titanium_rgb,torob,163000000,نو,2026-09-01 04:18:42
microsoft_xbox_series_x,torob,280000,نو,2026-09-01 04:18:42
nvidia_rtx_4070,torob,583000000,نو,2026-09-01 04:18:42
lenovo_legion__2tb,torob,780760000,نو,2026-09-01 04:18:42
samsung_galaxy_s23_ultra,torob,920000,نو,2026-09-01 04:18:42
other_liberty_pro,torob,12550000,نو,2026-09-01 04:18:42
other_pro_z790_max,torob,69000000,نو,2026-09-01 04:18:42
samsung_galaxy_s11_ultra_256gb,torob,208000000,نو,2026-09-01 04:18:42
xiaomi_xiaomi,torob,1820000,نو,2026-09-01 04:18:42
sony_ps5,torob,12420000,نو,2026-09-01 04:18:42
other_32gb_vengeance_rgb_6000,torob,119500000,نو,2026-09-01 04:18:42
asus_rtx_4060_12gb,torob,214000000,نو,2026-09-01 04:18:42
hp_omen_15_512gb,torob,71292600,نو,2026-09-01 04:18:42
asus_rog_zephyrus_2tb,torob,1258000000,نو,2026-09-01 04:18:42
xiaomi_xiaomi_512gb,torob,175000000,نو,2026-09-01 04:18:42
other_fs_economy,digikala,70000000,نو,2026-09-01 08:37:29
other_bs_delivers_bowie,digikala,8424780,نو,2026-09-01 08:37:29
other_h1113a,digikala,6450000,نو,2026-09-01 08:37:29
lenovo_ideapad__512gb,digikala,220000000,نو,2026-09-01 08:37:29
samsung_galaxy_a07_128gb,digikala,51000000,نو,2026-09-01 08:37:29
other_1tb_mq04abf100,digikala,9720840,نو,2026-09-01 08:37:29
samsung_galaxy,digikala,36384800,نو,2026-09-01 08:37:29
other_32gb_330_32_32,digikala,1763000,نو,2026-09-01 08:37:29
lenovo_ideapad__custom_256gb,digikala,181000000,نو,2026-09-01 08:37:29
asus_tuf_gaming_custom_ram64gb_2tb,digikala,454000000,نو,2026-09-01 08:37:29
lenovo_rtx_4050_24gb,digikala,283000000,نو,2026-09-01 08:37:29
asus_tuf_gaming_custom_512gb,digikala,324000000,نو,2026-09-01 08:37:29
asus_rog_strix_custom_ram40gb_4tb,digikala,678000000,نو,2026-09-01 08:37:29
lenovo_rtx_4050_32gb,digikala,302999000,نو,2026-09-01 08:37:29
other_51_rex_ultra,digikala,152900000,نو,2026-09-01 08:37:29
samsung_galaxy,digikala,21000000,نو,2026-09-01 08:37:29
samsung_portable_ssd_t5,digikala,60950000,نو,2026-09-01 08:37:29
lenovo_rtx_4050_32gb,digikala,410000000,نو,2026-09-01 08:37:29
other_256gb_micron_2450_256gb,digikala,14045100,نو,2026-09-01 08:37:29
other_1tb_ds72_usb_gen2,digikala,32000000,نو,2026-09-01 08:37:29
other_hk9_ultra,digikala,4100000,نو,2026-09-01 08:37:29
other_bgh_compact_45,digikala,14270000,نو,2026-09-01 08:37:29
other_ws17,digikala,9150000,نو,2026-09-01 08:37:29
asus_prime_b760m,digikala,22720000,نو,2026-09-01 08:37:29
samsung_galaxy_a06_64gb,digikala,41500000,نو,2026-09-01 08:37:29
lenovo_rtx_5050_64gb,digikala,381000000,نو,2026-09-01 08:37:29
asus_rog_strix_custom_ram44gb_4tb,digikala,530000000,نو,2026-09-01 08:37:29
nvidia_rtx_5060_32gb,digikala,379699000,نو,2026-09-01 08:37:29
asus_tuf_gaming_custom_2tb,digikala,213000000,نو,2026-09-01 08:37:29
other_air30,digikala,25000000,نو,2026-09-01 08:37:29
asus_vivobook_15_custom_1tb,digikala,154500000,نو,2026-09-01 08:37:29
hp_1tb_15_fc0146dx_15,digikala,149900000,نو,2026-09-01 08:37:29
asus_tuf_gaming_32gb,digikala,185990000,نو,2026-09-01 08:37:29
asus_tuf_gaming_custom_512gb,digikala,171000000,نو,2026-09-01 08:37:29
hp_rs_ensuring_3300,digikala,7330000,نو,2026-09-01 08:37:29
other_hnd_bowie_h1s,digikala,13896000,نو,2026-09-01 08:37:29
asus_1tb_15_expertbook_b1,digikala,139990000,نو,2026-09-01 08:37:29
other_fn_with_710,digikala,7845320,نو,2026-09-01 08:37:29
other_ws118_90242,digikala,6948000,نو,2026-09-01 08:37:29
asus_rog,digikala,150000000,نو,2026-09-01 08:37:29
other_32gb_ddr5_6000_cl36,digikala,134500000,نو,2026-09-01 08:37:29
hp_bs_pairing_hp,digikala,6985000,نو,2026-09-01 08:37:29
samsung_galaxy_64gb,digikala,36000000,نو,2026-09-01 08:37:29
other_elements_usb_type,digikala,16000000,نو,2026-09-01 08:37:29
other_48_w1_sport,digikala,10794600,نو,2026-09-01 08:37:29
other_64gb_one_64,digikala,20450000,نو,2026-09-01 08:37:29
other_zone_vibe_100,digikala,17850000,نو,2026-09-01 08:37:29
hp_128gb_t630_quad_core,digikala,29100000,نو,2026-09-01 08:37:29
intel_core_ultra_265kf,digikala,58700000,نو,2026-09-01 08:37:29
asus_tuf_gaming_custom_2tb,digikala,262000000,نو,2026-09-01 08:37:29
other_128gb_high_performance_128,digikala,9600000,نو,2026-09-01 08:37:29
other_4tb_red_plus_wd40efpx,digikala,55000000,نو,2026-09-01 08:37:29
other_wa49_ultra,digikala,4998000,نو,2026-09-01 08:37:29
other_nt12_gy,digikala,7600000,نو,2026-09-01 08:37:29
other_ticwatch_pro_elite,digikala,66700000,نو,2026-09-01 08:37:29
other_dhp_hamovizice9,digikala,8100000,نو,2026-09-01 08:37:29
other_ultra_lite,digikala,2100000,نو,2026-09-01 08:37:29
other_vh500,digikala,6500000,نو,2026-09-01 08:37:29
other_12,divar,6000000,کارکرده,2026-09-01 08:37:29
other_11,esam,249000,دست دوم,2026-09-01 08:37:30
other_100,esam,590000,دست دوم,2026-09-01 08:37:30
other_11,esam,780000,دست دوم,2026-09-01 08:37:30
other_15,esam,290000,دست دوم,2026-09-01 08:37:30
other_256gb_ssd_b5_256gb,esam,196000,دست دوم,2026-09-01 08:37:30
dell_dell,esam,62000000,دست دوم,2026-09-01 08:37:30
samsung_galaxy_z_fold,torob,981000,نو,2026-09-01 08:37:31
amd_rx_9060xt,torob,145000000,نو,2026-09-01 08:37:31
samsung_galaxy_z_flip,torob,345000,نو,2026-09-01 08:37:31
lenovo_rtx_5050,torob,214930000,نو,2026-09-01 08:37:31
microsoft_512gb_surface_pro_11,torob,400000000,نو,2026-09-01 08:37:31
samsung_galaxy_a11_128gb,torob,56500000,نو,2026-09-01 08:37:31
apple_iphone_11_pro_max_256gb,torob,71900000,نو,2026-09-01 08:37:31
xiaomi_poco_f6__512gb,torob,106500000,نو,2026-09-01 08:37:31
intel_core_i7_14700k,torob,87066000,نو,2026-09-01 08:37:31
apple_256gb_ipad_air_th,torob,157680000,نو,2026-09-01 08:37:31
dell_s2725qs_27_uhd,torob,129900000,نو,2026-09-01 08:37:31
hp_victus_15_ram51gb_512gb,torob,176000000,نو,2026-09-01 08:37:31
other_256gb_pixel_10_pro,torob,329500000,نو,2026-09-01 08:37:31
asus_512gb_fx517zr_16gb_ram,torob,258899000,نو,2026-09-01 08:37:31
apple_iphone_5,torob,700000,نو,2026-09-01 08:37:31
samsung_galaxy,torob,308000,نو,2026-09-01 08:37:31
amd_amd_x670_plus,torob,99900000,نو,2026-09-01 08:37:31
xiaomi_xiaomi,torob,1744000,نو,2026-09-01 08:37:31
other_anker_soundcore_liberty,torob,17000000,نو,2026-09-01 08:37:31
nintendo_switch_oled,torob,65000000,نو,2026-09-01 08:37:31
samsung_4tb_990pro_heatsink_2280,torob,135000000,نو,2026-09-01 08:37:31
nvidia_rtx_4060ti,torob,119790000,نو,2026-09-01 08:37:31
lenovo_ideapad_1_256gb,torob,101000000,نو,2026-09-01 08:37:31
apple_macbook_air_m1_256gb,torob,110000000,نو,2026-09-01 08:37:31
samsung_galaxy_a07_64gb,torob,27300000,نو,2026-09-01 08:37:31
other_32gb_32_lora_reno,digikala,9376500,نو,2026-09-01 09:44:31
other_hf_1502,digikala,960000,نو,2026-09-01 09:44:31
other_hk10_pro_max,digikala,7995000,نو,2026-09-01 09:44:31
other_erf_clear_airgo,digikala,6763120,نو,2026-09-01 09:44:31
other_teron,digikala,172032000,نو,2026-09-01 09:44:31
samsung_galaxy_a26_128gb,digikala,77900000,نو,2026-09-01 09:44:31
intel_32gb_eco_h81_intel,digikala,38900000,نو,2026-09-01 09:44:31
asus_1tb_15_expertbook_b1,digikala,214642000,نو,2026-09-01 09:44:31
other_2tb_hd710_pro_usb,digikala,28500000,نو,2026-09-01 09:44:31
asus_vivobook_15_custom_32gb,digikala,139000000,نو,2026-09-01 09:44:31
apple_512gb_11_ipad_air,digikala,269960000,نو,2026-09-01 09:44:31
samsung_980pro_500,digikala,52000000,نو,2026-09-01 09:44:31
other_a200,digikala,1790000,نو,2026-09-01 09:44:31
lenovo_ideapad__custom_512gb,digikala,169000000,نو,2026-09-01 09:44:31
asus_rog_strix_custom_2tb,digikala,521500000,نو,2026-09-01 09:44:31
apple_macbook_air_m4_512gb,digikala,347540000,نو,2026-09-01 09:44:31
asus_rog_strix_custom_1tb,digikala,553000000,نو,2026-09-01 09:44:31
other_64gb_c10_64,digikala,22999000,نو,2026-09-01 09:44:31
hp_256gb_16_omnibook_flip,digikala,237000000,نو,2026-09-01 09:44:31
xiaomi_xiaomi_128gb,digikala,39855000,نو,2026-09-01 09:44:31
samsung_galaxy,digikala,3740000,نو,2026-09-01 09:44:31
other_su630_240,digikala,13450000,نو,2026-09-01 09:44:31
other_1301,digikala,4056000,نو,2026-09-01 09:44:31
other_43_optima,digikala,14320000,نو,2026-09-01 09:44:31
other_ws17,digikala,9150000,نو,2026-09-01 09:44:31
asus_prime_b760m,digikala,22720000,نو,2026-09-01 09:44:31
other_130_2018,digikala,7500000,نو,2026-09-01 09:44:31
lenovo_legion__custom_ram32gb_32gb,digikala,489000000,نو,2026-09-01 09:44:31
hp_32gb_15_fd0230wm_15,digikala,112990000,نو,2026-09-01 09:44:31
intel_256gb_j1900_2lc_celeron,digikala,36500000,نو,2026-09-01 09:44:31
asus_512gb_15_expertbook_p1,digikala,105950000,نو,2026-09-01 09:44:31
lenovo_32gb_15_v15_g4,digikala,107000000,نو,2026-09-01 09:44:31
asus_tuf_gaming_custom_ram64gb_64gb,digikala,313000000,نو,2026-09-01 09:44:31
other_fg_12400,digikala,154000000,نو,2026-09-01 09:44:31
lenovo_rtx_5050_32gb,digikala,295900000,نو,2026-09-01 09:44:31
other_mon_ultimate_10,digikala,9321000,نو,2026-09-01 09:44:31
other_nsr_assistance_pdx421,digikala,8956000,نو,2026-09-01 09:44:31
asus_custom_32gb,digikala,105990000,نو,2026-09-01 09:44:31
other_47_s370i,digikala,14545270,نو,2026-09-01 09:44:31
other_43_titan_rugged,digikala,9890000,نو,2026-09-01 09:44:31
lenovo_ideapad__custom_1tb,digikala,148500000,نو,2026-09-01 09:44:31
asus_vivobook_15_32gb,digikala,76200000,نو,2026-09-01 09:44:31
other_alb_sound_lariis,digikala,6852000,نو,2026-09-01 09:44:31
other_yam_stereoo_pro,digikala,15985000,نو,2026-09-01 09:44:31
sony_ps5,digikala,26990000,نو,2026-09-01 09:44:31
asus_vivobook_15_custom_1tb,digikala,125690000,نو,2026-09-01 09:44:31
other_b15,digikala,7190000,نو,2026-09-01 09:44:31
other_cll_safe_a997,digikala,6852200,نو,2026-09-01 09:44:31
samsung_galaxy_a56_256gb,digikala,108499900,نو,2026-09-01 09:44:31
other_cit_0062_corei3,digikala,23500000,نو,2026-09-01 09:44:31
intel_core_e5400,digikala,190000,نو,2026-09-01 09:44:31
asus_vivobook_15_custom_ram40gb_32gb,digikala,137890000,نو,2026-09-01 09:44:31
other_ddr3_1600s_mhz,digikala,3400000,نو,2026-09-01 09:44:31
other_1tb_ec700g_m371,digikala,31500000,نو,2026-09-01 09:44:31
other_ultra_active_gnut49bkmsbk,digikala,4599000,نو,2026-09-01 09:44:31
other_58_sw01,digikala,7000000,نو,2026-09-01 09:44:31
other_96_49_rock,digikala,15993000,نو,2026-09-01 09:44:31
other_mah_modern_shark,digikala,7565000,نو,2026-09-01 09:44:31
other_128gb_sata_iii_p210,digikala,5500000,نو,2026-09-01 09:44:31
other_hr7_ultra3,digikala,1980000,نو,2026-09-01 09:44:31
apple_iphone_15_pro_max,divar,164500000,در حد نو,2026-09-01 09:44:35
apple_macbook_air_m3_512gb,divar,198000000,در حد نو,2026-09-01 09:44:35
samsung_galaxy,divar,11500000,در حد نو,2026-09-01 09:44:35
samsung_m12,divar,20000000,در حد نو,2026-09-01 09:44:35
apple_macbook_air_m1,divar,104000000,در حد نو,2026-09-01 09:44:35
other_a07_a17,divar,37000000,کارکرده,2026-09-01 09:44:35
amd_rx_580,divar,9500000,در حد نو,2026-09-01 09:44:35
apple_iphone_15,divar,28000000,در حد نو,2026-09-01 09:44:35
apple_iphone_17_pro_max,divar,266000000,در حد نو,2026-09-01 09:44:35
samsung_galaxy_a05,divar,19000000,کارکرده,2026-09-01 09:44:35
apple_macbook,divar,1000,در حد نو,2026-09-01 09:44:35
amd_rx_580,divar,7000000,نو (پلمپ/آکبند),2026-09-01 09:44:35
other_256gb_k40_gameing_256,divar,40000000,در حد نو,2026-09-01 09:44:35
amd_rx_6700xt,divar,59000000,در حد نو,2026-09-01 09:44:35
sony_ps5,divar,1000,کارکرده,2026-09-01 09:44:35
amd_rx_580,divar,9950000,در حد نو,2026-09-01 09:44:35
amd_rx_580,divar,7000000,نو (پلمپ/آکبند),2026-09-01 09:44:35
sony_ps4,divar,40000000,کارکرده,2026-09-01 09:44:35
apple_macbook,divar,1000000000,توافقی,2026-09-01 09:44:35
amd_rx_6700xt,divar,59000000,در حد نو,2026-09-01 09:44:35
amd_rx_580,divar,10500000,در حد نو,2026-09-01 09:44:35
sony_ps5_pro,divar,49000000,در حد نو,2026-09-01 09:44:35
apple_macbook,divar,1000000,کارکرده,2026-09-01 09:44:35
sony_ps5,divar,1000,کارکرده,2026-09-01 09:44:35
other_13_m4,divar,206000000,کارکرده,2026-09-01 09:44:35
apple_macbook_pro,divar,87000000,کارکرده,2026-09-01 09:44:35
apple_macbook_pro_2015,divar,38000000,در حد نو,2026-09-01 09:44:35
amd_rx_5700xt,divar,165000000,در حد نو,2026-09-01 09:44:35
sony_ps5,divar,2000000,کارکرده,2026-09-01 09:44:35
amd_rx_5700xt,divar,21000000,در حد نو,2026-09-01 09:44:35
sony_ps5,divar,100000,کارکرده,2026-09-01 09:44:35
sony_ps5,divar,100000,کارکرده,2026-09-01 09:44:35
amd_rx_5700xt,divar,165000000,در حد نو,2026-09-01 09:44:35
sony_ps5,divar,2000000,کارکرده,2026-09-01 09:44:35
amd_rx_580,divar,12000000,کارکرده,2026-09-01 09:44:35
sony_ps4,divar,450000,کارکرده,2026-09-01 09:44:35
sony_ps5,divar,450000,کارکرده,2026-09-01 09:44:35
apple_macbook_pro,divar,350000000,کارکرده,2026-09-01 09:44:35
amd_rx_580,divar,12000000,کارکرده,2026-09-01 09:44:35
sony_ps4,divar,40000000,کارکرده,2026-09-01 09:44:35
apple_macbook_pro_m1_pro_14inch,divar,158000000,در حد نو,2026-09-01 09:44:35
sony_ps5,divar,1000,کارکرده,2026-09-01 09:44:35
sony_ps4,divar,68000000,در حد نو,2026-09-01 09:44:35
sony_ps5,divar,1300000,کارکرده,2026-09-01 09:44:35
apple_macbook_air_m1,divar,100000000,در حد نو,2026-09-01 09:44:35
amd_rx_580,divar,12000000,کارکرده,2026-09-01 09:44:35
sony_ps5,divar,150000,کارکرده,2026-09-01 09:44:35
sony_ps5,divar,99000000,کارکرده,2026-09-01 09:44:35
apple_macbook_air_m1,divar,96700000,کارکرده,2026-09-01 09:44:35
amd_rx_6800,divar,75000000,در حد نو,2026-09-01 09:44:35
sony_ps5,divar,1000,کارکرده,2026-09-01 09:44:35
sony_ps5,divar,50000,کارکرده,2026-09-01 09:44:35
microsoft_xbox,divar,1000,کارکرده,2026-09-01 09:44:35
apple_macbook_pro,divar,350000000,کارکرده,2026-09-01 09:44:35
amd_rx_7900xt,divar,160000000,در حد نو,2026-09-01 09:44:35
sony_ps5,divar,1000,کارکرده,2026-09-01 09:44:35
apple_macbook_air_2019,divar,65000000,در حد نو,2026-09-01 09:44:35
apple_macbook_pro_m2,divar,165000000,در حد نو,2026-09-01 09:44:35
sony_ps5,divar,1000,کارکرده,2026-09-01 09:44:35
apple_macbook_air,divar,49000000,در حد نو,2026-09-01 09:44:35
amd_rx_6800,divar,75000000,در حد نو,2026-09-01 09:44:35
sony_ps5,divar,100000,کارکرده,2026-09-01 09:44:35
sony_ps4,divar,40000000,کارکرده,2026-09-01 09:44:35
apple_macbook_pro_m2,divar,165000000,در حد نو,2026-09-01 09:44:35
sony_ps5,divar,1000,کارکرده,2026-09-01 09:44:35
apple_macbook_air,divar,49000000,در حد نو,2026-09-01 09:44:35
apple_macbook_pro,divar,3350000,کارکرده,2026-09-01 09:44:35
sony_ps5,divar,100000,کارکرده,2026-09-01 09:44:35
apple_macbook_pro_m1_pro,divar,216000000,در حد نو,2026-09-01 09:44:35
apple_macbook,divar,99000000,در حد نو,2026-09-01 09:44:35
amd_rx_580,divar,11500000,در حد نو,2026-09-01 09:44:35
microsoft_xbox,divar,1000,کارکرده,2026-09-01 09:44:35
nvidia_rx_580,divar,785000000,کارکرده,2026-09-01 09:44:35
sony_ps5,divar,20000000,کارکرده,2026-09-01 09:44:35
apple_macbook_air_2018,divar,57000000,در حد نو,2026-09-01 09:44:35
apple_macbook_pro_2019_16inch,divar,90000000,کارکرده,2026-09-01 09:44:35
amd_rx_580,divar,54900000,در حد نو,2026-09-01 09:44:35
sony_ps5,divar,100000,کارکرده,2026-09-01 09:44:35
apple_macbook_air_m2,divar,155000000,در حد نو,2026-09-01 09:44:35
apple_macbook_air_m4,divar,195000000,در حد نو,2026-09-01 09:44:35
sony_ps5,divar,50000000,کارکرده,2026-09-01 09:44:35
sony_ps5,divar,100000,کارکرده,2026-09-01 09:44:35
sony_ps5,divar,2000000,کارکرده,2026-09-01 09:44:35
apple_macbook_pro,divar,35000000,کارکرده,2026-09-01 09:44:35
sony_ps5_slim,divar,42000000,کارکرده,2026-09-01 09:44:35
apple_macbook_pro_2019,divar,99800000,کارکرده,2026-09-01 09:44:35
amd_rx_580,divar,1000,در حد نو,2026-09-01 09:44:35
amd_rx_5500xt,divar,85900000,در حد نو,2026-09-01 09:44:35
sony_ps5_slim,divar,42000000,کارکرده,2026-09-01 09:44:35
apple_macbook,divar,1000000000,توافقی,2026-09-01 09:44:35
amd_rx_570,divar,8500000,در حد نو,2026-09-01 09:44:35
amd_rx_570,divar,8500000,در حد نو,2026-09-01 09:44:35
sony_ps5,divar,15000000,کارکرده,2026-09-01 09:44:35
apple_macbook_air,divar,12600000,کارکرده,2026-09-01 09:44:35
amd_rx_580,divar,79000000,در حد نو,2026-09-01 09:44:35
sony_ps5,divar,90000000,کارکرده,2026-09-01 09:44:35
sony_ps5,divar,100000000,کارکرده,2026-09-01 09:44:35
sony_ps5,divar,2000000,کارکرده,2026-09-01 09:44:35
apple_macbook_pro_intel_2019_256gb,divar,86500000,در حد نو,2026-09-01 09:44:35
sony_ps5,divar,98000000,کارکرده,2026-09-01 09:44:35
sony_ps5,divar,98000000,کارکرده,2026-09-01 09:44:35
other_mac_book_pro,divar,420000000,در حد نو,2026-09-01 09:44:35
amd_rx_5500xt,divar,85900000,در حد نو,2026-09-01 09:44:35
sony_ps5,divar,90000000,کارکرده,2026-09-01 09:44:35
other_12,divar,109700000,کارکرده,2026-09-01 09:44:35
sony_ps5,divar,450000,کارکرده,2026-09-01 09:44:35
apple_macbook_pro_2019,divar,160000000,در حد نو,2026-09-01 09:44:35
other_12,divar,109700000,کارکرده,2026-09-01 09:44:35
sony_ps5_slim,divar,10000,کارکرده,2026-09-01 09:44:35
sony_ps5,divar,95000000,کارکرده,2026-09-01 09:44:35
other_4th_generation,divar,18000000,در حد نو,2026-09-01 09:44:35
apple_macbook_2018,divar,90000000,در حد نو,2026-09-01 09:44:35
asus_rog_strix,divar,41500000,در حد نو,2026-09-01 09:44:35
amd_rx_580,divar,12300000,کارکرده,2026-09-01 09:44:35
sony_ps4,divar,40000000,کارکرده,2026-09-01 09:44:35
asus_rog_strix,divar,41500000,در حد نو,2026-09-01 09:44:35
amd_rx_6900xt_16gb,divar,88500000,در حد نو,2026-09-01 09:44:35
sony_ps5,divar,50000,کارکرده,2026-09-01 09:44:35
asus_rog_strix,divar,41500000,در حد نو,2026-09-01 09:44:35
sony_ps5,divar,1000000,کارکرده,2026-09-01 09:44:35
apple_macbook_2018,divar,90000000,در حد نو,2026-09-01 09:44:35
apple_macbook_pro_2019,divar,140000000,کارکرده,2026-09-01 09:44:35
amd_rx_5700xt,divar,35500000,در حد نو,2026-09-01 09:44:35
sony_ps5,divar,9800000,کارکرده,2026-09-01 09:44:35
other_1209,esam,1800000,دست دوم,2026-09-01 09:44:36
other_100,esam,1450000,دست دوم,2026-09-01 09:44:36
other_12,esam,3500000,دست دوم,2026-09-01 09:44:36
lenovo_rtx_3050ti,torob,137000000,نو,2026-09-01 09:44:37
apple_iphone_11,torob,2239000,نو,2026-09-01 09:44:37
asus_rog_strix,torob,620000000,نو,2026-09-01 09:44:37
microsoft_xbox_series_s,torob,104000000,نو,2026-09-01 09:44:37
samsung_1tb_ssd_samsung_970,torob,45000000,نو,2026-09-01 09:44:37
asus_tuf_gaming_2tb,torob,385000000,نو,2026-09-01 09:44:37
sony_ps5,torob,29274000,نو,2026-09-01 09:44:37
sony_ps5_slim,torob,7000000,نو,2026-09-01 09:44:37
microsoft_512gb_surface_pro_16gb,torob,284969000,نو,2026-09-01 09:44:37
other_cyborg_15_a2rve,torob,409969000,نو,2026-09-01 09:44:37
xiaomi_xiaomi,torob,9945000,نو,2026-09-01 09:44:37
other_1tb_e30,torob,23500000,نو,2026-09-01 09:44:37
hp_omen_gaming_16,torob,194250000,نو,2026-09-01 09:44:37
samsung_galaxy_s24_ultra,torob,630000,نو,2026-09-01 09:44:37
asus_rog_zephyrus_512gb,torob,130000000,نو,2026-09-01 09:44:37
microsoft_1tb_surface_pro_11,torob,420800000,نو,2026-09-01 09:44:37
samsung_galaxy,torob,3500000,نو,2026-09-01 09:44:37
intel_core_i5_14400,torob,29498000,نو,2026-09-01 09:44:37
other_soundcore_space_q45,torob,12650000,نو,2026-09-01 09:44:37
microsoft_xbox_series_x,torob,170000000,نو,2026-09-01 09:44:37
samsung_1tb_990evo_plus_2280,torob,38590000,نو,2026-09-01 09:44:37
nvidia_rtx_4060,torob,113990000,نو,2026-09-01 09:44:37
lenovo_rtx_4050_12gb,torob,171000000,نو,2026-09-01 09:44:37
apple_macbook_air_m4_256gb,torob,221499000,نو,2026-09-01 09:44:37
other_s10_pro,digikala,2000000,نو,2026-09-01 09:55:10
other_ultra_49mm,digikala,5424000,نو,2026-09-01 09:55:10
xiaomi_xiaomi,digikala,17865000,نو,2026-09-01 09:55:10
other_43_forerunner_170,digikala,86203000,نو,2026-09-01 09:55:10
other_128gb_600_lite_128,digikala,90140400,نو,2026-09-01 09:55:10
samsung_galaxy_s11_ultra_256gb,digikala,236930000,نو,2026-09-01 09:55:10
lenovo_legion_5_custom_2tb,digikala,439000000,نو,2026-09-01 09:55:10
apple_macbook_air_2026_512gb,digikala,322960000,نو,2026-09-01 09:55:10
other_128gb_5720_128,digikala,3399000,نو,2026-09-01 09:55:10
other_2tb_st2000lm007,digikala,13400000,نو,2026-09-01 09:55:10
apple_49_ultra_natural,digikala,153470000,نو,2026-09-01 09:55:10
other_256gb_edge_60_fusion,digikala,95642000,نو,2026-09-01 09:55:10
asus_tuf_gaming_custom_1tb,digikala,259000000,نو,2026-09-01 09:55:10
lenovo_ideapad__custom_512gb,digikala,150000000,نو,2026-09-01 09:55:10
sony_ps5_slim,digikala,280000000,نو,2026-09-01 09:55:10
apple_512gb_mac_mini_mu9e3,digikala,219990000,نو,2026-09-01 09:55:10
other_32gb_ddr4_3200_cl22,digikala,18980000,نو,2026-09-01 09:55:10
other_as340x_240,digikala,8890000,نو,2026-09-01 09:55:10
other_hd_350bt,digikala,28250000,نو,2026-09-01 09:55:10
other_32gb_2024_215_32,digikala,2977000,نو,2026-09-01 09:55:10
other_512gb_a20plus_512g_512,digikala,26500000,نو,2026-09-01 09:55:10
other_hw3_mini,digikala,3400000,نو,2026-09-01 09:55:10
xiaomi_xiaomi,digikala,12099000,نو,2026-09-01 09:55:10
other_tws,digikala,8500000,نو,2026-09-01 09:55:10
other_650_rb_650,digikala,13500000,نو,2026-09-01 09:55:10
other_32gb_8000n_32,digikala,1890000,نو,2026-09-01 09:55:10
lenovo_legion_5_custom_ram44gb_2tb,digikala,442000000,نو,2026-09-01 09:55:10
asus_vivobook_15_custom_32gb,digikala,103000000,نو,2026-09-01 09:55:10
sony_ps5_slim,digikala,150500000,نو,2026-09-01 09:55:10
asus_tuf_gaming_custom_ram48gb_4tb,digikala,483000000,نو,2026-09-01 09:55:10
samsung_galaxy_a37_256gb,digikala,98000000,نو,2026-09-01 09:55:10
asus_tuf_gaming_custom_ram32gb_2tb,digikala,307000000,نو,2026-09-01 09:55:10
other_256gb_sata_iii_su650,digikala,8700000,نو,2026-09-01 09:55:10
other_85_lw_253,digikala,7000000,نو,2026-09-01 09:55:10
other_nsr_power_35,digikala,8754000,نو,2026-09-01 09:55:10
asus_vivobook_14_custom_128gb,digikala,89300000,نو,2026-09-01 09:55:10
other_44_emd_communicate,digikala,10980000,نو,2026-09-01 09:55:10
lenovo_rtx_5060_32gb,digikala,329490000,نو,2026-09-01 09:55:10
samsung_galaxy_a56_128gb,digikala,89999000,نو,2026-09-01 09:55:10
asus_2tb_15_expertbook_b1,digikala,225500000,نو,2026-09-01 09:55:10
other_boreas_m2_51d,digikala,5700000,نو,2026-09-01 09:55:10
other_plus_yam_true,digikala,9867000,نو,2026-09-01 09:55:10
nvidia_rtx_4070super,digikala,192000000,نو,2026-09-01 09:55:10
samsung_galaxy_a17_256gb,digikala,69990000,نو,2026-09-01 09:55:10
intel_core_e7300,digikala,450000,نو,2026-09-01 09:55:10
other_cit_0061_corei3,digikala,19900000,نو,2026-09-01 09:55:10
other_kraken_z63,digikala,29500000,نو,2026-09-01 09:55:10
other_512gb_aspire_lite_al16,digikala,133100000,نو,2026-09-01 09:55:10
other_128gb_ddr3_1600_cl11,digikala,2000000,نو,2026-09-01 09:55:10
other_1tb_sl500_usb_gen2,digikala,32000000,نو,2026-09-01 09:55:10
other_62_m56,digikala,4650000,نو,2026-09-01 09:55:10
other_airpods_pro_i20,digikala,7020000,نو,2026-09-01 09:55:10
other_mibro_watch_x1,digikala,16940000,نو,2026-09-01 09:55:10
other_r10,digikala,7600000,نو,2026-09-01 09:55:10
other_sata_iii_falcon,digikala,5510000,نو,2026-09-01 09:55:10
other_41_x29_mini,digikala,1980000,نو,2026-09-01 09:55:10
other_kw90_max_45,digikala,1850000,نو,2026-09-01 09:55:10
sony_ps5,divar,99850000,کارکرده,2026-09-01 09:55:14
samsung_galaxy_a30,divar,9700000,کارکرده,2026-09-01 09:55:14
apple_iphone_17,divar,270000000,کارکرده,2026-09-01 09:55:14
samsung_galaxy_a36_256gb,divar,69000000,در حد نو,2026-09-01 09:55:14
sony_ps5,divar,450000,کارکرده,2026-09-01 09:55:14
samsung_32gb_32,divar,23000000,در حد نو,2026-09-01 09:55:14
apple_iphone_13,divar,83000000,در حد نو,2026-09-01 09:55:14
apple_macbook_pro_intel_15inch,divar,46000000,کارکرده,2026-09-01 09:55:14
sony_ps4,divar,30000000,کارکرده,2026-09-01 09:55:14
other_plus,divar,10000000,در حد نو,2026-09-01 09:55:14
apple_macbook_air,divar,105000000,در حد نو,2026-09-01 09:55:14
sony_ps5,divar,2000000,کارکرده,2026-09-01 09:55:14
amd_rx_6700xt,divar,59000000,در حد نو,2026-09-01 09:55:14
sony_ps5,divar,2000000,کارکرده,2026-09-01 09:55:14
apple_macbook_pro,divar,12000000,کارکرده,2026-09-01 09:55:14
amd_rx_6900xt,divar,101000000,در حد نو,2026-09-01 09:55:14
sony_ps5,divar,10000,کارکرده,2026-09-01 09:55:14
apple_macbook_pro_m1_pro,divar,200000000,کارکرده,2026-09-01 09:55:14
amd_rx_580,divar,10000000,در حد نو,2026-09-01 09:55:14
sony_ps5,divar,2000000,کارکرده,2026-09-01 09:55:14
apple_macbook_pro_m1,divar,118800000,در حد نو,2026-09-01 09:55:14
sony_ps5,divar,1200000,کارکرده,2026-09-01 09:55:14
sony_ps5,divar,50000,کارکرده,2026-09-01 09:55:14
amd_rx_5700xt,divar,21000000,در حد نو,2026-09-01 09:55:14
sony_ps5,divar,2000000,کارکرده,2026-09-01 09:55:14
apple_macbook_m1,divar,100000000,در حد نو,2026-09-01 09:55:14
amd_rx_580,divar,10500000,در حد نو,2026-09-01 09:55:14
sony_ps5,divar,500000,کارکرده,2026-09-01 09:55:14
amd_rx_5700xt,divar,165000000,در حد نو,2026-09-01 09:55:14
sony_ps5,divar,888888888,کارکرده,2026-09-01 09:55:14
sony_ps5,divar,90000000,کارکرده,2026-09-01 09:55:14
sony_ps5,divar,95000000,کارکرده,2026-09-01 09:55:14
sony_ps5,divar,95000000,کارکرده,2026-09-01 09:55:14
apple_macbook,divar,30000000,در حد نو,2026-09-01 09:55:14
amd_rx_6700xt,divar,57000000,در حد نو,2026-09-01 09:55:14
sony_ps5,divar,100000,کارکرده,2026-09-01 09:55:14
apple_macbook_pro,divar,220000000,کارکرده,2026-09-01 09:55:14
amd_rx_580,divar,12000000,در حد نو,2026-09-01 09:55:14
amd_rx_580,divar,15000000,کارکرده,2026-09-01 09:55:14
sony_ps5_slim,divar,10000,کارکرده,2026-09-01 09:55:14
sony_ps5_slim,divar,10000,کارکرده,2026-09-01 09:55:14
apple_macbook_air_m1,divar,96700000,کارکرده,2026-09-01 09:55:14
amd_rx_580,divar,12000000,در حد نو,2026-09-01 09:55:14
sony_ps5,divar,99000000,کارکرده,2026-09-01 09:55:14
amd_rx_5700xt,divar,165000000,در حد نو,2026-09-01 09:55:14
amd_rx_590,divar,16500000,در حد نو,2026-09-01 09:55:14
sony_ps5,divar,100000,کارکرده,2026-09-01 09:55:14
sony_ps5,divar,10000,کارکرده,2026-09-01 09:55:14
sony_ps5_slim,divar,10000,کارکرده,2026-09-01 09:55:14
apple_macbook_air_m1,divar,96700000,کارکرده,2026-09-01 09:55:14
amd_rx_590,divar,16500000,در حد نو,2026-09-01 09:55:14
nvidia_rx_580,divar,785000000,کارکرده,2026-09-01 09:55:14
sony_ps5,divar,1000,کارکرده,2026-09-01 09:55:14
apple_macbook,divar,99000000,در حد نو,2026-09-01 09:55:14
amd_rx_580,divar,12000000,در حد نو,2026-09-01 09:55:14
amd_rx_580,divar,12000000,در حد نو,2026-09-01 09:55:14
sony_ps5,divar,150000,کارکرده,2026-09-01 09:55:14
apple_macbook,divar,30000000,در حد نو,2026-09-01 09:55:14
amd_rx_580,divar,11500000,در حد نو,2026-09-01 09:55:14
amd_rx_580,divar,12000000,در حد نو,2026-09-01 09:55:14
sony_ps5,divar,50000,کارکرده,2026-09-01 09:55:14
apple_macbook_air_2019,divar,65000000,در حد نو,2026-09-01 09:55:14
nvidia_rx_580,divar,785000000,کارکرده,2026-09-01 09:55:14
sony_ps4,divar,40000000,کارکرده,2026-09-01 09:55:14
sony_ps4,divar,68000000,در حد نو,2026-09-01 09:55:14
apple_macbook_air_m4,divar,195000000,در حد نو,2026-09-01 09:55:14
amd_rx_590,divar,16500000,در حد نو,2026-09-01 09:55:14
amd_rx_590,divar,16500000,در حد نو,2026-09-01 09:55:14
sony_ps5,divar,100000,کارکرده,2026-09-01 09:55:14
apple_macbook_pro_m2,divar,165000000,در حد نو,2026-09-01 09:55:14
amd_rx_580,divar,11700000,در حد نو,2026-09-01 09:55:14
sony_ps5,divar,100000,کارکرده,2026-09-01 09:55:14
sony_ps5,divar,1500000,در حد نو,2026-09-01 09:55:14
sony_ps5,divar,1800000,کارکرده,2026-09-01 09:55:14
amd_rx_580,divar,15000000,کارکرده,2026-09-01 09:55:14
sony_ps4,divar,650000,کارکرده,2026-09-01 09:55:14
amd_rx_580,divar,54900000,در حد نو,2026-09-01 09:55:14
amd_rx_6700xt,divar,57000000,در حد نو,2026-09-01 09:55:14
sony_ps5,divar,2000000,کارکرده,2026-09-01 09:55:14
amd_rx_6600,divar,35900000,در حد نو,2026-09-01 09:55:14
sony_ps5_slim,divar,10000,کارکرده,2026-09-01 09:55:14
apple_macbook_pro_intel_2019_256gb,divar,86500000,در حد نو,2026-09-01 09:55:14
sony_ps5,divar,40000000,کارکرده,2026-09-01 09:55:14
apple_macbook_pro_m1_pro,divar,135500000,در حد نو,2026-09-01 09:55:14
apple_macbook,divar,2000000000,توافقی,2026-09-01 09:55:14
amd_rx_580,divar,11700000,در حد نو,2026-09-01 09:55:14
sony_ps5,divar,15000000,کارکرده,2026-09-01 09:55:14
apple_macbook_air,divar,115000000,در حد نو,2026-09-01 09:55:14
apple_macbook_pro_m2,divar,180000000,در حد نو,2026-09-01 09:55:14
nvidia_rx_580,divar,785000000,کارکرده,2026-09-01 09:55:14
sony_ps5,divar,40000000,کارکرده,2026-09-01 09:55:14
sony_ps5,divar,2000000,کارکرده,2026-09-01 09:55:14
apple_macbook_air_m1_256gb,divar,96000000,در حد نو,2026-09-01 09:55:14
other_i5_12400f,divar,83900000,در حد نو,2026-09-01 09:55:14
sony_ps5,divar,10000,کارکرده,2026-09-01 09:55:14
sony_ps5,divar,50000000,کارکرده,2026-09-01 09:55:14
sony_ps5,divar,1000000,کارکرده,2026-09-01 09:55:14
apple_macbook_air_2017,divar,38000000,در حد نو,2026-09-01 09:55:14
amd_rx_5500xt,divar,85900000,در حد نو,2026-09-01 09:55:14
amd_rx_5500xt,divar,85900000,در حد نو,2026-09-01 09:55:14
sony_ps5,divar,100000000,کارکرده,2026-09-01 09:55:14
apple_macbook_air_m1_256gb,divar,96000000,در حد نو,2026-09-01 09:55:14
amd_rx_470,divar,6200000,کارکرده,2026-09-01 09:55:14
apple_macbook_pro,divar,35000000,در حد نو,2026-09-01 09:55:14
sony_ps4,divar,68000000,در حد نو,2026-09-01 09:55:14
apple_macbook,divar,38000000,در حد نو,2026-09-01 09:55:14
amd_rx_580,divar,13000000,در حد نو,2026-09-01 09:55:14
amd_rx_580,divar,13000000,در حد نو,2026-09-01 09:55:14
sony_ps5,divar,50000,کارکرده,2026-09-01 09:55:14
apple_apple_ipad_3rd,divar,32000000,کارکرده,2026-09-01 09:55:14
apple_macbook_pro_intel,divar,18000000,کارکرده,2026-09-01 09:55:14
apple_macbook_pro_intel,divar,18000000,کارکرده,2026-09-01 09:55:14
amd_rx_470,divar,6200000,کارکرده,2026-09-01 09:55:14
sony_ps5_slim,divar,10000,کارکرده,2026-09-01 09:55:14
apple_macbook_pro_m1,divar,115000000,کارکرده,2026-09-01 09:55:14
other_200,divar,24800000,در حد نو,2026-09-01 09:55:14
amd_rx_580,divar,10000000,کارکرده,2026-09-01 09:55:14
sony_ps5,divar,100000,کارکرده,2026-09-01 09:55:14
microsoft_xbox,divar,20000000,کارکرده,2026-09-01 09:55:14
sony_ps5,divar,85000000,کارکرده,2026-09-01 09:55:14
microsoft_xbox_one_s,divar,1000,کارکرده,2026-09-01 09:55:14
apple_macbook_air_m4,divar,215000000,کارکرده,2026-09-01 09:55:14
amd_rx_5700xt,divar,165000000,در حد نو,2026-09-01 09:55:14
sony_ps5,divar,100000,کارکرده,2026-09-01 09:55:14
sony_ps5,divar,100000,کارکرده,2026-09-01 09:55:14
sony_e15i,esam,4277776,دست دوم,2026-09-01 09:55:15
other_12,esam,449000,دست دوم,2026-09-01 09:55:15
other_17,esam,149000,دست دوم,2026-09-01 09:55:15
lenovo_tab_x304x_10,esam,8000000,نو,2026-09-01 09:55:15
other_10,esam,250000,دست دوم,2026-09-01 09:55:15
intel_core_i5_13400f,torob,30270000,نو,2026-09-01 09:55:16
apple_iphone_7,torob,840000,نو,2026-09-01 09:55:16
nvidia_rtx_4070ti,torob,255000000,نو,2026-09-01 09:55:16
other_64gb_2025_108_64,torob,1222900,نو,2026-09-01 09:55:16
asus_rog,torob,304000000,نو,2026-09-01 09:55:16
other_1tb_predator_helios_neo,torob,259000000,نو,2026-09-01 09:55:16
xiaomi_xiaomi,torob,1599000,نو,2026-09-01 09:55:16
apple_iphone_256gb,torob,182000000,نو,2026-09-01 09:55:16
other_cyborg_15_b2rwekg,torob,407969000,نو,2026-09-01 09:55:16
other_band,torob,12878000,نو,2026-09-01 09:55:16
samsung_1tb_t7_shield,torob,42499000,نو,2026-09-01 09:55:16
hp_rtx_4050,torob,207000000,نو,2026-09-01 09:55:16
samsung_galaxy_a15,torob,720000,نو,2026-09-01 09:55:16
asus_rog_zephyrus_1tb,torob,160000000,نو,2026-09-01 09:55:16
apple_iphone_16_pro_max_256gb,torob,16890000,نو,2026-09-01 09:55:16
samsung_galaxy,torob,3014000,نو,2026-09-01 09:55:16
intel_intel_core_i5,torob,27500000,نو,2026-09-01 09:55:16
xiaomi_xiaomi,torob,8395000,نو,2026-09-01 09:55:16
other_d1200_ip55,torob,12715000,نو,2026-09-01 09:55:16
nintendo_64gb_oled_64,torob,95000000,نو,2026-09-01 09:55:16
samsung_980pro_2280_nvme,torob,33700000,نو,2026-09-01 09:55:16
asus_rtx_4060ti,torob,179999000,نو,2026-09-01 09:55:16
lenovo_ideapad__512gb,torob,103000000,نو,2026-09-01 09:55:16
apple_macbook_pro_m2_256gb,torob,172200000,نو,2026-09-01 09:55:16
samsung_galaxy_a17_128gb,torob,49000000,نو,2026-09-01 09:55:16
other_bh02_02_01,digikala,7999900,نو,2026-09-01 10:34:52
other_r11,digikala,12800000,نو,2026-09-01 10:34:52
other_256gb_ultra_dual_drive,digikala,7000000,نو,2026-09-01 10:34:52
other_openmeet,digikala,49500000,نو,2026-09-01 10:34:52
other_hd770g_usb_type,digikala,33460000,نو,2026-09-01 10:34:52
sony_ps4_slim,digikala,105500000,نو,2026-09-01 10:34:52
nvidia_rtx_5050_32gb,digikala,326990000,نو,2026-09-01 10:34:52
lenovo_512gb_16_thinkbook_16,digikala,111000000,نو,2026-09-01 10:34:52
sony_ps5_slim,digikala,157000000,نو,2026-09-01 10:34:52
other_256gb_nxtpaper_14_wi,digikala,70000000,نو,2026-09-01 10:34:52
intel_core_i5_11400,digikala,35399000,نو,2026-09-01 10:34:52
lenovo_1tb_15_v15_g5,digikala,217000000,نو,2026-09-01 10:34:52
lenovo_ideapad_1_256gb,digikala,79900000,نو,2026-09-01 10:34:52
apple_macbook_pro_2026_1tb,digikala,833710000,نو,2026-09-01 10:34:52
lenovo_512gb_15_v15_g4,digikala,85400000,نو,2026-09-01 10:34:52
sony_ps5_slim,digikala,210000000,نو,2026-09-01 10:34:52
samsung_galaxy,digikala,15480000,نو,2026-09-01 10:34:52
other_4b_lw86,digikala,4500000,نو,2026-09-01 10:34:52
other_43_ss050495000,digikala,54100000,نو,2026-09-01 10:34:52
hp_512gb,digikala,311000000,نو,2026-09-01 10:34:52
other_sata_iii_spatium,digikala,9400000,نو,2026-09-01 10:34:52
other_bx500_500,digikala,23500000,نو,2026-09-01 10:34:52
other_95_sw08,digikala,9200000,نو,2026-09-01 10:34:52
other_cmf_buds_plus,digikala,7758000,نو,2026-09-01 10:34:52
intel_core_i3_12100f,digikala,22789000,نو,2026-09-01 10:34:52
lenovo_legion_5_custom_ram32gb_32gb,digikala,377000000,نو,2026-09-01 10:34:52
asus_rog_strix_ram32gb_32gb,digikala,561000000,نو,2026-09-01 10:34:52
other_gt_aq12_mb,digikala,16740000,نو,2026-09-01 10:34:52
asus_rtx_5060,digikala,132000000,نو,2026-09-01 10:34:52
asus_tuf_gaming_custom_ram44gb_2tb,digikala,371000000,نو,2026-09-01 10:34:52
intel_core_i9_14900kf,digikala,89500000,نو,2026-09-01 10:34:52
asus_tuf_gaming_custom_1tb,digikala,257000000,نو,2026-09-01 10:34:52
hp_1tb,digikala,379000000,نو,2026-09-01 10:34:52
asus_vivobook_15_custom_32gb,digikala,135000000,نو,2026-09-01 10:34:52
other_19_l01,digikala,5005930,نو,2026-09-01 10:34:52
other_ghn_boom_pop,digikala,8521000,نو,2026-09-01 10:34:52
lenovo_legion_5_custom_ram48gb_512gb,digikala,398000000,نو,2026-09-01 10:34:52
other_sfn_quikly_st,digikala,9632000,نو,2026-09-01 10:34:52
lenovo_32gb_15_v15_g4,digikala,143990000,نو,2026-09-01 10:34:52
asus_prime_b850_plus,digikala,40100000,نو,2026-09-01 10:34:52
samsung_galaxy_s10_plus_256gb,digikala,198830000,نو,2026-09-01 10:34:52
other_soundcore_c40i,digikala,7745000,نو,2026-09-01 10:34:52
other_plus_bg_wireless,digikala,8985000,نو,2026-09-01 10:34:52
other_1tb_si712pw_i7_1260p,digikala,187000000,نو,2026-09-01 10:34:52
other_legend_960_max,digikala,43499000,نو,2026-09-01 10:34:52
other_t2c,digikala,7980000,نو,2026-09-01 10:34:52
other_47_7in1_seven,digikala,5500000,نو,2026-09-01 10:34:52
lenovo_27_thinkcentre_neo,digikala,227000000,نو,2026-09-01 10:34:52
asus_vivobook_15_32gb,digikala,119900000,نو,2026-09-01 10:34:52
other_ddr3_1333_cl9,digikala,1500000,نو,2026-09-01 10:34:52
samsung_galaxy,digikala,4150000,نو,2026-09-01 10:34:52
other_gp_gstfs31240gntd_240gb,digikala,7800000,نو,2026-09-01 10:34:52
other_1tb_xs2000_usb_gen2,digikala,27500000,نو,2026-09-01 10:34:52
samsung_galaxy,digikala,4500000,نو,2026-09-01 10:34:52
other_gr1,digikala,6997000,نو,2026-09-01 10:34:52
other_44_akb_modern,digikala,15900000,نو,2026-09-01 10:34:52
other_atn_a799_bluetooth,digikala,7521000,نو,2026-09-01 10:34:52
other_45_x62,digikala,1955000,نو,2026-09-01 10:34:52
lenovo_rtx_5060_44gb,digikala,391000000,نو,2026-09-01 10:34:52
samsung_256gb_s23ultra_256_12,divar,120000000,کارکرده,2026-09-01 10:34:56
other_s2fe,divar,38500000,کارکرده,2026-09-01 10:34:56
apple_iphone,divar,35000000,کارکرده,2026-09-01 10:34:56
sony_ps5,divar,500000,کارکرده,2026-09-01 10:34:56
samsung_galaxy_s23,divar,99000000,در حد نو,2026-09-01 10:34:56
samsung_galaxy_a07_128gb,divar,32000000,در حد نو,2026-09-01 10:34:56
apple_iphone_13,divar,110000000,کارکرده,2026-09-01 10:34:56
other_a31,divar,7900000,کارکرده,2026-09-01 10:34:56
sony_ps5,divar,40000000,کارکرده,2026-09-01 10:34:56
other_a51,divar,18000000,در حد نو,2026-09-01 10:34:56
apple_macbook_air_m2_256gb,divar,145000000,در حد نو,2026-09-01 10:34:56
sony_ps4,divar,35000000,در حد نو,2026-09-01 10:34:56
apple_ultra_applewhatch_ultra2,divar,68000000,در حد نو,2026-09-01 10:34:56
apple_macbook_air_2013,divar,40000000,کارکرده,2026-09-01 10:34:56
amd_rx_6700xt,divar,59000000,در حد نو,2026-09-01 10:34:56
sony_ps5_pro,divar,49000000,در حد نو,2026-09-01 10:34:56
apple_macbook,divar,1000000000,کارکرده,2026-09-01 10:34:56
amd_rx_580,divar,12500000,در حد نو,2026-09-01 10:34:56
amd_rx_580,divar,7000000,نو (پلمپ/آکبند),2026-09-01 10:34:56
sony_ps5_slim,divar,10000,کارکرده,2026-09-01 10:34:56
apple_512gb_ipad_pro_m4,divar,200000000,در حد نو,2026-09-01 10:34:56
sony_ps5,divar,100000000,کارکرده,2026-09-01 10:34:56
apple_macbook,divar,1000000000,کارکرده,2026-09-01 10:34:56
amd_rx_580,divar,12700000,در حد نو,2026-09-01 10:34:56
sony_ps5_slim,divar,10000,کارکرده,2026-09-01 10:34:56
apple_512gb_ipad_pro_m4,divar,200000000,در حد نو,2026-09-01 10:34:56
apple_macbook_pro_2015,divar,38000000,در حد نو,2026-09-01 10:34:56
amd_rx_580,divar,12500000,در حد نو,2026-09-01 10:34:56
sony_ps5,divar,400000,کارکرده,2026-09-01 10:34:56
sony_ps5,divar,500000,کارکرده,2026-09-01 10:34:56
sony_ps5,divar,999000000,کارکرده,2026-09-01 10:34:56
apple_macbook_pro_m1_pro,divar,200000000,کارکرده,2026-09-01 10:34:56
amd_rx_470,divar,6200000,کارکرده,2026-09-01 10:34:56
sony_ps5,divar,150000,کارکرده,2026-09-01 10:34:56
amd_rx_470,divar,6200000,کارکرده,2026-09-01 10:34:56
sony_ps5_digital,divar,50000000,کارکرده,2026-09-01 10:34:56
sony_ps5_digital,divar,50000000,کارکرده,2026-09-01 10:34:56
sony_ps5,divar,3000000,در حد نو,2026-09-01 10:34:56
sony_ps5,divar,3000000,در حد نو,2026-09-01 10:34:56
apple_macbook_pro_m3_pro_14inch_512gb,divar,325000000,کارکرده,2026-09-01 10:34:56
amd_rx_5700xt,divar,165000000,در حد نو,2026-09-01 10:34:56
sony_ps5,divar,80000000,کارکرده,2026-09-01 10:34:56
apple_macbook_pro_m1_pro,divar,216000000,در حد نو,2026-09-01 10:34:56
amd_rx_6800,divar,169000000,کارکرده,2026-09-01 10:34:56
amd_rx_580,divar,11700000,در حد نو,2026-09-01 10:34:56
sony_ps5,divar,100000,کارکرده,2026-09-01 10:34:56
sony_ps5,divar,1300000,کارکرده,2026-09-01 10:34:56
apple_macbook_pro_m3_pro_14inch_512gb,divar,325000000,کارکرده,2026-09-01 10:34:56
amd_rx_580,divar,11500000,در حد نو,2026-09-01 10:34:56
amd_rx_5700xt,divar,165000000,در حد نو,2026-09-01 10:34:56
sony_ps5,divar,50000,کارکرده,2026-09-01 10:34:56
apple_macbook_air_2019,divar,65000000,در حد نو,2026-09-01 10:34:56
amd_rx_7900xt,divar,160000000,در حد نو,2026-09-01 10:34:56
sony_ps5,divar,10000,کارکرده,2026-09-01 10:34:56
amd_rx_6800,divar,75000000,در حد نو,2026-09-01 10:34:56
sony_ps4,divar,40000000,کارکرده,2026-09-01 10:34:56
apple_macbook,divar,1000000000,توافقی,2026-09-01 10:34:56
amd_rx_580,divar,12000000,کارکرده,2026-09-01 10:34:56
sony_ps5,divar,1000,کارکرده,2026-09-01 10:34:56
sony_ps5,divar,1000,کارکرده,2026-09-01 10:34:56
apple_macbook_pro_m1,divar,100000000,در حد نو,2026-09-01 10:34:56
amd_rx_5700xt,divar,165000000,در حد نو,2026-09-01 10:34:56
sony_ps5,divar,100000,کارکرده,2026-09-01 10:34:56
apple_macbook,divar,5000000,کارکرده,2026-09-01 10:34:56
amd_rx_6700xt,divar,61000000,در حد نو,2026-09-01 10:34:56
sony_ps4,divar,68000000,در حد نو,2026-09-01 10:34:56
sony_ps5,divar,10000,کارکرده,2026-09-01 10:34:56
apple_macbook_pro,divar,350000000,کارکرده,2026-09-01 10:34:56
amd_rx_580,divar,12000000,کارکرده,2026-09-01 10:34:56
sony_ps5,divar,150000,کارکرده,2026-09-01 10:34:56
apple_macbook_pro,divar,26000000,در حد نو,2026-09-01 10:34:56
amd_rx_5700xt,divar,165000000,در حد نو,2026-09-01 10:34:56
sony_ps5,divar,1000,کارکرده,2026-09-01 10:34:57
nvidia_rx_580,divar,785000000,کارکرده,2026-09-01 10:34:57
sony_ps5,divar,2000000,کارکرده,2026-09-01 10:34:57
apple_macbook_pro_2019_16inch,divar,90000000,کارکرده,2026-09-01 10:34:57
amd_rx_6900xt,divar,86500000,در حد نو,2026-09-01 10:34:57
amd_rx_6600,divar,35900000,در حد نو,2026-09-01 10:34:57
sony_ps5,divar,1000,کارکرده,2026-09-01 10:34:57
apple_macbook_air_m2,divar,155000000,در حد نو,2026-09-01 10:34:57
samsung_level_u2_eo,divar,10800000,کارکرده,2026-09-01 10:34:57
amd_rx_580,divar,79000000,در حد نو,2026-09-01 10:34:57
sony_ps4,divar,35000000,در حد نو,2026-09-01 10:34:57
amd_rx_5700xt,divar,165000000,در حد نو,2026-09-01 10:34:57
sony_ps5,divar,40000000,کارکرده,2026-09-01 10:34:57
sony_ps5,divar,50000,کارکرده,2026-09-01 10:34:57
apple_macbook_pro,divar,35000000,کارکرده,2026-09-01 10:34:57
sony_ps5,divar,90000000,کارکرده,2026-09-01 10:34:57
sony_ps5,divar,90000000,کارکرده,2026-09-01 10:34:57
amd_rx_580,divar,1000,در حد نو,2026-09-01 10:34:57
sony_ps5,divar,50000,کارکرده,2026-09-01 10:34:57
sony_ps5,divar,1500000,کارکرده,2026-09-01 10:34:57
apple_macbook,divar,450000000,در حد نو,2026-09-01 10:34:57
amd_rx_580,divar,1000,در حد نو,2026-09-01 10:34:57
sony_ps5,divar,100000000,کارکرده,2026-09-01 10:34:57
apple_macbook_pro_2012,divar,22000000,کارکرده,2026-09-01 10:34:57
amd_rx_470,divar,6200000,کارکرده,2026-09-01 10:34:57
amd_rx_580,divar,79000000,در حد نو,2026-09-01 10:34:57
sony_ps5,divar,2000000,کارکرده,2026-09-01 10:34:57
sony_ps5,divar,90000000,کارکرده,2026-09-01 10:34:57
apple_macbook_air_m4,divar,195000000,در حد نو,2026-09-01 10:34:57
apple_macbook,divar,2000000000,توافقی,2026-09-01 10:34:57
sony_ps5,divar,40000000,در حد نو,2026-09-01 10:34:57
apple_macbook_pro_2019,divar,99800000,کارکرده,2026-09-01 10:34:57
apple_macbook_pro_2019,divar,99800000,کارکرده,2026-09-01 10:34:57
amd_rx_590,divar,17500000,در حد نو,2026-09-01 10:34:57
sony_ps5,divar,100000000,کارکرده,2026-09-01 10:34:57
sony_ps5,divar,95000000,کارکرده,2026-09-01 10:34:57
other_pro2,divar,600000,کارکرده,2026-09-01 10:34:57
other_12,divar,109700000,کارکرده,2026-09-01 10:34:57
sony_ps5_slim,divar,10000,کارکرده,2026-09-01 10:34:57
apple_1tb_pro_m4_13,divar,200000000,در حد نو,2026-09-01 10:34:57
sony_ps5,divar,300000,کارکرده,2026-09-01 10:34:57
sony_ps5_slim,divar,10000,کارکرده,2026-09-01 10:34:57
sony_ps5,divar,700000,کارکرده,2026-09-01 10:34:57
sony_ps5,divar,700000,کارکرده,2026-09-01 10:34:57
sony_ps5,divar,90000000,در حد نو,2026-09-01 10:34:57
apple_macbook_pro_intel,divar,18000000,کارکرده,2026-09-01 10:34:57
other_12,divar,109700000,کارکرده,2026-09-01 10:34:57
other_11,esam,780000,دست دوم,2026-09-01 10:34:58
other_500,esam,130000,دست دوم,2026-09-01 10:34:58
other_x1,esam,2800000,دست دوم,2026-09-01 10:34:58
samsung_galaxy,torob,360000,نو,2026-09-01 10:34:59
samsung_1tb_t7_shield,torob,48000000,نو,2026-09-01 10:34:59
samsung_galaxy,torob,225600,نو,2026-09-01 10:34:59
xiaomi_xiaomi,torob,574000,نو,2026-09-01 10:34:59
apple_macbook_air_m2_1tb,torob,171070000,نو,2026-09-01 10:34:59
apple_apple_watch_series,torob,1150000,نو,2026-09-01 10:34:59
asus_rtx_3050ti,torob,128000000,نو,2026-09-01 10:34:59
xiaomi_xiaomi,torob,2550000,نو,2026-09-01 10:34:59
asus_tuf_gaming,torob,120000000,نو,2026-09-01 10:34:59
asus_512gb,torob,256499000,نو,2026-09-01 10:34:59
samsung_galaxy_s23_ultra,torob,245000,نو,2026-09-01 10:34:59
apple_macbook_pro_2026_16inch_36tb,torob,790000000,نو,2026-09-01 10:34:59
samsung_256gb_s9_x716_256,torob,175245000,نو,2026-09-01 10:34:59
microsoft_xbox_series_s,torob,58000000,نو,2026-09-01 10:34:59
nvidia_rtx_3050,torob,68563000,نو,2026-09-01 10:34:59
other_128gb_q555_128,torob,19850000,نو,2026-09-01 10:34:59
other_soundcore_r50i_nc,torob,3080000,نو,2026-09-01 10:34:59
sony_ps5_slim,torob,130000000,نو,2026-09-01 10:34:59
asus_prime_b760m_d4,torob,25236000,نو,2026-09-01 10:34:59
asus_rog_strix,torob,483250000,نو,2026-09-01 10:34:59
lenovo_legion_7_3tb,torob,892440000,نو,2026-09-01 10:34:59
other_ks,digikala,9603000,نو,2026-09-01 11:34:45
other_ltra,digikala,14000000,نو,2026-09-01 11:34:45
asus_rtx_5060,digikala,104339500,نو,2026-09-01 11:34:45
other_18tb_my_book_desktop,digikala,142500000,نو,2026-09-01 11:34:45
apple_macbook_pro_2025_1tb,digikala,506000000,نو,2026-09-01 11:34:45
asus_tuf_gaming_custom_ram32gb_1tb,digikala,358000000,نو,2026-09-01 11:34:45
lenovo_rtx_4050_24gb,digikala,295900000,نو,2026-09-01 11:34:45
lenovo_256gb_v15_g2_ijl,digikala,72000000,نو,2026-09-01 11:34:45
sony_ps5_slim,digikala,157000000,نو,2026-09-01 11:34:45
other_256gb_matepad_pro_12,digikala,235850000,نو,2026-09-01 11:34:45
other_trackfit,digikala,5900000,نو,2026-09-01 11:34:45
other_256gb_c71_256,digikala,48500000,نو,2026-09-01 11:34:45
asus_vivobook_15_512gb,digikala,143000000,نو,2026-09-01 11:34:45
lenovo_ideapad__custom_512gb,digikala,150000000,نو,2026-09-01 11:34:45
asus_tuf_gaming_custom_1tb,digikala,336000000,نو,2026-09-01 11:34:45
asus_rog_strix_custom_ram32gb_2tb,digikala,560000000,نو,2026-09-01 11:34:45
other_1tb_sc610_usb_gen2,digikala,22000000,نو,2026-09-01 11:34:45
other_whg02p,digikala,16100000,نو,2026-09-01 11:34:45
lenovo_rtx_4050_32gb,digikala,435000000,نو,2026-09-01 11:34:45
xiaomi_xiaomi,digikala,19800000,نو,2026-09-01 11:34:45
other_falcon,digikala,18900000,نو,2026-09-01 11:34:45
intel_1tb_pcie_gen3_x4,digikala,59000000,نو,2026-09-01 11:34:45
other_32gb_32_aura,digikala,6900000,نو,2026-09-01 11:34:45
other_51_fenix_pro,digikala,312000000,نو,2026-09-01 11:34:45
other_bs_tune_flex,digikala,28000000,نو,2026-09-01 11:34:45
other_la360_argb_sync,digikala,16000000,نو,2026-09-01 11:34:45
lenovo_rtx_5050_40gb,digikala,333000000,نو,2026-09-01 11:34:45
asus_rog_strix_custom_ram32gb_2tb,digikala,619999000,نو,2026-09-01 11:34:45
sony_ps4_slim,digikala,109000000,نو,2026-09-01 11:34:45
asus_tuf_gaming_custom_ram48gb_3tb,digikala,459000000,نو,2026-09-01 11:34:45
other_512gb_400_512_12,digikala,140550000,نو,2026-09-01 11:34:45
asus_tuf_gaming_custom_2tb,digikala,304950000,نو,2026-09-01 11:34:45
other_eco_h81_core,digikala,23300000,نو,2026-09-01 11:34:45
lenovo_rtx_5050_32gb,digikala,295900000,نو,2026-09-01 11:34:45
other_mon_ultimate_10,digikala,9321000,نو,2026-09-01 11:34:45
other_tfa_boom_pop,digikala,8925900,نو,2026-09-01 11:34:45
asus_vivobook_15_32gb,digikala,118000000,نو,2026-09-01 11:34:45
other_doc_oeb_travel,digikala,6957160,نو,2026-09-01 11:34:45
other_expansion,digikala,33000000,نو,2026-09-01 11:34:45
lenovo_rtx_5060_12gb,digikala,325000000,نو,2026-09-01 11:34:45
other_32gb_e180_32_64,digikala,1670000,نو,2026-09-01 11:34:45
other_512gb_sata_iii_sa500,digikala,9200000,نو,2026-09-01 11:34:45
asus_rog_strix_custom_ram48gb_4tb,digikala,611000000,نو,2026-09-01 11:34:45
lenovo_1tb_14_v14_g5,digikala,128200000,نو,2026-09-01 11:34:45
microsoft_surface_headphones,digikala,28000000,نو,2026-09-01 11:34:45
other_life_p2i,digikala,12100000,نو,2026-09-01 11:34:45
other_rs_1340_16gb,digikala,39000000,نو,2026-09-01 11:34:45
intel_pentium_g2030_tray,digikala,600000,نو,2026-09-01 11:34:45
asus_vivobook_15_custom_1tb,digikala,160000000,نو,2026-09-01 11:34:45
other_4tb_s300_surveillance,digikala,51100000,نو,2026-09-01 11:34:45
other_52_sk50_pro,digikala,4980000,نو,2026-09-01 11:34:45
other_49_zt_max40,digikala,7600000,نو,2026-09-01 11:34:45
other_ticwatch_pro_elite,digikala,66700000,نو,2026-09-01 11:34:45
other_dhp_hamovizice9,digikala,8100000,نو,2026-09-01 11:34:45
other_iw8_ultra,digikala,2100000,نو,2026-09-01 11:34:45
other_tws,digikala,6500000,نو,2026-09-01 11:34:45
other_14pro256zaa,divar,145000000,کارکرده,2026-09-01 11:34:49
samsung_galaxy_s23_ultra_512gb,divar,145000000,کارکرده,2026-09-01 11:34:49
apple_1tb_13_pro_max,divar,1230000000,کارکرده,2026-09-01 11:34:49
apple_iphone,divar,190000000,کارکرده,2026-09-01 11:34:49
apple_iphone_13_pro_max,divar,80000000,توافقی,2026-09-01 11:34:49
samsung_s21fe_5g,divar,49000000,در حد نو,2026-09-01 11:34:49
apple_macbook_air_m4,divar,3900000,کارکرده,2026-09-01 11:34:49
other_item_59a739a3,divar,1800000,کارکرده,2026-09-01 11:34:49
other_128gb_23fe_128g,divar,65000000,کارکرده,2026-09-01 11:34:49
other_a56_5g,divar,107000000,کارکرده,2026-09-01 11:34:49
apple_iphone_16,divar,220000000,کارکرده,2026-09-01 11:34:49
apple_iphone_6,divar,8000000,در حد نو,2026-09-01 11:34:49
apple_iphone_13_128gb,divar,90000000,در حد نو,2026-09-01 11:34:49
amd_rx_5700xt,divar,33000000,کارکرده,2026-09-01 11:34:49
apple_iphone_17_pro_max,divar,17000000,کارکرده,2026-09-01 11:34:49
amd_cpu_ryzen_3600,divar,20000000,کارکرده,2026-09-01 11:34:49
sony_ps4,divar,40000000,کارکرده,2026-09-01 11:34:49
sony_ps5_slim,divar,10000,کارکرده,2026-09-01 11:34:49
microsoft_xbox,divar,2000,کارکرده,2026-09-01 11:34:49
apple_macbook_pro_m4_pro,divar,430000000,کارکرده,2026-09-01 11:34:49
amd_rx_580,divar,10000000,کارکرده,2026-09-01 11:34:49
sony_ps5,divar,1300000,در حد نو,2026-09-01 11:34:49
apple_macbook_pro,divar,35000000,در حد نو,2026-09-01 11:34:49
amd_rx_580,divar,9950000,در حد نو,2026-09-01 11:34:49
sony_ps5_pro,divar,49000000,در حد نو,2026-09-01 11:34:49
sony_ps5,divar,900000,کارکرده,2026-09-01 11:34:49
apple_macbook_pro_2015,divar,38000000,در حد نو,2026-09-01 11:34:49
amd_rx_470,divar,6200000,کارکرده,2026-09-01 11:34:49
sony_ps5,divar,7000000,در حد نو,2026-09-01 11:34:49
sony_ps5,divar,999000000,کارکرده,2026-09-01 11:34:49
nvidia_rx_580,divar,785000000,کارکرده,2026-09-01 11:34:49
sony_ps5,divar,50000,کارکرده,2026-09-01 11:34:49
amd_rx_6700xt,divar,59000000,در حد نو,2026-09-01 11:34:49
sony_ps5,divar,1000000,کارکرده,2026-09-01 11:34:49
amd_rx_6800,divar,180000000,کارکرده,2026-09-01 11:34:49
sony_ps5,divar,150000,کارکرده,2026-09-01 11:34:49
sony_ps5,divar,90000000,کارکرده,2026-09-01 11:34:49
amd_rx_6900xt,divar,101000000,در حد نو,2026-09-01 11:34:49
sony_ps5_digital,divar,50000000,کارکرده,2026-09-01 11:34:49
amd_rx_7900xt,divar,165000000,در حد نو,2026-09-01 11:34:49
sony_ps5,divar,450000,کارکرده,2026-09-01 11:34:49
apple_macbook_air_m1,divar,100000000,در حد نو,2026-09-01 11:34:49
amd_rx_6800xt,divar,75500000,کارکرده,2026-09-01 11:34:49
sony_ps5,divar,888888888,کارکرده,2026-09-01 11:34:49
sony_ps5,divar,1000,کارکرده,2026-09-01 11:34:49
amd_rx_5700xt,divar,33500000,کارکرده,2026-09-01 11:34:49
sony_ps5,divar,100000,کارکرده,2026-09-01 11:34:49
sony_ps5,divar,100000,کارکرده,2026-09-01 11:34:49
apple_macbook_air_2019,divar,65000000,در حد نو,2026-09-01 11:34:49
sony_ps5,divar,10000,کارکرده,2026-09-01 11:34:49
apple_macbook_air_m4,divar,3900000,کارکرده,2026-09-01 11:34:49
apple_macbook_air_m4,divar,3900000,کارکرده,2026-09-01 11:34:49
amd_rx_6800,divar,169000000,کارکرده,2026-09-01 11:34:49
sony_ps5,divar,100000,کارکرده,2026-09-01 11:34:49
amd_rx_580,divar,8000000,کارکرده,2026-09-01 11:34:49
microsoft_xbox,divar,20000000,کارکرده,2026-09-01 11:34:49
apple_macbook_air,divar,49000000,در حد نو,2026-09-01 11:34:49
amd_rx_6700xt,divar,57000000,در حد نو,2026-09-01 11:34:49
amd_rx_590,divar,16500000,در حد نو,2026-09-01 11:34:49
sony_ps5,divar,100000,کارکرده,2026-09-01 11:34:49
apple_macbook_pro_m1,divar,100000000,در حد نو,2026-09-01 11:34:49
sony_ps5,divar,99000000,کارکرده,2026-09-01 11:34:49
apple_macbook_pro,divar,26000000,در حد نو,2026-09-01 11:34:49
amd_rx_6800xt,divar,75500000,کارکرده,2026-09-01 11:34:49
sony_ps5,divar,1000,کارکرده,2026-09-01 11:34:49
apple_macbook,divar,1000000000,توافقی,2026-09-01 11:34:49
apple_macbook_pro_m3,divar,89000000,در حد نو,2026-09-01 11:34:49
amd_rx_5700xt,divar,33500000,کارکرده,2026-09-01 11:34:49
sony_ps5,divar,1000,کارکرده,2026-09-01 11:34:49
sony_ps4,divar,40000000,کارکرده,2026-09-01 11:34:49
amd_rx_6900xt,divar,92000000,در حد نو,2026-09-01 11:34:49
amd_rx_6900xt,divar,86500000,در حد نو,2026-09-01 11:34:49
sony_ps5,divar,750000,کارکرده,2026-09-01 11:34:49
apple_macbook_air_m4,divar,195000000,در حد نو,2026-09-01 11:34:49
apple_iphone,divar,14000000,کارکرده,2026-09-01 11:34:49
microsoft_xbox,divar,20000000,کارکرده,2026-09-01 11:34:49
amd_rx_5700xt,divar,33500000,کارکرده,2026-09-01 11:34:49
sony_ps5,divar,20000,کارکرده,2026-09-01 11:34:49
apple_macbook,divar,5000000,کارکرده,2026-09-01 11:34:49
amd_rx_470,divar,8000000,کارکرده,2026-09-01 11:34:49
sony_ps4,divar,35000000,در حد نو,2026-09-01 11:34:49
amd_rx_580,divar,1000,در حد نو,2026-09-01 11:34:49
sony_ps5,divar,500000,کارکرده,2026-09-01 11:34:49
sony_ps5,divar,15000000,کارکرده,2026-09-01 11:34:49
sony_ps5,divar,1500000,کارکرده,2026-09-01 11:34:49
sony_ps5,divar,1500000,کارکرده,2026-09-01 11:34:49
apple_macbook_pro_m2,divar,180000000,در حد نو,2026-09-01 11:34:49
sony_ps5,divar,2000000,کارکرده,2026-09-01 11:34:49
sony_ps5,divar,2000000,کارکرده,2026-09-01 11:34:49
apple_macbook,divar,58000000,کارکرده,2026-09-01 11:34:49
amd_rx_580,divar,54900000,در حد نو,2026-09-01 11:34:49
sony_ps5,divar,100000000,کارکرده,2026-09-01 11:34:49
sony_ps5,divar,15000000,کارکرده,2026-09-01 11:34:49
amd_rx_570,divar,8500000,در حد نو,2026-09-01 11:34:49
amd_rx_580,divar,10500000,در حد نو,2026-09-01 11:34:49
sony_ps5,divar,1500000,در حد نو,2026-09-01 11:34:49
sony_ps5,divar,98000000,کارکرده,2026-09-01 11:34:49
apple_macbook,divar,1000000000,توافقی,2026-09-01 11:34:49
apple_macbook_air,divar,115000000,در حد نو,2026-09-01 11:34:49
amd_rx_470,divar,6200000,کارکرده,2026-09-01 11:34:49
sony_ps5,divar,1500000,در حد نو,2026-09-01 11:34:49
lenovo_lenovo,divar,29000000,کارکرده,2026-09-01 11:34:49
apple_macbook_pro_m1_pro,divar,223000000,در حد نو,2026-09-01 11:34:49
amd_rx_580,divar,79000000,در حد نو,2026-09-01 11:34:49
sony_ps5,divar,1000000,کارکرده,2026-09-01 11:34:49
sony_ps5,divar,1000000,کارکرده,2026-09-01 11:34:49
amd_rx_580,divar,13000000,در حد نو,2026-09-01 11:34:49
sony_ps4,divar,40000000,کارکرده,2026-09-01 11:34:49
apple_macbook_pro_2019,divar,1000,در حد نو,2026-09-01 11:34:49
amd_rx_580,divar,12300000,کارکرده,2026-09-01 11:34:49
sony_ps4,divar,100000,کارکرده,2026-09-01 11:34:49
apple_iphone,divar,2000000,کارکرده,2026-09-01 11:34:49
apple_256gb_ipad_pro_256,divar,105000000,کارکرده,2026-09-01 11:34:49
apple_macbook_air_2012,divar,6000000,کارکرده,2026-09-01 11:34:49
amd_rx_5700xt,divar,165000000,در حد نو,2026-09-01 11:34:49
sony_ps5,divar,85000000,کارکرده,2026-09-01 11:34:49
sony_ps5,divar,100000,کارکرده,2026-09-01 11:34:49
apple_macbook,divar,28000000,کارکرده,2026-09-01 11:34:49
amd_rx_570,divar,9500000,در حد نو,2026-09-01 11:34:49
amd_rx_5700xt,divar,165000000,در حد نو,2026-09-01 11:34:49
microsoft_xbox,divar,20000000,کارکرده,2026-09-01 11:34:49
amd_rx_580,divar,10500000,در حد نو,2026-09-01 11:34:49
sony_ps5,divar,100000000,کارکرده,2026-09-01 11:34:49
apple_macbook_air_m4,divar,215000000,کارکرده,2026-09-01 11:34:49
amd_rx_5700xt,divar,165000000,در حد نو,2026-09-01 11:34:49
sony_ps5,esam,100000,دست دوم,2026-09-01 11:34:50
other_10,esam,108560,دست دوم,2026-09-01 11:34:50
other_n8,esam,2000000,دست دوم,2026-09-01 11:34:50
other_sx1,esam,15000000,دست دوم,2026-09-01 11:34:50
dell_ns5110,esam,17800000,دست دوم,2026-09-01 11:34:50
intel_core_i5_13400,torob,45885000,نو,2026-09-01 11:34:51
apple_256gb_mini_256_wi,torob,154800000,نو,2026-09-01 11:34:51
lenovo_legion_5_512gb,torob,200000000,نو,2026-09-01 11:34:51
other_1tb_razr_2026_16,torob,360700000,نو,2026-09-01 11:34:51
intel_core_i7_13700f,torob,65399000,نو,2026-09-01 11:34:51
apple_iphone_13,torob,500000,نو,2026-09-01 11:34:51
apple_macbook_pro_2026_16inch_2tb,torob,747000000,نو,2026-09-01 11:34:51
samsung_galaxy,torob,360000,نو,2026-09-01 11:34:51
samsung_galaxy_s25_ultra_256gb,torob,15500000,نو,2026-09-01 11:34:51
amd_rx_9070xt,torob,187110000,نو,2026-09-01 11:34:51
apple_macbook_air_m2_512gb,torob,154100000,نو,2026-09-01 11:34:51
apple_iphone_16_128gb,torob,172900000,نو,2026-09-01 11:34:51
xiaomi_xiaomi,torob,51800000,نو,2026-09-01 11:34:51
asus_tuf_gaming_32gb,torob,70190000,نو,2026-09-01 11:34:51
nintendo_64gb_64,torob,83000000,نو,2026-09-01 11:34:51
samsung_galaxy,torob,28080000,نو,2026-09-01 11:34:51
apple_pro,torob,40120000,نو,2026-09-01 11:34:51
hp_gaming_25mx,torob,33889000,نو,2026-09-01 11:34:51
amd_ryzen_7500x3d_am5,torob,46500000,نو,2026-09-01 11:34:51
nvidia_rtx_4050,torob,218500000,نو,2026-09-01 11:34:51
asus_1tb,torob,530800000,نو,2026-09-01 11:34:51
other_256gb_x7d_256,torob,64500000,نو,2026-09-01 11:34:51
other_47_rl_pro,digikala,4100000,نو,2026-09-01 12:23:44
other_12_44_hk9,digikala,5350000,نو,2026-09-01 12:23:44
other_32gb_ddr4_3200_signature,digikala,18155900,نو,2026-09-01 12:23:44
other_zz_algorithm_primo,digikala,6753110,نو,2026-09-01 12:23:44
samsung_4tb_pcie_gen5_x4,digikala,189999400,نو,2026-09-01 12:23:44
intel_skylake_pentium_g4400,digikala,480200,نو,2026-09-01 12:23:44
asus_vivobook_14_custom_1tb,digikala,151000000,نو,2026-09-01 12:23:44
samsung_galaxy_a26_128gb,digikala,78790000,نو,2026-09-01 12:23:44
other_accentum_plus,digikala,46900000,نو,2026-09-01 12:23:44
apple_256gb_mac_mini_mu9d3,digikala,187310000,نو,2026-09-01 12:23:44
intel_1151,digikala,750000,نو,2026-09-01 12:23:44
apple_macbook_air_2026_512gb,digikala,361559490,نو,2026-09-01 12:23:44
asus_vivobook_14_custom_1tb,digikala,143000000,نو,2026-09-01 12:23:44
other_2280,digikala,42000000,نو,2026-09-01 12:23:44
intel_core_i3_12100,digikala,27500000,نو,2026-09-01 12:23:44
lenovo_1tb_15_v15_g5,digikala,279000000,نو,2026-09-01 12:23:44
other_512gb_16_aspire_lite,digikala,101600000,نو,2026-09-01 12:23:44
asus_rtx_4070,digikala,190000000,نو,2026-09-01 12:23:44
sony_wf_c700n,digikala,25000000,نو,2026-09-01 12:23:44
other_b26,digikala,7500000,نو,2026-09-01 12:23:44
other_5tb_ac732,digikala,61000000,نو,2026-09-01 12:23:44
xiaomi_xiaomi_128gb,digikala,92000000,نو,2026-09-01 12:23:44
asus_custom_256gb,digikala,106300000,نو,2026-09-01 12:23:44
other_128gb_pad_x7_128,digikala,34900000,نو,2026-09-01 12:23:44
other_1tb_pcie_gen4_x4,digikala,68500000,نو,2026-09-01 12:23:44
other_nt14,digikala,7200000,نو,2026-09-01 12:23:44
other_k10_professional,digikala,7000000,نو,2026-09-01 12:23:44
other_ear,digikala,33073400,نو,2026-09-01 12:23:44
lenovo_legion_5_custom_512gb,digikala,381000000,نو,2026-09-01 12:23:44
hp_32gb_15_fd0230wm_15,digikala,108990000,نو,2026-09-01 12:23:44
other_rs_730_8gb,digikala,17500000,نو,2026-09-01 12:23:44
other_ccw_3013_wh,digikala,13950000,نو,2026-09-01 12:23:44
nvidia_rtx_3050_16gb,digikala,176000000,نو,2026-09-01 12:23:44
lenovo_rtx_5050_24gb,digikala,274000000,نو,2026-09-01 12:23:44
asus_tuf_gaming_custom_ram64gb_1tb,digikala,393000000,نو,2026-09-01 12:23:44
other_stargame,digikala,3690000,نو,2026-09-01 12:23:44
asus_custom_256gb,digikala,92999000,نو,2026-09-01 12:23:44
other_sn_bass_41,digikala,13856000,نو,2026-09-01 12:23:44
other_plus_mnr_layency,digikala,9854000,نو,2026-09-01 12:23:44
asus_tuf_gaming_custom_1tb,digikala,190990000,نو,2026-09-01 12:23:44
other_tza_sunstone_frame,digikala,7325000,نو,2026-09-01 12:23:44
lenovo_legion__custom_ram40gb_2tb,digikala,505000000,نو,2026-09-01 12:23:44
asus_tuf_gaming_custom_ram64gb_2tb,digikala,408000000,نو,2026-09-01 12:23:44
hp_512gb_23_hp_aio,digikala,272000000,نو,2026-09-01 12:23:44
other_alb_air_resistance,digikala,6853000,نو,2026-09-01 12:23:44
other_256gb_ace_a58_256,digikala,7950000,نو,2026-09-01 12:23:44
asus_tuf_gaming_custom_32gb,digikala,180000000,نو,2026-09-01 12:23:44
other_42_w1_curve,digikala,5664600,نو,2026-09-01 12:23:44
other_dual_mics,digikala,18000000,نو,2026-09-01 12:23:44
intel_256gb_g12_4325e_core,digikala,84990000,نو,2026-09-01 12:23:44
other_210,digikala,2799000,نو,2026-09-01 12:23:44
hp_512gb_14_14s_dq0048nia,digikala,62000000,نو,2026-09-01 12:23:44
other_512gb_ssd_002_512,digikala,12500000,نو,2026-09-01 12:23:44
other_26tb_wd_mybook_26tb,digikala,365000000,نو,2026-09-01 12:23:44
other_44_bs_capacity,digikala,5300000,نو,2026-09-01 12:23:44
other_oeh_adventure_watch,digikala,8950000,نو,2026-09-01 12:23:44
other_naz_shape_t71,digikala,6831000,نو,2026-09-01 12:23:44
other_naz_wierless_z10,digikala,8949000,نو,2026-09-01 12:23:44
other_128gb_cs8831_128,digikala,6427000,نو,2026-09-01 12:23:44
other_aidig,digikala,2500000,نو,2026-09-01 12:23:44
other_naz_wierless_h004,digikala,6539000,نو,2026-09-01 12:23:44
other_a01,divar,4600000,کارکرده,2026-09-01 12:23:48
apple_iphone_14_pro_max,divar,175000000,کارکرده,2026-09-01 12:23:48
apple_macbook_pro_m4_pro_16inch_512gb,divar,370000000,در حد نو,2026-09-01 12:23:48
amd_rx_5700xt,divar,49000000,کارکرده,2026-09-01 12:23:48
apple_iphone_17,divar,270000000,کارکرده,2026-09-01 12:23:48
other_a55,divar,70000000,در حد نو,2026-09-01 12:23:48
samsung_samsung,divar,37000000,در حد نو,2026-09-01 12:23:48
sony_ps5,divar,1500000,کارکرده,2026-09-01 12:23:48
other_64gb_a07_64,divar,31000000,نو (پلمپ/آکبند),2026-09-01 12:23:48
sony_ps5,divar,10000,در حد نو,2026-09-01 12:23:48
amd_rx_580,divar,9950000,در حد نو,2026-09-01 12:23:48
sony_ps5,divar,7000000,در حد نو,2026-09-01 12:23:48
apple_macbook_pro_intel,divar,25000000,کارکرده,2026-09-01 12:23:48
amd_rx_580,divar,8000000,کارکرده,2026-09-01 12:23:48
sony_ps5,divar,500000,کارکرده,2026-09-01 12:23:48
apple_macbook_pro_2022,divar,159000000,در حد نو,2026-09-01 12:23:48
amd_rx_5700xt,divar,41000000,کارکرده,2026-09-01 12:23:48
sony_ps5,divar,999000000,کارکرده,2026-09-01 12:23:48
apple_macbook_pro_m1_pro,divar,200000000,کارکرده,2026-09-01 12:23:48
apple_macbook_pro_2022,divar,159000000,در حد نو,2026-09-01 12:23:48
nvidia_rx_580,divar,785000000,کارکرده,2026-09-01 12:23:48
sony_ps5,divar,400000,کارکرده,2026-09-01 12:23:48
other_13_m4,divar,206000000,کارکرده,2026-09-01 12:23:48
amd_rx_5700xt,divar,21000000,در حد نو,2026-09-01 12:23:48
sony_ps5,divar,999000000,کارکرده,2026-09-01 12:23:48
sony_ps5,divar,7000000,در حد نو,2026-09-01 12:23:48
sony_ps5,divar,100000000,کارکرده,2026-09-01 12:23:48
microsoft_xbox,divar,20000000,کارکرده,2026-09-01 12:23:48
apple_macbook_pro_2021,divar,210000000,در حد نو,2026-09-01 12:23:48
sony_ps5,divar,1300000,در حد نو,2026-09-01 12:23:48
amd_rx_5700xt,divar,41000000,کارکرده,2026-09-01 12:23:48
sony_ps5,divar,18000000,کارکرده,2026-09-01 12:23:48
asus_rog_strix,divar,41500000,در حد نو,2026-09-01 12:23:48
sony_ps4,divar,37000000,کارکرده,2026-09-01 12:23:48
sony_ps5,divar,400000,کارکرده,2026-09-01 12:23:48
apple_iphone,divar,14000000,کارکرده,2026-09-01 12:23:48
sony_ps5,divar,100000,کارکرده,2026-09-01 12:23:48
apple_macbook_pro,divar,220000000,کارکرده,2026-09-01 12:23:48
amd_rx_580,divar,12000000,در حد نو,2026-09-01 12:23:48
sony_ps5,divar,50000,کارکرده,2026-09-01 12:23:48
sony_ps5,divar,1000,کارکرده,2026-09-01 12:23:48
sony_ps5,divar,150000,کارکرده,2026-09-01 12:23:48
apple_macbook_pro_m1,divar,100000000,در حد نو,2026-09-01 12:23:48
sony_ps5,divar,50000,کارکرده,2026-09-01 12:23:48
sony_ps5,divar,150000,کارکرده,2026-09-01 12:23:48
apple_macbook_pro,divar,26000000,در حد نو,2026-09-01 12:23:48
amd_rx_580,divar,8000000,کارکرده,2026-09-01 12:23:48
amd_rx_580,divar,15000000,کارکرده,2026-09-01 12:23:48
microsoft_xbox,divar,20000000,کارکرده,2026-09-01 12:23:48
sony_ps5,divar,1000,کارکرده,2026-09-01 12:23:48
sony_ps5,divar,2500000,کارکرده,2026-09-01 12:23:48
amd_rx_580,divar,10500000,در حد نو,2026-09-01 12:23:48
sony_ps5,divar,150000,کارکرده,2026-09-01 12:23:48
sony_ps5,divar,150000,کارکرده,2026-09-01 12:23:48
apple_macbook,divar,30000000,در حد نو,2026-09-01 12:23:48
amd_rx_580,divar,15000000,کارکرده,2026-09-01 12:23:48
microsoft_xbox,divar,1000,کارکرده,2026-09-01 12:23:48
sony_ps5,divar,99000000,کارکرده,2026-09-01 12:23:48
amd_rx_580,divar,12000000,در حد نو,2026-09-01 12:23:48
sony_ps5,divar,50000,کارکرده,2026-09-01 12:23:48
sony_ps4,divar,40000000,کارکرده,2026-09-01 12:23:48
apple_macbook_pro_m1,divar,100000000,در حد نو,2026-09-01 12:23:48
amd_rx_5700xt,divar,33500000,کارکرده,2026-09-01 12:23:48
sony_ps5,divar,888888888,کارکرده,2026-09-01 12:23:48
apple_macbook_air_m4,divar,3900000,کارکرده,2026-09-01 12:23:48
apple_macbook_pro_m3,divar,89000000,در حد نو,2026-09-01 12:23:48
amd_rx_580,divar,11500000,در حد نو,2026-09-01 12:23:48
sony_ps5,divar,100000,کارکرده,2026-09-01 12:23:48
sony_ps5,divar,1500000,کارکرده,2026-09-01 12:23:48
apple_macbook_air,divar,49000000,در حد نو,2026-09-01 12:23:48
amd_rx_580,divar,8000000,کارکرده,2026-09-01 12:23:48
sony_ps5,divar,888888888,کارکرده,2026-09-01 12:23:48
sony_ps5,divar,1800000,کارکرده,2026-09-01 12:23:48
sony_ps5,divar,2000000,کارکرده,2026-09-01 12:23:48
apple_macbook_pro,divar,177000000,در حد نو,2026-09-01 12:23:48
apple_macbook,divar,30000000,در حد نو,2026-09-01 12:23:48
amd_rx_6800xt,divar,75500000,کارکرده,2026-09-01 12:23:48
sony_ps5,divar,2000000,کارکرده,2026-09-01 12:23:48
sony_ps5,divar,2000000,کارکرده,2026-09-01 12:23:48
apple_macbook_pro_m3,divar,230000000,کارکرده,2026-09-01 12:23:48
nvidia_rx_580,divar,785000000,کارکرده,2026-09-01 12:23:48
sony_ps5_slim,divar,10000,کارکرده,2026-09-01 12:23:48
sony_ps5,divar,98000000,در حد نو,2026-09-01 12:23:48
amd_rx_580,divar,55200000,در حد نو,2026-09-01 12:23:48
sony_ps5_slim,divar,42000000,کارکرده,2026-09-01 12:23:48
amd_rx_470,divar,6200000,کارکرده,2026-09-01 12:23:48
sony_ps5,divar,1000000,کارکرده,2026-09-01 12:23:48
apple_macbook_pro_2019,divar,99800000,کارکرده,2026-09-01 12:23:48
microsoft_xbox,divar,4000000,کارکرده,2026-09-01 12:23:48
apple_macbook,divar,1000000000,توافقی,2026-09-01 12:23:48
sony_ps5_slim,divar,42000000,کارکرده,2026-09-01 12:23:48
apple_macbook_pro_intel_2019_256gb,divar,86500000,در حد نو,2026-09-01 12:23:48
apple_macbook_pro_m4_pro,divar,374000000,کارکرده,2026-09-01 12:23:48
sony_ps5,divar,1000000,کارکرده,2026-09-01 12:23:48
sony_ps5,divar,98000000,کارکرده,2026-09-01 12:23:48
sony_ps5,divar,90000000,کارکرده,2026-09-01 12:23:48
apple_macbook,divar,2000000000,توافقی,2026-09-01 12:23:48
sony_ps5,divar,40000000,در حد نو,2026-09-01 12:23:48
sony_ps5,divar,150000,کارکرده,2026-09-01 12:23:48
amd_rx_470,divar,8000000,کارکرده,2026-09-01 12:23:48
sony_ps5,divar,200000,کارکرده,2026-09-01 12:23:48
nvidia_rx_580,divar,785000000,کارکرده,2026-09-01 12:23:48
sony_ps5,divar,90000000,در حد نو,2026-09-01 12:23:48
microsoft_xbox_one_s,divar,1000,کارکرده,2026-09-01 12:23:48
apple_macbook_pro_2019,divar,160000000,در حد نو,2026-09-01 12:23:48
microsoft_xbox_one_s,divar,1000,کارکرده,2026-09-01 12:23:48
sony_ps5_slim,divar,10000,کارکرده,2026-09-01 12:23:48
apple_ipad4,divar,8000000,کارکرده,2026-09-01 12:23:48
apple_macbook_2018,divar,90000000,در حد نو,2026-09-01 12:23:48
asus_rog_strix,divar,41500000,در حد نو,2026-09-01 12:23:48
amd_rx_5700xt,divar,35500000,در حد نو,2026-09-01 12:23:48
sony_ps5,divar,450000,کارکرده,2026-09-01 12:23:48
apple_macbook_2018,divar,90000000,در حد نو,2026-09-01 12:23:48
amd_rx_6900xt_16gb,divar,88500000,در حد نو,2026-09-01 12:23:48
sony_ps5,divar,300000,کارکرده,2026-09-01 12:23:48
amd_rx_590,divar,17500000,در حد نو,2026-09-01 12:23:48
sony_ps5,divar,1000000,کارکرده,2026-09-01 12:23:48
other_200,divar,15000000,در حد نو,2026-09-01 12:23:48
other_11,esam,780000,دست دوم,2026-09-01 12:23:49
other_17,esam,250000,دست دوم,2026-09-01 12:23:49
other_11,esam,2479000,دست دوم,2026-09-01 12:23:49
lenovo_rtx_3050,torob,224000000,نو,2026-09-01 12:23:51
intel_core_i5_13400f,torob,38347000,نو,2026-09-01 12:23:51
samsung_galaxy_z_fold8_512gb,torob,383000000,نو,2026-09-01 12:23:51
other_2tb_black_sn8100_2280,torob,73000000,نو,2026-09-01 12:23:51
nvidia_h100_80_pcie,torob,2930000000,نو,2026-09-01 12:23:51
asus_512gb_fa507nv_ryzen_16,torob,199170000,نو,2026-09-01 12:23:51
intel_core_i5_14600k,torob,48690000,نو,2026-09-01 12:23:51
lenovo_legion__ram64gb_1tb,torob,1026900000,نو,2026-09-01 12:23:51
apple_macbook_pro_m1,torob,19100000,نو,2026-09-01 12:23:51
samsung_980pro_500,torob,38400000,نو,2026-09-01 12:23:51
apple_128gb_mh5q4_128_13,torob,164200000,نو,2026-09-01 12:23:51
microsoft_xbox,torob,8500000,نو,2026-09-01 12:23:51
nvidia_rtx_5070ti,torob,499990000,نو,2026-09-01 12:23:51
xiaomi_xiaomi_512gb,torob,220000000,نو,2026-09-01 12:23:51
asus_tuf_gaming_512gb,torob,137700000,نو,2026-09-01 12:23:51
samsung_galaxy_s24_ultra_256gb,torob,167000000,نو,2026-09-01 12:23:51
sony_wh_1000xm5_anc,torob,53982136,نو,2026-09-01 12:23:51
asus_tuf_gaming,torob,39200000,نو,2026-09-01 12:23:51
samsung_galaxy_s10_fe_128gb,torob,86500000,نو,2026-09-01 12:23:51
xiaomi_xiaomi,torob,2300000,نو,2026-09-01 12:23:51
nintendo_nintendo_switch_oled,torob,110000000,نو,2026-09-01 12:23:51
other_1tb_black_sn850p_2280,torob,44500000,نو,2026-09-01 12:23:51
amd_rx_5600xt,torob,24000000,نو,2026-09-01 12:23:51
hp_rtx_4050_16gb,torob,162000000,نو,2026-09-01 12:23:51
asus_rog_strix_1tb,torob,474000000,نو,2026-09-01 12:23:51
samsung_galaxy_z_flip_128gb,torob,179800020,نو,2026-09-01 12:23:51
other_bs_extended_bowie,digikala,8146320,نو,2026-09-01 14:40:12
apple_49_ultra_natural,digikala,178490000,نو,2026-09-01 14:40:12
apple_macbook_air_2026_1tb,digikala,402790000,نو,2026-09-01 14:40:12
hp_256gb_16_omnibook_ai,digikala,201990000,نو,2026-09-01 14:40:12
lenovo_ideapad__custom_1tb,digikala,203000000,نو,2026-09-01 14:40:12
samsung_galaxy_s11_512gb,digikala,209990000,نو,2026-09-01 14:40:12
lenovo_legion__custom_ram64gb_2tb,digikala,615000000,نو,2026-09-01 14:40:12
lenovo_rtx_4050,digikala,302900000,نو,2026-09-01 14:40:12
lenovo_ideapad__512gb,digikala,145000000,نو,2026-09-01 14:40:12
asus_tuf_gaming_custom_ram44gb_1tb,digikala,373000000,نو,2026-09-01 14:40:12
other_1tb_mq04abf100,digikala,10500000,نو,2026-09-01 14:40:12
other_soundcore_p40i_anc,digikala,7390000,نو,2026-09-01 14:40:12
lenovo_ideapad_1_custom_512gb,digikala,76990000,نو,2026-09-01 14:40:12
asus_tuf_gaming_custom_ram48gb_512gb,digikala,421000000,نو,2026-09-01 14:40:12
intel_core_i5_12400,digikala,34799000,نو,2026-09-01 14:40:12
asus_tuf_gaming_custom_ram64gb_2tb,digikala,541000000,نو,2026-09-01 14:40:12
other_ddr3_1600_kvr,digikala,1800000,نو,2026-09-01 14:40:12
other_1tb_ac632,digikala,22240000,نو,2026-09-01 14:40:12
lenovo_ideapad__custom_ram40gb_512gb,digikala,213999000,نو,2026-09-01 14:40:12
other_512gb_pcie_gen3_x4,digikala,17200000,نو,2026-09-01 14:40:12
other_47_solar_neo,digikala,6490000,نو,2026-09-01 14:40:12
other_45_venu,digikala,133000000,نو,2026-09-01 14:40:12
other_tune_760nc,digikala,22594000,نو,2026-09-01 14:40:12
lenovo_rtx_5050_64gb,digikala,381000000,نو,2026-09-01 14:40:12
hp_32gb_15_250r_g10,digikala,120300000,نو,2026-09-01 14:40:12
other_128gb_ddr3l_1600_12800s,digikala,3200000,نو,2026-09-01 14:40:12
lenovo_32gb_15_v15_g4,digikala,151000000,نو,2026-09-01 14:40:12
hp_custom_512gb,digikala,288000000,نو,2026-09-01 14:40:12
lenovo_legion_5_custom_ram32gb_4tb,digikala,391000000,نو,2026-09-01 14:40:12
asus_vivobook_14_custom_32gb,digikala,92000000,نو,2026-09-01 14:40:12
samsung_galaxy_a37_256gb,digikala,86975000,نو,2026-09-01 14:40:12
lenovo_512gb_15_v15_g4,digikala,88990000,نو,2026-09-01 14:40:12
other_theta_tg11,digikala,7000000,نو,2026-09-01 14:40:12
other_ski_zuma_solution,digikala,9986000,نو,2026-09-01 14:40:12
asus_256gb_15_expertbook_p1,digikala,109990000,نو,2026-09-01 14:40:12
other_san_open_snap,digikala,7852000,نو,2026-09-01 14:40:12
sony_ps5_slim,digikala,155000000,نو,2026-09-01 14:40:12
samsung_ddr4_2666_cl11,digikala,4500000,نو,2026-09-01 14:40:12
other_gt_av901_frgb,digikala,4600000,نو,2026-09-01 14:40:12
other_alb_gp_27x,digikala,6989000,نو,2026-09-01 14:40:12
other_256gb_pcie_gen3_x4,digikala,14500000,نو,2026-09-01 14:40:12
lenovo_1tb_14_v14_g4,digikala,135000000,نو,2026-09-01 14:40:12
nvidia_rtx_3050_24gb,digikala,216000000,نو,2026-09-01 14:40:12
other_47_gx_classicfit,digikala,25700000,نو,2026-09-01 14:40:12
other_opencomm2,digikala,38000000,نو,2026-09-01 14:40:12
other_combo,digikala,985000,نو,2026-09-01 14:40:12
lenovo_ideapad__custom_512gb,digikala,128000000,نو,2026-09-01 14:40:12
nvidia_rtx_3050_24gb,digikala,232000000,نو,2026-09-01 14:40:12
samsung_galaxy_a11,digikala,3900000,نو,2026-09-01 14:40:12
other_512gb_n930e_pro_512,digikala,14800000,نو,2026-09-01 14:40:12
other_tw22,digikala,3600000,نو,2026-09-01 14:40:12
other_cll_ultra_active,digikala,6000000,نو,2026-09-01 14:40:12
other_kdt_gs_watch,digikala,9950000,نو,2026-09-01 14:40:12
other_mah_criep_e16,digikala,6921000,نو,2026-09-01 14:40:12
other_plus_naz_wierless,digikala,9926000,نو,2026-09-01 14:40:12
other_256gb_fm20ua_256_usb,digikala,6850000,نو,2026-09-01 14:40:12
other_ultra_ip68,digikala,2800000,نو,2026-09-01 14:40:12
other_powerful_mh_a885,digikala,6652000,نو,2026-09-01 14:40:12
apple_iphone,divar,40000000,کارکرده,2026-09-01 14:40:16
xiaomi_poco_x8__512gb,divar,195000000,کارکرده,2026-09-01 14:40:16
apple_2017,divar,56000000,کارکرده,2026-09-01 14:40:16
sony_ps5,divar,110000,کارکرده,2026-09-01 14:40:16
apple_iphone_13,divar,50000000,در حد نو,2026-09-01 14:40:16
apple_macbook_pro,divar,70000000,در حد نو,2026-09-01 14:40:16
samsung_256gb_note_10_plus,divar,65800000,در حد نو,2026-09-01 14:40:16
samsung_galaxy_a32,divar,29000000,در حد نو,2026-09-01 14:40:16
apple_macbook_air_m1,divar,104000000,در حد نو,2026-09-01 14:40:16
other_s26ultra,divar,8900000,کارکرده,2026-09-01 14:40:16
amd_rx_6900xt,divar,110000000,در حد نو,2026-09-01 14:40:16
apple_iphone_12_pro_128gb,divar,75000000,کارکرده,2026-09-01 14:40:16
samsung_galaxy_a07,divar,32000000,کارکرده,2026-09-01 14:40:16
apple_iphone_17_pro_max,divar,266000000,در حد نو,2026-09-01 14:40:16
sony_ps5,divar,1000000,کارکرده,2026-09-01 14:40:16
other_a26_5g,divar,69450000,نو (پلمپ/آکبند),2026-09-01 14:40:16
other_128gb_a12_128,divar,22000000,کارکرده,2026-09-01 14:40:16
samsung_galaxy_a23,divar,14000000,کارکرده,2026-09-01 14:40:16
sony_ps5,divar,1300000,در حد نو,2026-09-01 14:40:16
apple_macbook_pro_m1_pro,divar,200000000,کارکرده,2026-09-01 14:40:16
amd_rx_5700xt,divar,21000000,در حد نو,2026-09-01 14:40:16
sony_ps5,divar,1000,کارکرده,2026-09-01 14:40:16
apple_macbook_pro_m1,divar,120000000,در حد نو,2026-09-01 14:40:16
amd_rx_6900xt,divar,101000000,در حد نو,2026-09-01 14:40:16
sony_ps5,divar,2000000,کارکرده,2026-09-01 14:40:16
apple_macbook_pro_m1,divar,120000000,در حد نو,2026-09-01 14:40:16
amd_rx_7900xt,divar,165000000,در حد نو,2026-09-01 14:40:16
sony_ps5,divar,7000000,در حد نو,2026-09-01 14:40:16
apple_macbook_pro,divar,87000000,کارکرده,2026-09-01 14:40:16
amd_rx_580,divar,12500000,در حد نو,2026-09-01 14:40:16
sony_ps5,divar,2000000,کارکرده,2026-09-01 14:40:16
sony_ps5,divar,100000,کارکرده,2026-09-01 14:40:16
sony_ps5,divar,100000,کارکرده,2026-09-01 14:40:16
amd_rx_6900xt_16gb,divar,97000000,در حد نو,2026-09-01 14:40:16
nvidia_rx_580,divar,785000000,کارکرده,2026-09-01 14:40:16
sony_ps5,divar,2000000,کارکرده,2026-09-01 14:40:16
sony_ps5,divar,18000000,کارکرده,2026-09-01 14:40:16
amd_rx_580,divar,10500000,در حد نو,2026-09-01 14:40:16
sony_ps4,divar,68000000,در حد نو,2026-09-01 14:40:16
sony_ps4,divar,68000000,در حد نو,2026-09-01 14:40:16
amd_rx_580,divar,10500000,در حد نو,2026-09-01 14:40:16
sony_ps4,divar,40000000,کارکرده,2026-09-01 14:40:16
amd_rx_6800,divar,169000000,کارکرده,2026-09-01 14:40:16
sony_ps5,divar,1300000,کارکرده,2026-09-01 14:40:16
sony_ps5_slim,divar,10000,کارکرده,2026-09-01 14:40:16
sony_ps5,divar,80000000,کارکرده,2026-09-01 14:40:16
apple_macbook_pro_m1_pro_14inch,divar,158000000,در حد نو,2026-09-01 14:40:16
amd_rx_580,divar,12000000,در حد نو,2026-09-01 14:40:16
sony_ps5,divar,100000,کارکرده,2026-09-01 14:40:16
sony_ps5,divar,100000,کارکرده,2026-09-01 14:40:16
apple_macbook,divar,30000000,در حد نو,2026-09-01 14:40:16
sony_ps4,divar,40000000,کارکرده,2026-09-01 14:40:16
sony_ps5,divar,100000000,کارکرده,2026-09-01 14:40:16
sony_ps5,divar,50000,کارکرده,2026-09-01 14:40:16
sony_ps5,divar,2500000,کارکرده,2026-09-01 14:40:16
amd_rx_5700xt,divar,165000000,در حد نو,2026-09-01 14:40:16
sony_ps5,divar,1300000,کارکرده,2026-09-01 14:40:16
apple_macbook_air_m1,divar,96700000,کارکرده,2026-09-01 14:40:16
amd_rx_6800xt,divar,75500000,کارکرده,2026-09-01 14:40:16
sony_ps5,divar,100000,کارکرده,2026-09-01 14:40:16
sony_ps5,divar,2500000,کارکرده,2026-09-01 14:40:16
apple_macbook_pro,divar,177000000,در حد نو,2026-09-01 14:40:16
sony_ps4,divar,68000000,در حد نو,2026-09-01 14:40:16
sony_ps5,divar,10000,کارکرده,2026-09-01 14:40:16
apple_macbook_air_m4,divar,195000000,در حد نو,2026-09-01 14:40:16
amd_rx_5700xt,divar,165000000,در حد نو,2026-09-01 14:40:16
sony_ps5,divar,1000,کارکرده,2026-09-01 14:40:16
apple_macbook_air_2018,divar,57000000,در حد نو,2026-09-01 14:40:16
apple_macbook_2019,divar,75000000,در حد نو,2026-09-01 14:40:16
amd_rx_6700xt,divar,57000000,در حد نو,2026-09-01 14:40:16
sony_ps5,divar,98000000,در حد نو,2026-09-01 14:40:16
sony_ps5,divar,888888888,کارکرده,2026-09-01 14:40:16
sony_ps5,divar,1800000,کارکرده,2026-09-01 14:40:16
sony_ps5,divar,98000000,کارکرده,2026-09-01 14:40:16
amd_rx_590,divar,16500000,در حد نو,2026-09-01 14:40:16
sony_ps5,divar,39900000,کارکرده,2026-09-01 14:40:16
sony_ps5,divar,90000000,کارکرده,2026-09-01 14:40:16
apple_macbook,divar,1000000000,توافقی,2026-09-01 14:40:16
amd_rx_580,divar,54900000,در حد نو,2026-09-01 14:40:16
sony_ps5,divar,39900000,کارکرده,2026-09-01 14:40:16
amd_rx_580,divar,11700000,در حد نو,2026-09-01 14:40:16
sony_ps5,divar,90000000,کارکرده,2026-09-01 14:40:16
amd_rx_470,divar,8000000,کارکرده,2026-09-01 14:40:16
sony_ps5,divar,200000,کارکرده,2026-09-01 14:40:16
apple_macbook_pro_m2,divar,180000000,در حد نو,2026-09-01 14:40:16
amd_rx_5700xt,divar,165000000,در حد نو,2026-09-01 14:40:16
sony_ps5,divar,49000000,در حد نو,2026-09-01 14:40:16
apple_macbook_pro_m1_pro,divar,135500000,در حد نو,2026-09-01 14:40:16
apple_macbook_pro_m4_pro,divar,374000000,کارکرده,2026-09-01 14:40:16
amd_rx_6800,divar,75000000,در حد نو,2026-09-01 14:40:16
sony_ps5,divar,50000,کارکرده,2026-09-01 14:40:16
apple_macbook_pro,divar,35000000,کارکرده,2026-09-01 14:40:16
apple_macbook_air_m4,divar,195000000,در حد نو,2026-09-01 14:40:16
amd_rx_580,divar,1000,در حد نو,2026-09-01 14:40:16
sony_ps5,divar,1500000,کارکرده,2026-09-01 14:40:16
sony_ps5,divar,7000000,در حد نو,2026-09-01 14:40:16
sony_ps5,divar,150000,کارکرده,2026-09-01 14:40:16
apple_macbook_pro,divar,125000000,در حد نو,2026-09-01 14:40:16
amd_rx_6600,divar,35900000,در حد نو,2026-09-01 14:40:16
sony_ps5,divar,1500000,در حد نو,2026-09-01 14:40:16
apple_macbook_pro_m1_pro,divar,223000000,در حد نو,2026-09-01 14:40:16
amd_rx_470,divar,6200000,کارکرده,2026-09-01 14:40:16
amd_rx_6600,divar,85000000,کارکرده,2026-09-01 14:40:16
sony_ps5,divar,40000000,در حد نو,2026-09-01 14:40:16
amd_rx_580,divar,12300000,کارکرده,2026-09-01 14:40:16
sony_ps5,divar,9800000,کارکرده,2026-09-01 14:40:16
sony_ps4,divar,40000000,کارکرده,2026-09-01 14:40:16
apple_macbook_pro_2019,divar,140000000,کارکرده,2026-09-01 14:40:16
amd_rx_6900xt_16gb,divar,88500000,در حد نو,2026-09-01 14:40:16
sony_ps5,divar,300000,کارکرده,2026-09-01 14:40:16
sony_ps5,divar,9800000,کارکرده,2026-09-01 14:40:16
other_4th_generation,divar,18000000,در حد نو,2026-09-01 14:40:16
apple_macbook_air_2012,divar,6000000,کارکرده,2026-09-01 14:40:16
sony_ps5_slim,divar,10000,کارکرده,2026-09-01 14:40:16
apple_macbook_air_2012,divar,6000000,کارکرده,2026-09-01 14:40:16
apple_macbook_air_2012,divar,6000000,کارکرده,2026-09-01 14:40:16
amd_rx_5700xt,divar,35000000,کارکرده,2026-09-01 14:40:16
sony_ps5,divar,750000,کارکرده,2026-09-01 14:40:16
amd_rx_570,divar,9500000,در حد نو,2026-09-01 14:40:16
sony_ps5,divar,100000,کارکرده,2026-09-01 14:40:16
other_11,esam,780000,دست دوم,2026-09-01 14:40:17
other_128gb_1280,esam,1500000,دست دوم,2026-09-01 14:40:17
other_15,esam,345000,دست دوم,2026-09-01 14:40:17
other_11,esam,249000,دست دوم,2026-09-01 14:40:17
other_sy03,digikala,9240000,نو,2026-09-01 15:21:19
other_boox_go_color,digikala,66990000,نو,2026-09-01 15:21:19
other_u9_ultra_music,digikala,1992800,نو,2026-09-01 15:21:19
other_hdt_p20_asli,digikala,19296200,نو,2026-09-01 15:21:19
samsung_galaxy_a16_128gb,digikala,59999000,نو,2026-09-01 15:21:19
hp_1tb_15_15_fd0174nia,digikala,195800000,نو,2026-09-01 15:21:19
apple_iphone_15_128gb,digikala,220000000,نو,2026-09-01 15:21:19
other_mag_a750gl,digikala,22190000,نو,2026-09-01 15:21:19
other_canvio_basics_usb,digikala,19449000,نو,2026-09-01 15:21:19
nvidia_rtx_5050_16gb,digikala,260200000,نو,2026-09-01 15:21:19
lenovo_legion_5_custom_1tb,digikala,416000000,نو,2026-09-01 15:21:19
lenovo_rtx_4050_24gb,digikala,288900000,نو,2026-09-01 15:21:19
other_sata,digikala,600000,نو,2026-09-01 15:21:19
other_sd600q_480,digikala,15290000,نو,2026-09-01 15:21:19
other_pf450,digikala,8780000,نو,2026-09-01 15:21:19
lenovo_ideapad__1tb,digikala,157000000,نو,2026-09-01 15:21:19
asus_1tb_15_expertbook_b1,digikala,152990000,نو,2026-09-01 15:21:19
other_canvio_advance_usb,digikala,21600000,نو,2026-09-01 15:21:19
lenovo_256gb_15_v15_g5,digikala,125600000,نو,2026-09-01 15:21:19
asus_tuf_gaming_custom_2tb,digikala,409000000,نو,2026-09-01 15:21:19
other_voyager_legend_30,digikala,29500000,نو,2026-09-01 15:21:19
sony_ps4_slim,digikala,85000000,نو,2026-09-01 15:21:19
samsung_galaxy_s22_ultra,digikala,8200000,نو,2026-09-01 15:21:19
other_48_solar_neo,digikala,5120000,نو,2026-09-01 15:21:19
other_watch_gt_ltn,digikala,25200000,نو,2026-09-01 15:21:19
other_grand_zero_1190,digikala,16800000,نو,2026-09-01 15:21:19
other_pa120_se_argb,digikala,13400000,نو,2026-09-01 15:21:19
lenovo_legion_5_1tb,digikala,363000000,نو,2026-09-01 15:21:19
hp_32gb_15_fd0230wm_15,digikala,112990000,نو,2026-09-01 15:21:19
other_128gb_ddr3l_1600_12800s,digikala,3200000,نو,2026-09-01 15:21:19
lenovo_rtx_3050_24gb,digikala,246000000,نو,2026-09-01 15:21:19
nvidia_rtx_5060,digikala,357000000,نو,2026-09-01 15:21:19
asus_vivobook_15_custom_512gb,digikala,107000000,نو,2026-09-01 15:21:19
lenovo_ideapad_1_custom_1tb,digikala,123400000,نو,2026-09-01 15:21:19
asus_tuf_gaming_custom_1tb,digikala,192990000,نو,2026-09-01 15:21:19
other_hnd_clarity_shark,digikala,7521000,نو,2026-09-01 15:21:19
other_rail_anc,digikala,26000000,نو,2026-09-01 15:21:19
other_ff_bowie_wireless,digikala,8621000,نو,2026-09-01 15:21:19
other_2018_106_ar,digikala,2590000,نو,2026-09-01 15:21:19
asus_tuf_gaming_32gb,digikala,173000000,نو,2026-09-01 15:21:19
other_mmd_optimizer_shark,digikala,7854000,نو,2026-09-01 15:21:19
other_bgh_universal_aequr,digikala,7900000,نو,2026-09-01 15:21:19
amd_rs_2040_x99,digikala,100000000,نو,2026-09-01 15:21:19
other_t93_ultra_max,digikala,3879000,نو,2026-09-01 15:21:19
apple_se,digikala,76450000,نو,2026-09-01 15:21:19
other_mag_a850gl_pcie5,digikala,25500000,نو,2026-09-01 15:21:19
asus_custom_512gb,digikala,75990000,نو,2026-09-01 15:21:19
other_atlas_m1,digikala,15700000,نو,2026-09-01 15:21:19
amd_rx_9070,digikala,215000000,نو,2026-09-01 15:21:19
samsung_galaxy,digikala,4000000,نو,2026-09-01 15:21:19
samsung_galaxy_128gb,digikala,89000000,نو,2026-09-01 15:21:19
other_1tb_exceria_g2,digikala,24000000,نو,2026-09-01 15:21:19
other_d99,digikala,4450000,نو,2026-09-01 15:21:19
other_zetime,digikala,6900000,نو,2026-09-01 15:21:19
other_p3s_calling,digikala,14852000,نو,2026-09-01 15:21:19
other_e900_pro,digikala,7500000,نو,2026-09-01 15:21:19
other_w26_pro_max,digikala,1950000,نو,2026-09-01 15:21:19
other_ultra_in_strap,digikala,1857060,نو,2026-09-01 15:21:19
other_a56,divar,79000000,در حد نو,2026-09-01 15:21:22
apple_iphone_14_pro_max,divar,180000000,کارکرده,2026-09-01 15:21:22
other_a50,divar,11000000,کارکرده,2026-09-01 15:21:22
asus_tuf,divar,70000000,کارکرده,2026-09-01 15:21:22
apple_iphone_14,divar,135000000,در حد نو,2026-09-01 15:21:22
sony_ps5,divar,40000000,کارکرده,2026-09-01 15:21:22
samsung_galaxy_a12,divar,14500000,در حد نو,2026-09-01 15:21:22
other_a50,divar,16800000,در حد نو,2026-09-01 15:21:22
amd_rx_590,divar,15000000,کارکرده,2026-09-01 15:21:22
apple_macbook_air_2020,divar,110000000,در حد نو,2026-09-01 15:21:22
other_a12,divar,17500000,در حد نو,2026-09-01 15:21:22
apple_iphone,divar,83000000,در حد نو,2026-09-01 15:21:22
apple_iphone_13_128gb,divar,79800000,کارکرده,2026-09-01 15:21:22
other_17_pro_max,divar,223000000,کارکرده,2026-09-01 15:21:22
apple_iphone_13_256gb,divar,105000000,در حد نو,2026-09-01 15:21:22
apple_macbook_air_m1_256gb,divar,144000000,در حد نو,2026-09-01 15:21:22
samsung_galaxy_s24_ultra_256gb,divar,9800000,کارکرده,2026-09-01 15:21:22
amd_rx_6900xt,divar,101000000,در حد نو,2026-09-01 15:21:22
sony_ps5,divar,150000,کارکرده,2026-09-01 15:21:22
sony_ps5,divar,100000000,کارکرده,2026-09-01 15:21:22
other_item_3ddb3713,divar,9800000,کارکرده,2026-09-01 15:21:22
sony_ps4,divar,40000000,کارکرده,2026-09-01 15:21:22
apple_macbook_pro,divar,35000000,در حد نو,2026-09-01 15:21:22
apple_macbook_pro_2021,divar,210000000,در حد نو,2026-09-01 15:21:22
amd_rx_580,divar,10000000,در حد نو,2026-09-01 15:21:22
sony_ps5,divar,7000000,در حد نو,2026-09-01 15:21:22
asus_tuf_gaming,divar,13800000,در حد نو,2026-09-01 15:21:22
apple_macbook_pro,divar,12000000,کارکرده,2026-09-01 15:21:22
sony_ps5_pro,divar,49000000,در حد نو,2026-09-01 15:21:22
sony_ps5,divar,100000,کارکرده,2026-09-01 15:21:22
apple_macbook,divar,1000000,کارکرده,2026-09-01 15:21:22
amd_rx_5700xt,divar,128000000,در حد نو,2026-09-01 15:21:22
sony_ps5,divar,1000000,کارکرده,2026-09-01 15:21:22
sony_ps5,divar,1300000,در حد نو,2026-09-01 15:21:22
amd_rx_580,divar,7000000,نو (پلمپ/آکبند),2026-09-01 15:21:22
sony_ps5,divar,2000000,کارکرده,2026-09-01 15:21:22
amd_rx_470,divar,6200000,کارکرده,2026-09-01 15:21:22
sony_ps5,divar,1500000,کارکرده,2026-09-01 15:21:22
sony_ps5,divar,7000000,در حد نو,2026-09-01 15:21:22
sony_ps5_digital,divar,50000000,کارکرده,2026-09-01 15:21:22
sony_ps4,divar,40000000,کارکرده,2026-09-01 15:21:22
asus_rog_strix,divar,41500000,در حد نو,2026-09-01 15:21:22
sony_ps5,divar,90000000,کارکرده,2026-09-01 15:21:22
apple_macbook_pro_m1_pro_14inch,divar,158000000,در حد نو,2026-09-01 15:21:22
amd_rx_6700xt,divar,57000000,در حد نو,2026-09-01 15:21:22
microsoft_xbox,divar,20000000,کارکرده,2026-09-01 15:21:22
apple_macbook_pro,divar,44800000,در حد نو,2026-09-01 15:21:22
amd_rx_580,divar,15000000,کارکرده,2026-09-01 15:21:22
sony_ps5,divar,100000,کارکرده,2026-09-01 15:21:22
microsoft_xbox,divar,20000000,کارکرده,2026-09-01 15:21:22
apple_macbook_pro_m1,divar,100000000,در حد نو,2026-09-01 15:21:22
amd_rx_5700xt,divar,33500000,کارکرده,2026-09-01 15:21:22
amd_rx_6900xt,divar,86500000,در حد نو,2026-09-01 15:21:22
sony_ps5,divar,99000000,کارکرده,2026-09-01 15:21:22
apple_macbook_pro,divar,350000000,کارکرده,2026-09-01 15:21:22
amd_rx_590,divar,16500000,در حد نو,2026-09-01 15:21:22
sony_ps5,divar,100000,کارکرده,2026-09-01 15:21:22
sony_ps5,divar,98000000,در حد نو,2026-09-01 15:21:22
amd_rx_580,divar,8000000,کارکرده,2026-09-01 15:21:22
amd_rx_5700xt,divar,165000000,در حد نو,2026-09-01 15:21:22
sony_ps5,divar,80000000,کارکرده,2026-09-01 15:21:22
apple_macbook_pro,divar,350000000,کارکرده,2026-09-01 15:21:22
nvidia_rx_580,divar,785000000,کارکرده,2026-09-01 15:21:22
sony_ps5,divar,100000000,کارکرده,2026-09-01 15:21:22
apple_macbook,divar,99000000,در حد نو,2026-09-01 15:21:22
amd_rx_6700xt,divar,61000000,در حد نو,2026-09-01 15:21:22
amd_rx_7900xt,divar,160000000,در حد نو,2026-09-01 15:21:22
sony_ps5,divar,99000000,کارکرده,2026-09-01 15:21:22
apple_macbook_pro,divar,177000000,در حد نو,2026-09-01 15:21:22
amd_rx_7900xt,divar,160000000,در حد نو,2026-09-01 15:21:22
sony_ps5,divar,100000,کارکرده,2026-09-01 15:21:22
apple_macbook_air,divar,49000000,در حد نو,2026-09-01 15:21:22
amd_rx_580,divar,8000000,کارکرده,2026-09-01 15:21:22
sony_ps5,divar,150000,کارکرده,2026-09-01 15:21:22
apple_macbook_pro,divar,17900000,کارکرده,2026-09-01 15:21:22
amd_rx_580,divar,15000000,کارکرده,2026-09-01 15:21:22
sony_ps5,divar,1500000,در حد نو,2026-09-01 15:21:22
amd_rx_580,divar,54900000,در حد نو,2026-09-01 15:21:22
sony_ps5,divar,150000,کارکرده,2026-09-01 15:21:22
apple_macbook_pro_m3,divar,230000000,کارکرده,2026-09-01 15:21:22
amd_rx_6900xt,divar,86500000,در حد نو,2026-09-01 15:21:22
sony_ps5,divar,1000000,کارکرده,2026-09-01 15:21:22
amd_rx_5700xt,divar,165000000,در حد نو,2026-09-01 15:21:22
sony_ps5,divar,9800000,کارکرده,2026-09-01 15:21:22
amd_rx_580,divar,11700000,در حد نو,2026-09-01 15:21:22
sony_ps5,divar,2000000,کارکرده,2026-09-01 15:21:22
sony_ps5,divar,1500000,کارکرده,2026-09-01 15:21:22
apple_macbook_pro_m3_512gb,divar,330000000,کارکرده,2026-09-01 15:21:22
sony_ps5,divar,1000000,کارکرده,2026-09-01 15:21:22
apple_macbook_pro_m2,divar,180000000,در حد نو,2026-09-01 15:21:22
apple_macbook_air,divar,115000000,در حد نو,2026-09-01 15:21:22
amd_rx_6800,divar,109000000,کارکرده,2026-09-01 15:21:22
sony_ps5,divar,49000000,در حد نو,2026-09-01 15:21:22
sony_ps5,divar,7000000,در حد نو,2026-09-01 15:21:22
apple_macbook,divar,2000000000,توافقی,2026-09-01 15:21:22
amd_rx_580,divar,11700000,در حد نو,2026-09-01 15:21:22
sony_ps5,divar,150000,کارکرده,2026-09-01 15:21:22
sony_ps5,divar,100000000,کارکرده,2026-09-01 15:21:22
apple_macbook_air_2017,divar,38000000,در حد نو,2026-09-01 15:21:22
amd_rx_6800,divar,109000000,کارکرده,2026-09-01 15:21:22
sony_ps5,divar,300000,کارکرده,2026-09-01 15:21:22
sony_ps5,divar,10000,در حد نو,2026-09-01 15:21:22
sony_ps5,divar,10000,در حد نو,2026-09-01 15:21:22
apple_macbook_pro_2012,divar,22000000,کارکرده,2026-09-01 15:21:22
amd_rx_470,divar,6200000,کارکرده,2026-09-01 15:21:22
apple_macbook_pro_m1_pro,divar,223000000,در حد نو,2026-09-01 15:21:22
apple_macbook_pro_m1_pro,divar,223000000,در حد نو,2026-09-01 15:21:22
sony_ps5,divar,2000000,کارکرده,2026-09-01 15:21:22
amd_rx_5700xt,divar,35500000,در حد نو,2026-09-01 15:21:22
amd_rx_580,divar,12300000,کارکرده,2026-09-01 15:21:22
sony_ps4,divar,100000,کارکرده,2026-09-01 15:21:22
apple_macbook_pro_2019,divar,1000,در حد نو,2026-09-01 15:21:22
asus_rog_strix,divar,41500000,در حد نو,2026-09-01 15:21:22
sony_ps4,divar,100000,کارکرده,2026-09-01 15:21:22
apple_macbook_air_2012,divar,6000000,کارکرده,2026-09-01 15:21:22
apple_macbook_pro_m4_pro,divar,380000000,کارکرده,2026-09-01 15:21:22
amd_rx_580,divar,10000000,کارکرده,2026-09-01 15:21:22
sony_ps5,divar,300000,کارکرده,2026-09-01 15:21:22
sony_ps5,divar,85000000,کارکرده,2026-09-01 15:21:22
apple_macbook_pro_intel,divar,18000000,کارکرده,2026-09-01 15:21:22
other_i5_12400f,divar,83900000,در حد نو,2026-09-01 15:21:22
microsoft_xbox,divar,20000000,کارکرده,2026-09-01 15:21:22
microsoft_xbox,divar,20000000,کارکرده,2026-09-01 15:21:22
microsoft_xbox,divar,20000000,کارکرده,2026-09-01 15:21:22
other_10,esam,1300000,دست دوم,2026-09-01 15:21:24
other_500,esam,50,دست دوم,2026-09-01 15:21:24
samsung_galaxy_z_flip_512gb,torob,275999000,نو,2026-09-01 15:21:24
apple_iphone_16_pro_max_256gb,torob,364615020,نو,2026-09-01 15:21:24
other_w46_max,digikala,3440000,نو,2026-09-01 15:47:46
other_45_band_kim,digikala,7120000,نو,2026-09-01 15:47:46
other_zz_algorithm_primo,digikala,6753110,نو,2026-09-01 15:47:46
other_my_passport_usb,digikala,22236900,نو,2026-09-01 15:47:46
other_soundcore_r100,digikala,26842200,نو,2026-09-01 15:47:46
apple_256gb_11_ipad_pro,digikala,257340000,نو,2026-09-01 15:47:46
asus_rog_strix_1tb,digikala,415000000,نو,2026-09-01 15:47:46
samsung_galaxy_a57_128gb,digikala,124999000,نو,2026-09-01 15:47:46
hp_512gb,digikala,344990000,نو,2026-09-01 15:47:46
asus_vivobook_15_custom_2tb,digikala,187200000,نو,2026-09-01 15:47:46
asus_tuf_gaming_custom_ram44gb_512gb,digikala,330000000,نو,2026-09-01 15:47:46
hp_32gb_15_fd1134nia_15,digikala,120100000,نو,2026-09-01 15:47:46
other_39_sw03_android,digikala,9000000,نو,2026-09-01 15:47:46
other_32gb_6303_32_32,digikala,3042000,نو,2026-09-01 15:47:46
lenovo_512gb_16_thinkbook_16,digikala,111000000,نو,2026-09-01 15:47:46
asus_512gb_15_expertbook_p1,digikala,279000000,نو,2026-09-01 15:47:46
other_1tb_armor_a62,digikala,22700000,نو,2026-09-01 15:47:46
asus_512gb_h610t2_i3_core,digikala,95200000,نو,2026-09-01 15:47:46
lenovo_ideapad__custom_ram40gb_512gb,digikala,211000000,نو,2026-09-01 15:47:46
lenovo_thinkpad_e16_custom_1tb,digikala,259690000,نو,2026-09-01 15:47:46
other_1tb_pcie_gen3_x2,digikala,21900000,نو,2026-09-01 15:47:46
asus_vivobook_15_custom_1tb,digikala,148000000,نو,2026-09-01 15:47:46
other_1tb_ac236,digikala,22200000,نو,2026-09-01 15:47:46
asus_vivobook_15_custom_ram40gb_512gb,digikala,164000000,نو,2026-09-01 15:47:46
other_sata_iii_ultimate,digikala,9899900,نو,2026-09-01 15:47:46
other_sata_sstc_1441,digikala,27000000,نو,2026-09-01 15:47:46
other_45_kw80_ultra,digikala,3850000,نو,2026-09-01 15:47:46
other_bgh_compact_45,digikala,14270000,نو,2026-09-01 15:47:46
other_plus_msn_z2,digikala,9565000,نو,2026-09-01 15:47:46
lenovo_ideapad__1tb,digikala,113000000,نو,2026-09-01 15:47:46
asus_rog_strix_custom_ram44gb_2tb,digikala,479000000,نو,2026-09-01 15:47:46
asus_prime_b760m,digikala,20560000,نو,2026-09-01 15:47:46
hp_256gb_15_g9_250,digikala,61000000,نو,2026-09-01 15:47:46
nvidia_rtx_3050_24gb,digikala,212200000,نو,2026-09-01 15:47:46
asus_tuf_gaming_1tb,digikala,364990000,نو,2026-09-01 15:47:46
other_hl_36_620,digikala,4500000,نو,2026-09-01 15:47:46
other_nr_industry_extended,digikala,6989000,نو,2026-09-01 15:47:46
other_plus_nre_touch,digikala,9921000,نو,2026-09-01 15:47:46
asus_rog_strix_custom_512gb,digikala,458000000,نو,2026-09-01 15:47:46
other_apy_multi_soundtec,digikala,7658000,نو,2026-09-01 15:47:46
asus_vivobook_15_custom_2tb,digikala,177000000,نو,2026-09-01 15:47:46
nvidia_rtx_4050_32gb,digikala,270000000,نو,2026-09-01 15:47:46
other_850_kyber_850w,digikala,16900000,نو,2026-09-01 15:47:46
other_jnb_limited_neo,digikala,6989000,نو,2026-09-01 15:47:46
other_512gb_elitedrive_512,digikala,13708800,نو,2026-09-01 15:47:46
other_g335,digikala,13800000,نو,2026-09-01 15:47:46
nvidia_rtx_3050_48gb,digikala,276000000,نو,2026-09-01 15:47:46
other_ddr3_1600_cl,digikala,3150000,نو,2026-09-01 15:47:46
samsung_flex,digikala,52000000,نو,2026-09-01 15:47:46
lenovo_ideapad__custom_ram40gb_1tb,digikala,191000000,نو,2026-09-01 15:47:46
nvidia_rtx_4050_48gb,digikala,327000000,نو,2026-09-01 15:47:46
amd_hd_7470_minicase,digikala,3990000,نو,2026-09-01 15:47:46
xiaomi_xiaomi,digikala,5200000,نو,2026-09-01 15:47:46
other_1tb_km1tbsiv32,digikala,16000000,نو,2026-09-01 15:47:46
other_53_sk37,digikala,3950000,نو,2026-09-01 15:47:46
other_t1,digikala,6450000,نو,2026-09-01 15:47:46
other_44_jsh_optima,digikala,11730000,نو,2026-09-01 15:47:46
other_bab_wirless_bowie,digikala,6985000,نو,2026-09-01 15:47:46
other_ne71,digikala,11000000,نو,2026-09-01 15:47:46
other_usb_hd01d,digikala,7100000,نو,2026-09-01 15:47:46
other_ws_x21_2025,digikala,3000000,نو,2026-09-01 15:47:46
other_naz_pods_lite,digikala,6746500,نو,2026-09-01 15:47:46
apple_iphone_15pro,divar,154900000,کارکرده,2026-09-01 15:47:51
apple_pro,divar,170000000,در حد نو,2026-09-01 15:47:51
samsung_galaxy_s26_ultra,divar,340000000,کارکرده,2026-09-01 15:47:51
apple_iphone_16_promax,divar,288000000,در حد نو,2026-09-01 15:47:51
other_s24_fe,divar,126000000,در حد نو,2026-09-01 15:47:51
samsung_galaxy_a07_64gb,divar,38500000,نو (پلمپ/آکبند),2026-09-01 15:47:51
intel_core_ultra_225f,divar,24000000,کارکرده,2026-09-01 15:47:51
apple_iphone_15_pro_max,divar,179500000,کارکرده,2026-09-01 15:47:51
apple_macbook_pro,divar,355000000,در حد نو,2026-09-01 15:47:51
other_s26_ultra,divar,177000000,کارکرده,2026-09-01 15:47:51
apple_macbook_air_m2,divar,65000000,کارکرده,2026-09-01 15:47:51
other_a14,divar,11500000,کارکرده,2026-09-01 15:47:51
amd_rx_580,divar,15000000,کارکرده,2026-09-01 15:47:51
apple_macbook,divar,95000000,در حد نو,2026-09-01 15:47:51
apple_macbook,divar,30000000,در حد نو,2026-09-01 15:47:51
apple_iphone_15,divar,103000000,در حد نو,2026-09-01 15:47:51
samsung_galaxy_a40,divar,30000000,در حد نو,2026-09-01 15:47:51
other_r50inc,divar,2000000,کارکرده,2026-09-01 15:47:51
other_17,divar,55000000,کارکرده,2026-09-01 15:47:51
apple_macbook_m2,divar,132000000,در حد نو,2026-09-01 15:47:51
amd_rx_580,divar,12500000,در حد نو,2026-09-01 15:47:51
sony_ps5,divar,10000,کارکرده,2026-09-01 15:47:51
apple_macbook_air_m3,divar,190000000,کارکرده,2026-09-01 15:47:51
amd_rx_5700xt,divar,41000000,کارکرده,2026-09-01 15:47:51
sony_ps5,divar,400000,کارکرده,2026-09-01 15:47:51
apple_macbook_air_m4,divar,210000000,در حد نو,2026-09-01 15:47:51
apple_macbook_air_m4,divar,210000000,در حد نو,2026-09-01 15:47:51
amd_rx_580,divar,12500000,در حد نو,2026-09-01 15:47:51
sony_ps5,divar,1200000,کارکرده,2026-09-01 15:47:51
apple_macbook_pro_m1,divar,120000000,در حد نو,2026-09-01 15:47:51
amd_rx_580,divar,7000000,نو (پلمپ/آکبند),2026-09-01 15:47:51
sony_ps5,divar,100000000,کارکرده,2026-09-01 15:47:51
sony_ps5,divar,80000000,کارکرده,2026-09-01 15:47:51
apple_macbook_pro,divar,35000000,در حد نو,2026-09-01 15:47:51
amd_rx_580,divar,9950000,در حد نو,2026-09-01 15:47:51
sony_ps5,divar,2000000,کارکرده,2026-09-01 15:47:51
sony_ps5,divar,50000,کارکرده,2026-09-01 15:47:51
amd_rx_580,divar,10500000,در حد نو,2026-09-01 15:47:51
sony_ps4,divar,68000000,در حد نو,2026-09-01 15:47:51
nvidia_rx_580,divar,785000000,کارکرده,2026-09-01 15:47:51
sony_ps5,divar,350000,کارکرده,2026-09-01 15:47:51
sony_ps5,divar,100000,کارکرده,2026-09-01 15:47:51
sony_ps5,divar,2000000,کارکرده,2026-09-01 15:47:51
sony_ps5,divar,999000000,کارکرده,2026-09-01 15:47:51
amd_rx_580,divar,10500000,در حد نو,2026-09-01 15:47:51
sony_ps5,divar,90000000,کارکرده,2026-09-01 15:47:51
apple_macbook_air_2019,divar,65000000,در حد نو,2026-09-01 15:47:51
sony_ps4,divar,68000000,در حد نو,2026-09-01 15:47:51
apple_macbook_air_2019,divar,65000000,در حد نو,2026-09-01 15:47:51
amd_rx_6700xt,divar,59000000,در حد نو,2026-09-01 15:47:51
amd_rx_5700xt,divar,165000000,در حد نو,2026-09-01 15:47:51
sony_ps5,divar,99000000,کارکرده,2026-09-01 15:47:51
sony_ps5,divar,100000,کارکرده,2026-09-01 15:47:51
apple_macbook_pro_m2,divar,180000000,در حد نو,2026-09-01 15:47:51
amd_rx_6900xt,divar,92000000,در حد نو,2026-09-01 15:47:51
amd_rx_580,divar,8000000,کارکرده,2026-09-01 15:47:51
sony_ps5,divar,100000000,کارکرده,2026-09-01 15:47:51
apple_macbook_pro_m3_pro_14inch_512gb,divar,325000000,کارکرده,2026-09-01 15:47:51
amd_rx_6700xt,divar,57000000,در حد نو,2026-09-01 15:47:51
nvidia_rx_580,divar,785000000,کارکرده,2026-09-01 15:47:51
sony_ps5,divar,888888888,کارکرده,2026-09-01 15:47:51
sony_ps5_slim,divar,10000,کارکرده,2026-09-01 15:47:51
sony_ps5,divar,100000,کارکرده,2026-09-01 15:47:51
apple_macbook_pro_m2,divar,180000000,در حد نو,2026-09-01 15:47:51
amd_rx_580,divar,10500000,در حد نو,2026-09-01 15:47:51
microsoft_xbox,divar,1000,کارکرده,2026-09-01 15:47:51
sony_ps5_slim,divar,10000,کارکرده,2026-09-01 15:47:51
apple_macbook_2019,divar,75000000,در حد نو,2026-09-01 15:47:51
amd_rx_590,divar,16500000,در حد نو,2026-09-01 15:47:51
amd_rx_6800,divar,75000000,در حد نو,2026-09-01 15:47:51
sony_ps5,divar,100000,کارکرده,2026-09-01 15:47:51
apple_macbook_pro_m2,divar,165000000,در حد نو,2026-09-01 15:47:51
amd_rx_580,divar,8000000,کارکرده,2026-09-01 15:47:51
amd_rx_580,divar,11700000,در حد نو,2026-09-01 15:47:51
sony_ps5,divar,2500000,کارکرده,2026-09-01 15:47:51
apple_macbook_air_2013,divar,10000000,کارکرده,2026-09-01 15:47:51
apple_iphone,divar,14000000,کارکرده,2026-09-01 15:47:51
amd_rx_7900xt,divar,160000000,در حد نو,2026-09-01 15:47:51
sony_ps5,divar,1000,کارکرده,2026-09-01 15:47:51
apple_macbook_pro_m2,divar,185000000,در حد نو,2026-09-01 15:47:51
amd_rx_6800,divar,75000000,در حد نو,2026-09-01 15:47:51
sony_ps5,divar,1000,کارکرده,2026-09-01 15:47:51
apple_macbook_pro_m1_pro,divar,216000000,در حد نو,2026-09-01 15:47:51
amd_rx_580,divar,11500000,در حد نو,2026-09-01 15:47:51
sony_ps5,divar,98000000,کارکرده,2026-09-01 15:47:51
sony_ps5,divar,2000000,کارکرده,2026-09-01 15:47:51
sony_ps5,divar,1500000,در حد نو,2026-09-01 15:47:51
amd_rx_6800xt,divar,75500000,کارکرده,2026-09-01 15:47:51
amd_rx_6800xt,divar,75500000,کارکرده,2026-09-01 15:47:51
sony_ps5,divar,20000000,کارکرده,2026-09-01 15:47:51
apple_macbook_pro_m3,divar,230000000,کارکرده,2026-09-01 15:47:51
amd_rx_6700xt,divar,57000000,در حد نو,2026-09-01 15:47:51
amd_rx_6600,divar,35900000,در حد نو,2026-09-01 15:47:51
sony_ps5,divar,98000000,در حد نو,2026-09-01 15:47:51
amd_rx_6800,divar,109000000,کارکرده,2026-09-01 15:47:51
sony_ps5,divar,1500000,کارکرده,2026-09-01 15:47:51
apple_macbook_pro_2018,divar,130000000,کارکرده,2026-09-01 15:47:51
apple_macbook_pro_m4_pro,divar,374000000,کارکرده,2026-09-01 15:47:51
sony_ps5,divar,10000,در حد نو,2026-09-01 15:47:51
apple_macbook,divar,58000000,کارکرده,2026-09-01 15:47:51
apple_macbook,divar,2000000000,توافقی,2026-09-01 15:47:51
amd_rx_580,divar,11700000,در حد نو,2026-09-01 15:47:51
sony_ps5,divar,50000,کارکرده,2026-09-01 15:47:51
apple_macbook_air,divar,115000000,در حد نو,2026-09-01 15:47:51
apple_macbook,divar,1000000000,توافقی,2026-09-01 15:47:51
amd_rx_580,divar,10500000,در حد نو,2026-09-01 15:47:51
sony_ps5,divar,100000000,کارکرده,2026-09-01 15:47:51
sony_ps5,divar,49000000,در حد نو,2026-09-01 15:47:51
apple_macbook_pro_m4_pro,divar,374000000,کارکرده,2026-09-01 15:47:51
other_i5_12400f,divar,83900000,در حد نو,2026-09-01 15:47:51
sony_ps5,divar,100000000,کارکرده,2026-09-01 15:47:51
sony_ps5,divar,1500000,کارکرده,2026-09-01 15:47:51
sony_ps5,divar,1500000,کارکرده,2026-09-01 15:47:51
sony_ps5,divar,900000,کارکرده,2026-09-01 15:47:51
apple_macbook_air,divar,115000000,در حد نو,2026-09-01 15:47:51
apple_iphone,divar,14000000,کارکرده,2026-09-01 15:47:51
sony_ps5,divar,2000000,کارکرده,2026-09-01 15:47:51
apple_macbook_air_2020,divar,83000000,در حد نو,2026-09-01 15:47:51
amd_rx_5700xt,divar,35500000,در حد نو,2026-09-01 15:47:51
amd_rx_580,divar,12300000,کارکرده,2026-09-01 15:47:51
sony_ps4,divar,68000000,در حد نو,2026-09-01 15:47:51
apple_macbook,divar,38000000,در حد نو,2026-09-01 15:47:51
amd_rx_5700xt,divar,35500000,در حد نو,2026-09-01 15:47:51
sony_ps4,divar,100000,کارکرده,2026-09-01 15:47:51
apple_512gb_ipad_pro_m4,divar,200000000,در حد نو,2026-09-01 15:47:51
apple_macbook,divar,28000000,کارکرده,2026-09-01 15:47:51
apple_macbook_pro_intel,divar,18000000,کارکرده,2026-09-01 15:47:51
sony_ps5,divar,100000,کارکرده,2026-09-01 15:47:51
apple_macbook,divar,28000000,کارکرده,2026-09-01 15:47:51
apple_macbook_air_2012,divar,6000000,کارکرده,2026-09-01 15:47:51
amd_rx_570,divar,9500000,در حد نو,2026-09-01 15:47:51
sony_ps5,divar,100000,کارکرده,2026-09-01 15:47:51
sony_ps5,divar,100000,کارکرده,2026-09-01 15:47:51
other_10,esam,10,دست دوم,2026-09-01 15:47:53
samsung_s7_edge,esam,32000,دست دوم,2026-09-01 15:47:53
other_6303,esam,9900000,دست دوم,2026-09-01 15:47:53
dell_dell_precision_3510,esam,55500000,دست دوم,2026-09-01 15:47:53
other_17,esam,269150,دست دوم,2026-09-01 15:47:53
other_11,esam,780000,دست دوم,2026-09-01 15:47:53
dell_dell,esam,535000,دست دوم,2026-09-01 15:47:53
other_17,esam,179150,دست دوم,2026-09-01 15:47:53
asus_ram32gb_2tb,torob,457300000,نو,2026-09-01 15:47:53
other_256gb_edge_60_fusion,torob,108916000,نو,2026-09-01 15:47:53
samsung_galaxy_a07,torob,780000,نو,2026-09-01 15:47:53
other_2tb_x9_portable_ssd,digikala,44500000,نو,2026-09-02 09:31:11
other_pf650,digikala,11990000,نو,2026-09-02 09:31:11
other_44_bs_rich,digikala,9041760,نو,2026-09-02 09:31:11
samsung_galaxy_a11,digikala,12635000,نو,2026-09-02 09:31:11
xiaomi_xiaomi_512gb,digikala,121880000,نو,2026-09-02 09:31:11
hp_32gb_15_fd1134nia_15,digikala,104000000,نو,2026-09-02 09:31:11
other_256gb_x9d_256_12,digikala,107000000,نو,2026-09-02 09:31:11
hp_1tb,digikala,354990000,نو,2026-09-02 09:31:11
asus_tuf_gaming_512gb,digikala,384000000,نو,2026-09-02 09:31:11
hp_256gb_16_omnibook_16by0015dx,digikala,125990000,نو,2026-09-02 09:31:11
asus_vivobook_15_custom_1tb,digikala,165990000,نو,2026-09-02 09:31:11
other_google_pixel_buds,digikala,65000000,نو,2026-09-02 09:31:11
xiaomi_xiaomi_128gb,digikala,56700000,نو,2026-09-02 09:31:11
other_y70_touch_infinite,digikala,79000000,نو,2026-09-02 09:31:11
asus_2tb_15_expertbook_p1,digikala,377000000,نو,2026-09-02 09:31:11
other_1tb_pcie_gen3_x4,digikala,26000000,نو,2026-09-02 09:31:11
asus_1tb_nuc14rvhu7_core_ultra,digikala,268000000,نو,2026-09-02 09:31:11
other_2tb_15_aspire_lite,digikala,298000000,نو,2026-09-02 09:31:11
microsoft_1tb_13_surface_laptop,digikala,325980000,نو,2026-09-02 09:31:11
asus_tuf_gaming_custom_512gb,digikala,382000000,نو,2026-09-02 09:31:11
lenovo_thinkpad_e14_custom,digikala,241800000,نو,2026-09-02 09:31:11
other_5tb_ac633_usb_gen1,digikala,59800000,نو,2026-09-02 09:31:11
other_128gb_sata_sstc_1441,digikala,8300000,نو,2026-09-02 09:31:11
asus_2tb,digikala,447560000,نو,2026-09-02 09:31:11
other_512gb_p210_512,digikala,11864420,نو,2026-09-02 09:31:11
other_1tb_fs510_usb_gen1,digikala,35000000,نو,2026-09-02 09:31:11
other_sw04,digikala,4600000,نو,2026-09-02 09:31:11
xiaomi_xiaomi,digikala,18900000,نو,2026-09-02 09:31:11
other_maestro_300,digikala,14600000,نو,2026-09-02 09:31:11
lenovo_rtx_5050_44gb,digikala,329000000,نو,2026-09-02 09:31:11
lenovo_ideapad__512gb,digikala,104000000,نو,2026-09-02 09:31:11
other_ddr3_1600_kvr,digikala,1700000,نو,2026-09-02 09:31:11
lenovo_rtx_3050_8gb,digikala,190000000,نو,2026-09-02 09:31:11
nvidia_rtx_5060,digikala,357000000,نو,2026-09-02 09:31:11
asus_vivobook_15_custom_512gb,digikala,107000000,نو,2026-09-02 09:31:11
lenovo_512gb_16_thinkbook_16,digikala,119000000,نو,2026-09-02 09:31:11
xiaomi_xiaomi,digikala,4000000,نو,2026-09-02 09:31:11
other_ghn_pearclip_pro,digikala,7521000,نو,2026-09-02 09:31:11
other_soundcore_sport_x20,digikala,24800000,نو,2026-09-02 09:31:11
other_afs_active_mz10,digikala,8565000,نو,2026-09-02 09:31:11
lenovo_rtx_3050_12gb,digikala,168300000,نو,2026-09-02 09:31:11
asus_vivobook_15_32gb,digikala,124700000,نو,2026-09-02 09:31:11
other_kat_batery_shark,digikala,7923000,نو,2026-09-02 09:31:11
other_corereactor_ii_ve,digikala,24790000,نو,2026-09-02 09:31:11
other_ddr4_2666_cl19,digikala,9000000,نو,2026-09-02 09:31:11
other_ap_800,digikala,25500000,نو,2026-09-02 09:31:11
sony_ps5_pro,digikala,229000000,نو,2026-09-02 09:31:11
other_pro_b840_wifi,digikala,35500000,نو,2026-09-02 09:31:11
other_le720w,digikala,15200000,نو,2026-09-02 09:31:11
asus_512gb,digikala,105990000,نو,2026-09-02 09:31:11
samsung_galaxy,digikala,4150000,نو,2026-09-02 09:31:11
other_64gb_dom_ys40v2_64,digikala,30000000,نو,2026-09-02 09:31:11
other_hk9_mini,digikala,4590000,نو,2026-09-02 09:31:11
other_airpods_pro_i20,digikala,7020000,نو,2026-09-02 09:31:11
other_44_emi_m2,digikala,17070000,نو,2026-09-02 09:31:11
other_prich,digikala,7665000,نو,2026-09-02 09:31:11
other_128gb_dual_drive_luxe,digikala,5600000,نو,2026-09-02 09:31:11
other_49_r60,digikala,1990000,نو,2026-09-02 09:31:11
samsung_galaxy_s11_256gb,digikala,254990000,نو,2026-09-02 09:31:11
apple_iphone,divar,60000000,کارکرده,2026-09-02 09:31:15
asus_rog,divar,320000000,کارکرده,2026-09-02 09:31:15
other_a10,divar,12500000,کارکرده,2026-09-02 09:31:15
apple_iphone_12_128gb,divar,50000000,کارکرده,2026-09-02 09:31:15
samsung_galaxy_s10_plus,divar,14000000,کارکرده,2026-09-02 09:31:15
apple_iphone_13_128gb,divar,89000000,در حد نو,2026-09-02 09:31:15
samsung_s24ultra,divar,30000000,در حد نو,2026-09-02 09:31:15
apple_iphone_12,divar,250000000,کارکرده,2026-09-02 09:31:15
samsung_galaxy_a01,divar,7000000,کارکرده,2026-09-02 09:31:15
apple_macbook_2016,divar,98500000,در حد نو,2026-09-02 09:31:15
sony_ps5,divar,150000,کارکرده,2026-09-02 09:31:15
other_a10s,divar,5500000,کارکرده,2026-09-02 09:31:15
samsung_galaxy_a07,divar,42000000,در حد نو,2026-09-02 09:31:15
apple_iphone_se,divar,499000000,کارکرده,2026-09-02 09:31:15
other_64gb_a07_64,divar,31000000,نو (پلمپ/آکبند),2026-09-02 09:31:15
samsung_a6,divar,5900000,کارکرده,2026-09-02 09:31:15
other_16,divar,32000000,در حد نو,2026-09-02 09:31:15
apple_macbook_pro_m4_pro,divar,365000000,در حد نو,2026-09-02 09:31:15
apple_iphone_14_pro,divar,80000000,کارکرده,2026-09-02 09:31:15
amd_rx_580,divar,7000000,نو (پلمپ/آکبند),2026-09-02 09:31:15
sony_ps5,divar,400000,کارکرده,2026-09-02 09:31:15
sony_ps5,divar,90000000,کارکرده,2026-09-02 09:31:15
sony_ps5,divar,10000,کارکرده,2026-09-02 09:31:15
apple_macbook_pro,divar,130000000,در حد نو,2026-09-02 09:31:15
amd_rx_580,divar,9950000,در حد نو,2026-09-02 09:31:15
amd_rx_580,divar,10000000,در حد نو,2026-09-02 09:31:15
sony_ps5_slim,divar,10000,کارکرده,2026-09-02 09:31:15
apple_macbook_air_m4,divar,215000000,در حد نو,2026-09-02 09:31:15
amd_rx_5700xt,divar,41000000,کارکرده,2026-09-02 09:31:15
amd_rx_6800,divar,198000000,کارکرده,2026-09-02 09:31:15
sony_ps5,divar,1300000,در حد نو,2026-09-02 09:31:15
apple_macbook_pro_m4_pro,divar,430000000,کارکرده,2026-09-02 09:31:15
amd_rx_580,divar,9950000,در حد نو,2026-09-02 09:31:15
sony_ps5,divar,400000,کارکرده,2026-09-02 09:31:15
amd_rx_580,divar,7000000,نو (پلمپ/آکبند),2026-09-02 09:31:15
sony_ps5,divar,90000000,کارکرده,2026-09-02 09:31:15
apple_macbook_pro_m1,divar,118800000,در حد نو,2026-09-02 09:31:15
amd_rx_580,divar,7000000,نو (پلمپ/آکبند),2026-09-02 09:31:15
amd_rx_580,divar,10500000,در حد نو,2026-09-02 09:31:15
sony_ps5,divar,10000,کارکرده,2026-09-02 09:31:15
amd_rx_5700xt,divar,165000000,در حد نو,2026-09-02 09:31:15
sony_ps5_slim,divar,10000,کارکرده,2026-09-02 09:31:15
amd_rx_580,divar,8000000,کارکرده,2026-09-02 09:31:15
sony_ps5,divar,2000000,کارکرده,2026-09-02 09:31:15
amd_rx_580,divar,10500000,در حد نو,2026-09-02 09:31:15
sony_ps5,divar,100000,کارکرده,2026-09-02 09:31:15
apple_macbook_pro_m1_pro,divar,216000000,در حد نو,2026-09-02 09:31:15
amd_rx_580,divar,11500000,در حد نو,2026-09-02 09:31:15
microsoft_xbox,divar,1000,کارکرده,2026-09-02 09:31:15
sony_ps5,divar,80000000,کارکرده,2026-09-02 09:31:15
apple_macbook_air_m1,divar,96700000,کارکرده,2026-09-02 09:31:15
amd_rx_580,divar,10500000,در حد نو,2026-09-02 09:31:15
sony_ps5,divar,888888888,کارکرده,2026-09-02 09:31:15
apple_macbook_air_m4,divar,195000000,در حد نو,2026-09-02 09:31:15
apple_macbook_pro_m3,divar,89000000,در حد نو,2026-09-02 09:31:15
amd_rx_580,divar,12000000,در حد نو,2026-09-02 09:31:15
sony_ps5,divar,99000000,کارکرده,2026-09-02 09:31:15
amd_rx_5700xt,divar,165000000,در حد نو,2026-09-02 09:31:15
sony_ps5,divar,888888888,کارکرده,2026-09-02 09:31:15
apple_macbook_pro,divar,44800000,در حد نو,2026-09-02 09:31:15
other_pro2,divar,600000,کارکرده,2026-09-02 09:31:15
sony_ps5,divar,98000000,در حد نو,2026-09-02 09:31:15
apple_macbook_air_2019,divar,65000000,در حد نو,2026-09-02 09:31:15
apple_macbook_pro_m3,divar,89000000,در حد نو,2026-09-02 09:31:15
amd_rx_6800,divar,75000000,در حد نو,2026-09-02 09:31:15
sony_ps5,divar,10000,کارکرده,2026-09-02 09:31:15
apple_macbook_pro_m2,divar,185000000,در حد نو,2026-09-02 09:31:15
apple_macbook_air_2018,divar,57000000,در حد نو,2026-09-02 09:31:15
amd_rx_580,divar,15000000,کارکرده,2026-09-02 09:31:15
microsoft_xbox,divar,20000000,کارکرده,2026-09-02 09:31:15
apple_macbook_2019,divar,75000000,در حد نو,2026-09-02 09:31:15
apple_macbook_air_m4,divar,3900000,کارکرده,2026-09-02 09:31:15
amd_rx_6900xt,divar,86500000,در حد نو,2026-09-02 09:31:15
amd_rx_6700xt,divar,57000000,در حد نو,2026-09-02 09:31:15
sony_ps5,divar,888888888,کارکرده,2026-09-02 09:31:15
apple_macbook_air_2018,divar,57000000,در حد نو,2026-09-02 09:31:15
amd_rx_6800xt,divar,75500000,کارکرده,2026-09-02 09:31:15
sony_ps5,divar,100000,کارکرده,2026-09-02 09:31:15
apple_macbook_pro_m1,divar,100000000,در حد نو,2026-09-02 09:31:15
apple_macbook_pro_m2,divar,185000000,در حد نو,2026-09-02 09:31:15
amd_rx_5700xt,divar,165000000,در حد نو,2026-09-02 09:31:15
sony_ps5,divar,100000,کارکرده,2026-09-02 09:31:15
amd_rx_6800,divar,75000000,در حد نو,2026-09-02 09:31:15
sony_ps5,divar,20000,کارکرده,2026-09-02 09:31:15
apple_macbook_pro_m3_pro_14inch_512gb,divar,325000000,کارکرده,2026-09-02 09:31:15
apple_macbook_pro_m2,divar,185000000,در حد نو,2026-09-02 09:31:15
amd_rx_580,divar,54900000,در حد نو,2026-09-02 09:31:15
sony_ps5,divar,39900000,کارکرده,2026-09-02 09:31:15
apple_macbook_pro,divar,3350000,کارکرده,2026-09-02 09:31:15
apple_macbook_pro,divar,3350000,کارکرده,2026-09-02 09:31:15
amd_rx_6800,divar,75000000,در حد نو,2026-09-02 09:31:15
sony_ps5,divar,10000,در حد نو,2026-09-02 09:31:15
sony_ps5,divar,9800000,کارکرده,2026-09-02 09:31:15
sony_ps4,divar,35000000,در حد نو,2026-09-02 09:31:15
sony_ps5,divar,10000,در حد نو,2026-09-02 09:31:15
apple_macbook_air_m1_256gb,divar,96000000,در حد نو,2026-09-02 09:31:15
sony_ps5,divar,90000000,کارکرده,2026-09-02 09:31:15
sony_ps5,divar,9900000,کارکرده,2026-09-02 09:31:15
apple_macbook,divar,450000000,در حد نو,2026-09-02 09:31:15
amd_rx_580,divar,54900000,در حد نو,2026-09-02 09:31:15
amd_rx_6600,divar,84900000,کارکرده,2026-09-02 09:31:15
sony_ps5,divar,2000000,کارکرده,2026-09-02 09:31:15
apple_macbook_pro_intel_2019_256gb,divar,86500000,در حد نو,2026-09-02 09:31:15
amd_rx_6600,divar,84900000,کارکرده,2026-09-02 09:31:15
sony_ps5,divar,50000000,کارکرده,2026-09-02 09:31:15
apple_macbook_pro,divar,35000000,کارکرده,2026-09-02 09:31:15
amd_rx_5700xt,divar,165000000,در حد نو,2026-09-02 09:31:15
amd_rx_5700xt,divar,165000000,در حد نو,2026-09-02 09:31:15
sony_ps5,divar,100000000,کارکرده,2026-09-02 09:31:15
sony_ps5,divar,150000,کارکرده,2026-09-02 09:31:15
apple_macbook,divar,450000000,در حد نو,2026-09-02 09:31:15
apple_macbook,divar,30000000,در حد نو,2026-09-02 09:31:15
amd_rx_580,divar,54900000,در حد نو,2026-09-02 09:31:15
sony_ps5,divar,900000,کارکرده,2026-09-02 09:31:15
sony_ps5,divar,1500000,در حد نو,2026-09-02 09:31:15
apple_macbook_pro_2012,divar,22000000,کارکرده,2026-09-02 09:31:15
amd_rx_580,divar,79000000,در حد نو,2026-09-02 09:31:15
sony_ps5,divar,2000000,کارکرده,2026-09-02 09:31:15
apple_macbook_pro,divar,35000000,در حد نو,2026-09-02 09:31:15
amd_rx_6900xt_16gb,divar,88500000,در حد نو,2026-09-02 09:31:15
sony_ps5,divar,700000,کارکرده,2026-09-02 09:31:15
apple_macbook_air_2020,divar,83000000,در حد نو,2026-09-02 09:31:15
amd_rx_580,divar,12300000,کارکرده,2026-09-02 09:31:15
sony_ps5,divar,9800000,کارکرده,2026-09-02 09:31:15
sony_ps4,divar,40000000,کارکرده,2026-09-02 09:31:15
apple_macbook_pro_intel,divar,18000000,کارکرده,2026-09-02 09:31:15
amd_rx_570,divar,9500000,در حد نو,2026-09-02 09:31:15
other_i5_12400f,divar,83900000,در حد نو,2026-09-02 09:31:15
sony_ps5,divar,85000000,کارکرده,2026-09-02 09:31:15
apple_macbook_pro_intel,divar,18000000,کارکرده,2026-09-02 09:31:15
amd_rx_570,divar,9500000,در حد نو,2026-09-02 09:31:15
sony_ps5,divar,40000000,کارکرده,2026-09-02 09:31:15
other_10,esam,20000,نو,2026-09-02 09:31:16
other_10,esam,250000,دست دوم,2026-09-02 09:31:16
other_46,esam,995000,دست دوم,2026-09-02 09:31:16
other_x3,esam,700000,دست دوم,2026-09-02 09:31:16
samsung_galaxy_s25_ultra_256gb,torob,192798150,نو,2026-09-02 09:31:17
other_256gb_400lite_5g_256,torob,85600000,نو,2026-09-02 09:31:17
asus_rtx_3050_16gb,torob,159200000,نو,2026-09-02 09:31:17
nvidia_rtx_4050_16gb,torob,207000000,نو,2026-09-02 09:31:17
xiaomi_xiaomi,digikala,17865000,نو,2026-09-02 09:42:10
other_48_jwatch_s610,digikala,6670000,نو,2026-09-02 09:42:10
other_256gb_bond_ii_lite,digikala,53500000,نو,2026-09-02 09:42:10
lenovo_ideapad__custom_ram40gb_512gb,digikala,213000000,نو,2026-09-02 09:42:10
asus_tuf_gaming_custom_ram48gb_512gb,digikala,442000000,نو,2026-09-02 09:42:10
hp_victus_15_custom_32gb,digikala,198714420,نو,2026-09-02 09:42:10
samsung_galaxy_a11_64gb,digikala,43500000,نو,2026-09-02 09:42:10
asus_vivobook_16_custom_1tb,digikala,178000000,نو,2026-09-02 09:42:10
lenovo_rtx_4050_24gb,digikala,280000000,نو,2026-09-02 09:42:10
samsung_galaxy_a37_256gb,digikala,109990000,نو,2026-09-02 09:42:10
intel_64gb_skylake_core_i5,digikala,6300000,نو,2026-09-02 09:42:10
other_aonic_40,digikala,49900000,نو,2026-09-02 09:42:10
other_h889,digikala,12300000,نو,2026-09-02 09:42:10
nvidia_geforce_gt_730,digikala,12900000,نو,2026-09-02 09:42:10
other_4tb_canvio_gaming_usb,digikala,32000000,نو,2026-09-02 09:42:10
intel_malay_g3250,digikala,299000,نو,2026-09-02 09:42:10
hp_512gb_14_omnibook_flip,digikala,217900000,نو,2026-09-02 09:42:10
asus_rog_strix_custom_ram44gb_1tb,digikala,613000000,نو,2026-09-02 09:42:10
hp_2tb_14_omnibook_flip,digikala,267900000,نو,2026-09-02 09:42:10
samsung_1tb_sata_iii_evo,digikala,88900000,نو,2026-09-02 09:42:10
other_space_one_pro,digikala,19500000,نو,2026-09-02 09:42:10
samsung_galaxy,digikala,3750000,نو,2026-09-02 09:42:10
samsung_galaxy,digikala,18200000,نو,2026-09-02 09:42:10
other_2tb_pcie_gen4_x4,digikala,69950000,نو,2026-09-02 09:42:10
other_watch_pro,digikala,8000000,نو,2026-09-02 09:42:10
other_angry_bass_0090,digikala,7650000,نو,2026-09-02 09:42:10
hp_sata_iii_s650,digikala,7550000,نو,2026-09-02 09:42:10
other_32gb_e130_32_64,digikala,1599000,نو,2026-09-02 09:42:10
asus_tuf_gaming_custom_ram64gb_64gb,digikala,376000000,نو,2026-09-02 09:42:10
lenovo_512gb_15_v15_g4,digikala,113000000,نو,2026-09-02 09:42:10
nvidia_rtx_5050_16gb,digikala,259000000,نو,2026-09-02 09:42:10
asus_vivobook_15_custom_32gb,digikala,105000000,نو,2026-09-02 09:42:10
lenovo_thinkpad_l13_custom_32gb,digikala,136800000,نو,2026-09-02 09:42:10
asus_512gb_15_expertbook_p1,digikala,179900000,نو,2026-09-02 09:42:10
other_spatium_s270_240,digikala,9200000,نو,2026-09-02 09:42:11
other_mos_choice_tz13,digikala,7921000,نو,2026-09-02 09:42:11
other_128gb_v2_128,digikala,29999000,نو,2026-09-02 09:42:11
amd_rx_9060xt,digikala,134000000,نو,2026-09-02 09:42:11
other_plus_apy_running,digikala,9652000,نو,2026-09-02 09:42:11
lenovo_ideapad__512gb,digikala,91000000,نو,2026-09-02 09:42:11
samsung_galaxy,digikala,19990000,نو,2026-09-02 09:42:11
other_alb_zuma_clear,digikala,8974000,نو,2026-09-02 09:42:11
other_boreas_e2_410,digikala,4700000,نو,2026-09-02 09:42:11
intel_core_e7300,digikala,450000,نو,2026-09-02 09:42:11
other_kdy_e13_kamel,digikala,6985000,نو,2026-09-02 09:42:11
lenovo_rtx_5060_48gb,digikala,366000000,نو,2026-09-02 09:42:11
other_rs_1320_12gb,digikala,28000000,نو,2026-09-02 09:42:11
intel_pentium_e5800,digikala,542300,نو,2026-09-02 09:42:11
asus_vivobook_14_custom_ram40gb_1tb,digikala,189990000,نو,2026-09-02 09:42:11
apple_ipad_pro_11,digikala,4585810,نو,2026-09-02 09:42:11
other_256gb_p300_256,digikala,10600000,نو,2026-09-02 09:42:11
other_14tb_exos_st14000nm001g_14,digikala,145000000,نو,2026-09-02 09:42:11
other_nt11_gy,digikala,5250000,نو,2026-09-02 09:42:11
other_r11,digikala,8500000,نو,2026-09-02 09:42:11
other_zhr_florenc_caring,digikala,6815000,نو,2026-09-02 09:42:11
other_4330345947,digikala,8620000,نو,2026-09-02 09:42:11
other_256gb_essental_256,digikala,6300000,نو,2026-09-02 09:42:11
other_44_m103,digikala,2450000,نو,2026-09-02 09:42:11
other_shn_device_larissa,digikala,6532000,نو,2026-09-02 09:42:11
other_iphon_13_pro,divar,135000000,در حد نو,2026-09-02 09:42:14
apple_iphone_13_pro_max,divar,150000000,در حد نو,2026-09-02 09:42:14
asus_tuf_gaming,divar,310000000,در حد نو,2026-09-02 09:42:14
other_256gb_17_pro_max,divar,170000000,کارکرده,2026-09-02 09:42:14
samsung_galaxy_a26,divar,53000000,در حد نو,2026-09-02 09:42:14
apple_iphone_14_pro_max,divar,158000000,در حد نو,2026-09-02 09:42:14
samsung_a5,divar,10000000,در حد نو,2026-09-02 09:42:14
other_a6,divar,7000000,کارکرده,2026-09-02 09:42:14
apple_13_m4,divar,305000000,در حد نو,2026-09-02 09:42:14
apple_iphone_13,divar,40000000,کارکرده,2026-09-02 09:42:14
amd_rx_580,divar,12000000,کارکرده,2026-09-02 09:42:14
apple_macbook_pro,divar,139000000,کارکرده,2026-09-02 09:42:14
apple_iphone_12_pro_256gb,divar,83000000,کارکرده,2026-09-02 09:42:14
other_256gb_s24fe_256,divar,105000000,در حد نو,2026-09-02 09:42:14
apple_macbook_pro_intel_2013,divar,43000000,کارکرده,2026-09-02 09:42:14
apple_macbook_pro_m3_pro_512gb,divar,315000000,در حد نو,2026-09-02 09:42:14
apple_256gb_15_pro_max,divar,210000000,کارکرده,2026-09-02 09:42:14
sony_ps5,divar,999000000,کارکرده,2026-09-02 09:42:14
apple_iphone_13_128gb,divar,84000000,در حد نو,2026-09-02 09:42:14
amd_rx_5700,divar,25900000,در حد نو,2026-09-02 09:42:14
sony_ps5,divar,1000,کارکرده,2026-09-02 09:42:14
apple_macbook,divar,1000000000,توافقی,2026-09-02 09:42:14
amd_rx_580,divar,8000000,کارکرده,2026-09-02 09:42:14
sony_ps5,divar,500000,کارکرده,2026-09-02 09:42:14
sony_ps5,divar,999000000,کارکرده,2026-09-02 09:42:14
apple_macbook,divar,1000000000,کارکرده,2026-09-02 09:42:14
amd_rx_580,divar,10500000,در حد نو,2026-09-02 09:42:14
amd_rx_470,divar,6200000,کارکرده,2026-09-02 09:42:14
sony_ps5,divar,100000,کارکرده,2026-09-02 09:42:14
apple_macbook_pro,divar,68800000,در حد نو,2026-09-02 09:42:14
amd_rx_580,divar,10000000,کارکرده,2026-09-02 09:42:14
nvidia_rx_580,divar,785000000,کارکرده,2026-09-02 09:42:14
sony_ps5,divar,1000,کارکرده,2026-09-02 09:42:14
other_13_m4,divar,206000000,کارکرده,2026-09-02 09:42:14
apple_macbook_air_m4,divar,215000000,در حد نو,2026-09-02 09:42:14
amd_rx_580,divar,7000000,نو (پلمپ/آکبند),2026-09-02 09:42:14
sony_ps5_pro,divar,49000000,در حد نو,2026-09-02 09:42:14
amd_rx_580,divar,8000000,کارکرده,2026-09-02 09:42:14
sony_ps5,divar,100000,کارکرده,2026-09-02 09:42:14
apple_macbook_pro_2015,divar,38000000,در حد نو,2026-09-02 09:42:14
sony_ps5,divar,500000,کارکرده,2026-09-02 09:42:14
sony_ps4,divar,37000000,کارکرده,2026-09-02 09:42:14
asus_rog_strix,divar,41500000,در حد نو,2026-09-02 09:42:14
sony_ps5,divar,18000000,کارکرده,2026-09-02 09:42:14
apple_macbook_pro,divar,44800000,در حد نو,2026-09-02 09:42:14
sony_ps5,divar,888888888,کارکرده,2026-09-02 09:42:14
microsoft_xbox,divar,20000000,کارکرده,2026-09-02 09:42:14
apple_macbook_pro_m1,divar,100000000,در حد نو,2026-09-02 09:42:14
sony_ps5,divar,1000,کارکرده,2026-09-02 09:42:14
microsoft_xbox,divar,1000,کارکرده,2026-09-02 09:42:14
apple_macbook_air,divar,49000000,در حد نو,2026-09-02 09:42:14
apple_macbook,divar,1000000000,توافقی,2026-09-02 09:42:14
amd_rx_7900xt,divar,160000000,در حد نو,2026-09-02 09:42:14
sony_ps5,divar,98000000,در حد نو,2026-09-02 09:42:14
apple_macbook_pro_m1_pro_14inch,divar,158000000,در حد نو,2026-09-02 09:42:14
amd_rx_580,divar,11700000,در حد نو,2026-09-02 09:42:14
sony_ps5,divar,99000000,کارکرده,2026-09-02 09:42:14
amd_rx_580,divar,8000000,کارکرده,2026-09-02 09:42:14
sony_ps4,divar,68000000,در حد نو,2026-09-02 09:42:14
apple_macbook_air_2013,divar,10000000,کارکرده,2026-09-02 09:42:14
sony_ps5,divar,1000,کارکرده,2026-09-02 09:42:14
apple_macbook_pro_m2,divar,180000000,در حد نو,2026-09-02 09:42:14
apple_macbook_air_2013,divar,10000000,کارکرده,2026-09-02 09:42:14
amd_rx_580,divar,8000000,کارکرده,2026-09-02 09:42:14
sony_ps5,divar,100000,کارکرده,2026-09-02 09:42:14
apple_macbook_air_m4,divar,195000000,در حد نو,2026-09-02 09:42:14
apple_macbook_air_m4,divar,3900000,کارکرده,2026-09-02 09:42:14
sony_ps5,divar,80000000,کارکرده,2026-09-02 09:42:14
apple_macbook_air_m4,divar,3900000,کارکرده,2026-09-02 09:42:14
sony_ps4,divar,68000000,در حد نو,2026-09-02 09:42:14
apple_macbook_pro,divar,17900000,کارکرده,2026-09-02 09:42:14
apple_macbook,divar,450000000,در حد نو,2026-09-02 09:42:14
sony_ps5,divar,10000,کارکرده,2026-09-02 09:42:14
apple_macbook_air_2018,divar,57000000,در حد نو,2026-09-02 09:42:14
apple_macbook_air_2018,divar,57000000,در حد نو,2026-09-02 09:42:14
amd_rx_580,divar,12000000,در حد نو,2026-09-02 09:42:14
sony_ps5,divar,100000000,کارکرده,2026-09-02 09:42:14
amd_rx_580,divar,11500000,در حد نو,2026-09-02 09:42:14
sony_ps5,divar,100000,کارکرده,2026-09-02 09:42:14
apple_macbook,divar,5000000,کارکرده,2026-09-02 09:42:14
apple_macbook,divar,5000000,کارکرده,2026-09-02 09:42:14
amd_rx_5700xt,divar,33500000,کارکرده,2026-09-02 09:42:14
sony_ps5,divar,90000000,کارکرده,2026-09-02 09:42:14
apple_macbook_pro_m4_pro,divar,360000000,در حد نو,2026-09-02 09:42:14
apple_macbook_pro,divar,3350000,کارکرده,2026-09-02 09:42:14
amd_rx_6800,divar,75000000,در حد نو,2026-09-02 09:42:14
sony_ps5,divar,95000000,در حد نو,2026-09-02 09:42:14
sony_ps5,divar,20000,کارکرده,2026-09-02 09:42:14
amd_rx_6800,divar,75000000,در حد نو,2026-09-02 09:42:14
sony_ps5,divar,95000000,در حد نو,2026-09-02 09:42:14
apple_macbook_pro,divar,35000000,کارکرده,2026-09-02 09:42:14
sony_ps5,divar,500000,کارکرده,2026-09-02 09:42:14
sony_ps5,divar,10000,در حد نو,2026-09-02 09:42:14
other_mac_book_pro,divar,420000000,در حد نو,2026-09-02 09:42:14
amd_rx_5500xt,divar,85900000,در حد نو,2026-09-02 09:42:14
amd_rx_6800,divar,109000000,کارکرده,2026-09-02 09:42:14
sony_ps5,divar,50000,کارکرده,2026-09-02 09:42:14
apple_macbook_pro,divar,125000000,در حد نو,2026-09-02 09:42:14
amd_rx_470,divar,6200000,کارکرده,2026-09-02 09:42:14
amd_rx_580,divar,79000000,در حد نو,2026-09-02 09:42:14
sony_ps5,divar,15000000,کارکرده,2026-09-02 09:42:14
apple_macbook_pro_m1_pro,divar,135500000,در حد نو,2026-09-02 09:42:14
sony_ps5,divar,98000000,کارکرده,2026-09-02 09:42:14
sony_ps5,divar,98000000,کارکرده,2026-09-02 09:42:14
asus_tuf_gaming,divar,13800000,در حد نو,2026-09-02 09:42:14
amd_rx_5500xt,divar,85900000,در حد نو,2026-09-02 09:42:14
microsoft_xbox,divar,1000,کارکرده,2026-09-02 09:42:14
sony_ps5,divar,7000000,در حد نو,2026-09-02 09:42:14
amd_rx_470,divar,6200000,کارکرده,2026-09-02 09:42:14
sony_ps5,divar,100000000,کارکرده,2026-09-02 09:42:14
apple_macbook_pro_1tb,divar,390000000,در حد نو,2026-09-02 09:42:14
amd_rx_470,divar,6200000,کارکرده,2026-09-02 09:42:14
sony_ps5,divar,90000000,در حد نو,2026-09-02 09:42:14
sony_ps5,divar,300000,کارکرده,2026-09-02 09:42:14
apple_ipad4,divar,8000000,کارکرده,2026-09-02 09:42:14
apple_macbook_pro_2019,divar,140000000,کارکرده,2026-09-02 09:42:14
amd_rx_590,divar,17500000,در حد نو,2026-09-02 09:42:14
amd_rx_590,divar,17500000,در حد نو,2026-09-02 09:42:14
sony_ps4,divar,40000000,کارکرده,2026-09-02 09:42:14
apple_macbook_pro_2019,divar,1000,در حد نو,2026-09-02 09:42:14
amd_rx_5700xt,divar,35500000,در حد نو,2026-09-02 09:42:14
sony_ps4,divar,100000,کارکرده,2026-09-02 09:42:14
other_200,esam,20,دست دوم,2026-09-02 09:42:16
other_32gb_3230,esam,7900000,دست دوم,2026-09-02 09:42:16
other_11,esam,780000,دست دوم,2026-09-02 09:42:16
apple_macbook,esam,18000000,دست دوم,2026-09-02 09:42:16
other_46,esam,350000,دست دوم,2026-09-02 09:42:16
other_110,esam,1200000,دست دوم,2026-09-02 09:42:16
samsung_galaxy_a07,torob,760000,نو,2026-09-02 09:42:16
other_64gb_moto_e15_64,torob,39304000,نو,2026-09-02 09:42:16
asus_512gb_f1504va_16gb_ram,torob,107999000,نو,2026-09-02 09:42:16
nvidia_rtx_4050_24gb,torob,326000000,نو,2026-09-02 09:42:16
other_pro,digikala,11325000,نو,2026-09-02 09:52:50
other_45_pack_plus,digikala,2500000,نو,2026-09-02 09:52:50
other_025248,digikala,11880000,نو,2026-09-02 09:52:50
other_49_vertical_titanium,digikala,162471000,نو,2026-09-02 09:52:50
other_18tb_my_book_desktop,digikala,142500000,نو,2026-09-02 09:52:50
other_tws,digikala,8600000,نو,2026-09-02 09:52:50
other_32gb_2024_235_32,digikala,2792000,نو,2026-09-02 09:52:50
lenovo_ideapad__custom_1tb,digikala,167000000,نو,2026-09-02 09:52:50
asus_tuf_gaming_custom_ram32gb_32gb,digikala,400000000,نو,2026-09-02 09:52:50
asus_vivobook_14_custom_ram40gb_32gb,digikala,165000000,نو,2026-09-02 09:52:50
asus_tuf_gaming_512gb,digikala,204000000,نو,2026-09-02 09:52:50
lenovo_32gb_v15_g4_iru,digikala,135999000,نو,2026-09-02 09:52:50
hp_2tb_15_fd0154wm_15,digikala,201990000,نو,2026-09-02 09:52:50
intel_core_ultra_265kf,digikala,60000000,نو,2026-09-02 09:52:50
other_et_sw14,digikala,4700000,نو,2026-09-02 09:52:50
nvidia_rtx_5050_32gb,digikala,326990000,نو,2026-09-02 09:52:50
asus_vivobook_15_custom_1tb,digikala,167000000,نو,2026-09-02 09:52:50
other_sd600q_480,digikala,15290000,نو,2026-09-02 09:52:50
asus_512gb_nuc15crhu7_core_ultra,digikala,225500000,نو,2026-09-02 09:52:50
asus_vivobook_15_512gb,digikala,140000000,نو,2026-09-02 09:52:50
asus_tuf_gaming_custom_512gb,digikala,407000000,نو,2026-09-02 09:52:50
xiaomi_poco_x8_pro_256gb,digikala,225000000,نو,2026-09-02 09:52:50
other_49_timora_pws20,digikala,4700000,نو,2026-09-02 09:52:50
other_boreas_m2_51d,digikala,7600000,نو,2026-09-02 09:52:50
samsung_galaxy,digikala,4070000,نو,2026-09-02 09:52:50
microsoft_256gb_13_surface_pro,digikala,421190000,نو,2026-09-02 09:52:50
other_canvio_gaming_usb,digikala,22900000,نو,2026-09-02 09:52:50
other_4tb_extreme_e81_usb,digikala,229000000,نو,2026-09-02 09:52:50
other_47_s370i,digikala,14545270,نو,2026-09-02 09:52:50
other_ne40,digikala,11000000,نو,2026-09-02 09:52:50
asus_512gb,digikala,103000000,نو,2026-09-02 09:52:50
asus_1tb_15_expertbook_b1,digikala,272000000,نو,2026-09-02 09:52:50
asus_rog,digikala,1680000,نو,2026-09-02 09:52:50
asus_tuf_gaming_custom_1tb,digikala,353000000,نو,2026-09-02 09:52:50
lenovo_ideapad__256gb,digikala,83000000,نو,2026-09-02 09:52:50
asus_tuf_gaming_custom_ram48gb_512gb,digikala,318000000,نو,2026-09-02 09:52:50
asus_rx_9060xt,digikala,190000000,نو,2026-09-02 09:52:50
xiaomi_xiaomi,digikala,4550000,نو,2026-09-02 09:52:50
other_mos_feature_a885,digikala,6998000,نو,2026-09-02 09:52:50
other_plus_akb_running,digikala,9989000,نو,2026-09-02 09:52:50
lenovo_rtx_2050_12gb,digikala,154900000,نو,2026-09-02 09:52:50
other_paradise,digikala,7980000,نو,2026-09-02 09:52:50
samsung_galaxy,digikala,3800000,نو,2026-09-02 09:52:50
other_128gb_ddr3_sk_hynix,digikala,1690000,نو,2026-09-02 09:52:50
other_49_watch_pro,digikala,7200000,نو,2026-09-02 09:52:50
other_moj_sport_a7,digikala,7856000,نو,2026-09-02 09:52:50
other_blizzard_t20_lga1700,digikala,2750000,نو,2026-09-02 09:52:50
other_hd650_usb_type,digikala,28900000,نو,2026-09-02 09:52:50
other_ddr5_5600_cl46,digikala,23290000,نو,2026-09-02 09:52:51
other_pegasus_50,digikala,7900000,نو,2026-09-02 09:52:51
other_nit_h81_i5,digikala,27000000,نو,2026-09-02 09:52:51
intel_pentium_g2030_tray,digikala,600000,نو,2026-09-02 09:52:51
asus_512gb_15_expertbook_b1503cva,digikala,190000000,نو,2026-09-02 09:52:51
hp_2tb_2tb_sas_12g,digikala,11000000,نو,2026-09-02 09:52:51
other_22tb_my_book_desktop,digikala,199000000,نو,2026-09-02 09:52:51
other_hl_technology_fit,digikala,5280000,نو,2026-09-02 09:52:51
other_42_cr017,digikala,8940000,نو,2026-09-02 09:52:51
other_mah_compatibl_a997,digikala,6832000,نو,2026-09-02 09:52:51
other_stodio_max_24563,digikala,9300000,نو,2026-09-02 09:52:51
other_64gb_jumpdrive_m22_64,digikala,6500000,نو,2026-09-02 09:52:51
other_ws520_music_player,digikala,2600000,نو,2026-09-02 09:52:51
other_rf_deliver_e18,digikala,6574000,نو,2026-09-02 09:52:51
samsung_galaxy,digikala,3300000,نو,2026-09-02 09:52:51
samsung_galaxy_a11_32gb,divar,16000000,کارکرده,2026-09-02 09:52:54
samsung_galaxy_a32,divar,15000000,کارکرده,2026-09-02 09:52:54
amd_rx_580,divar,49000000,در حد نو,2026-09-02 09:52:54
other_anker_r50i_qcy,divar,1850000,کارکرده,2026-09-02 09:52:54
apple_iphone_14,divar,265000000,در حد نو,2026-09-02 09:52:54
apple_ultra_wisme_ws85,divar,1980000,کارکرده,2026-09-02 09:52:54
apple_iphone,divar,26000000,در حد نو,2026-09-02 09:52:54
sony_ps5,divar,48500000,کارکرده,2026-09-02 09:52:54
other_core_i7_16,divar,55900000,در حد نو,2026-09-02 09:52:54
samsung_galaxy_a06,divar,50000000,کارکرده,2026-09-02 09:52:54
apple_iphone_xsmax,divar,59000000,در حد نو,2026-09-02 09:52:54
samsung_galaxy_s22_ultra,divar,96500000,در حد نو,2026-09-02 09:52:54
samsung_galaxy_a53_256gb,divar,24000000,کارکرده,2026-09-02 09:52:54
apple_macbook_air_m1,divar,104000000,در حد نو,2026-09-02 09:52:54
xiaomi_xiaomi_128gb,divar,42300000,کارکرده,2026-09-02 09:52:54
nvidia_rtx_6700xt,divar,72000000,در حد نو,2026-09-02 09:52:54
apple_iphone_15_pro_256gb,divar,165000000,در حد نو,2026-09-02 09:52:54
other_a17,divar,40000000,در حد نو,2026-09-02 09:52:54
apple_iphone,divar,20000000,کارکرده,2026-09-02 09:52:54
sony_ps4,divar,30000000,کارکرده,2026-09-02 09:52:54
samsung_galaxy_a12,divar,1000,در حد نو,2026-09-02 09:52:54
other_a51,divar,12000000,نو (پلمپ/آکبند),2026-09-02 09:52:54
other_a53_5g,divar,28000000,کارکرده,2026-09-02 09:52:54
amd_rx_6800,divar,198000000,در حد نو,2026-09-02 09:52:54
sony_ps5_pro,divar,49000000,در حد نو,2026-09-02 09:52:54
apple_macbook_pro_2021,divar,210000000,در حد نو,2026-09-02 09:52:54
amd_rx_580,divar,10500000,در حد نو,2026-09-02 09:52:54
sony_ps5,divar,80000000,کارکرده,2026-09-02 09:52:54
apple_macbook_air_m3,divar,190000000,کارکرده,2026-09-02 09:52:54
amd_rx_6900xt,divar,101000000,در حد نو,2026-09-02 09:52:54
amd_rx_7900xt,divar,165000000,در حد نو,2026-09-02 09:52:54
sony_ps5,divar,999000000,کارکرده,2026-09-02 09:52:54
other_item_3ddb3713,divar,9800000,کارکرده,2026-09-02 09:52:54
amd_rx_580,divar,10500000,در حد نو,2026-09-02 09:52:54
sony_ps5,divar,7000000,در حد نو,2026-09-02 09:52:54
apple_macbook_pro_2022,divar,159000000,در حد نو,2026-09-02 09:52:54
apple_macbook_air_m1,divar,99000000,در حد نو,2026-09-02 09:52:54
sony_ps5,divar,100000000,کارکرده,2026-09-02 09:52:54
amd_rx_470,divar,6200000,کارکرده,2026-09-02 09:52:54
sony_ps5_slim,divar,10000,کارکرده,2026-09-02 09:52:54
sony_ps5,divar,1000,کارکرده,2026-09-02 09:52:54
amd_rx_6900xt_16gb,divar,97000000,در حد نو,2026-09-02 09:52:54
sony_ps5,divar,400000,کارکرده,2026-09-02 09:52:54
amd_rx_580,divar,10000000,در حد نو,2026-09-02 09:52:54
sony_ps5,divar,1000,کارکرده,2026-09-02 09:52:54
amd_rx_580,divar,10000000,در حد نو,2026-09-02 09:52:54
sony_ps5,divar,132000000,نو (پلمپ/آکبند),2026-09-02 09:52:54
apple_macbook,divar,99000000,در حد نو,2026-09-02 09:52:54
amd_rx_6700xt,divar,57000000,در حد نو,2026-09-02 09:52:54
amd_rx_580,divar,15000000,کارکرده,2026-09-02 09:52:54
sony_ps5,divar,100000,کارکرده,2026-09-02 09:52:54
amd_rx_5700xt,divar,33500000,کارکرده,2026-09-02 09:52:54
sony_ps4,divar,68000000,در حد نو,2026-09-02 09:52:54
sony_ps5,divar,98000000,در حد نو,2026-09-02 09:52:54
apple_macbook_air_m4,divar,195000000,در حد نو,2026-09-02 09:52:54
amd_rx_580,divar,11700000,در حد نو,2026-09-02 09:52:54
sony_ps4,divar,40000000,کارکرده,2026-09-02 09:52:54
sony_ps5,divar,10000,کارکرده,2026-09-02 09:52:54
amd_rx_580,divar,8000000,کارکرده,2026-09-02 09:52:54
sony_ps5,divar,1000,کارکرده,2026-09-02 09:52:54
microsoft_xbox,divar,1000,کارکرده,2026-09-02 09:52:54
sony_ps5,divar,100000,کارکرده,2026-09-02 09:52:54
apple_macbook_pro_m3_pro_14inch_512gb,divar,325000000,کارکرده,2026-09-02 09:52:54
apple_macbook_air,divar,49000000,در حد نو,2026-09-02 09:52:54
amd_rx_580,divar,12000000,در حد نو,2026-09-02 09:52:54
apple_macbook_air_2013,divar,10000000,کارکرده,2026-09-02 09:52:54
apple_macbook_pro_m1_pro_14inch,divar,158000000,در حد نو,2026-09-02 09:52:54
amd_rx_590,divar,16500000,در حد نو,2026-09-02 09:52:54
sony_ps5,divar,100000,کارکرده,2026-09-02 09:52:54
sony_ps5,divar,100000,کارکرده,2026-09-02 09:52:54
apple_macbook_air_m4,divar,3900000,کارکرده,2026-09-02 09:52:54
amd_rx_6700xt,divar,61000000,در حد نو,2026-09-02 09:52:54
sony_ps5,divar,100000,کارکرده,2026-09-02 09:52:54
sony_ps5,divar,10000,کارکرده,2026-09-02 09:52:54
apple_macbook_pro,divar,26000000,در حد نو,2026-09-02 09:52:54
amd_rx_580,divar,12000000,کارکرده,2026-09-02 09:52:54
amd_rx_580,divar,11500000,در حد نو,2026-09-02 09:52:54
sony_ps5,divar,150000,کارکرده,2026-09-02 09:52:54
apple_macbook_pro,divar,17900000,کارکرده,2026-09-02 09:52:54
apple_macbook,divar,30000000,در حد نو,2026-09-02 09:52:54
amd_rx_580,divar,12000000,کارکرده,2026-09-02 09:52:54
sony_ps5,divar,98000000,در حد نو,2026-09-02 09:52:54
apple_macbook_air_2018,divar,57000000,در حد نو,2026-09-02 09:52:54
apple_macbook_air_m4,divar,3900000,کارکرده,2026-09-02 09:52:54
amd_rx_580,divar,12000000,در حد نو,2026-09-02 09:52:54
sony_ps5,divar,98000000,کارکرده,2026-09-02 09:52:54
sony_ps5,divar,750000,کارکرده,2026-09-02 09:52:54
sony_ps5,divar,100000,کارکرده,2026-09-02 09:52:54
apple_macbook_pro_m1,divar,100000000,در حد نو,2026-09-02 09:52:54
amd_rx_5700xt,divar,33500000,کارکرده,2026-09-02 09:52:54
sony_ps5,divar,50000000,کارکرده,2026-09-02 09:52:54
apple_macbook,divar,450000000,در حد نو,2026-09-02 09:52:54
sony_ps5,divar,39900000,کارکرده,2026-09-02 09:52:54
sony_ps5,divar,1800000,کارکرده,2026-09-02 09:52:54
sony_ps5,divar,100000000,کارکرده,2026-09-02 09:52:54
apple_macbook,divar,450000000,در حد نو,2026-09-02 09:52:54
amd_rx_5500xt,divar,85900000,در حد نو,2026-09-02 09:52:54
sony_ps5,divar,1500000,کارکرده,2026-09-02 09:52:54
apple_macbook_pro_m3_512gb,divar,330000000,کارکرده,2026-09-02 09:52:54
sony_ps5,divar,2000000,کارکرده,2026-09-02 09:52:54
apple_macbook_air,divar,12600000,کارکرده,2026-09-02 09:52:54
apple_iphone,divar,14000000,کارکرده,2026-09-02 09:52:54
amd_rx_6800,divar,75000000,در حد نو,2026-09-02 09:52:54
sony_ps5,divar,98000000,کارکرده,2026-09-02 09:52:54
apple_macbook_pro_intel_2019_256gb,divar,86500000,در حد نو,2026-09-02 09:52:54
sony_ps5,divar,1000000,کارکرده,2026-09-02 09:52:54
sony_ps5,divar,300000,کارکرده,2026-09-02 09:52:54
apple_macbook_air_2017,divar,38000000,در حد نو,2026-09-02 09:52:54
amd_rx_5500xt,divar,85900000,در حد نو,2026-09-02 09:52:54
sony_ps5,divar,1500000,کارکرده,2026-09-02 09:52:54
sony_ps5,divar,1500000,کارکرده,2026-09-02 09:52:54
apple_macbook_pro,divar,125000000,در حد نو,2026-09-02 09:52:54
amd_rx_6800,divar,110000000,کارکرده,2026-09-02 09:52:54
sony_ps5,divar,150000,کارکرده,2026-09-02 09:52:54
amd_rx_580,divar,10000000,کارکرده,2026-09-02 09:52:54
sony_ps5_slim,divar,10000,کارکرده,2026-09-02 09:52:54
microsoft_xbox_one_s,divar,1000,کارکرده,2026-09-02 09:52:54
apple_macbook_pro_m4_pro,divar,380000000,کارکرده,2026-09-02 09:52:54
sony_ps5,divar,100000,کارکرده,2026-09-02 09:52:54
sony_ps5,divar,100000,کارکرده,2026-09-02 09:52:54
other_12,divar,109700000,کارکرده,2026-09-02 09:52:54
sony_ps4,divar,68000000,در حد نو,2026-09-02 09:52:54
other_12,divar,109700000,کارکرده,2026-09-02 09:52:54
dell_7275_dell_latitude,esam,20000000,دست دوم,2026-09-02 09:52:56
other_11,esam,780000,دست دوم,2026-09-02 09:52:56
other_128gb_128,esam,200000,دست دوم,2026-09-02 09:52:56
glx_glx_c58,esam,2200000,دست دوم,2026-09-02 09:52:56
other_11,esam,780000,دست دوم,2026-09-02 09:52:56
other_10,esam,2500000,دست دوم,2026-09-02 09:52:56
other_10,esam,450000,دست دوم,2026-09-02 09:52:56
apple_iphone_15_pro_max_256gb,torob,245734020,نو,2026-09-02 09:52:56
xiaomi_poco_x8_pro_512gb,torob,151800000,نو,2026-09-02 09:52:56
lenovo_rtx_4050_16gb,torob,152400000,نو,2026-09-02 09:52:56
xiaomi_xiaomi,digikala,3888600,نو,2026-09-02 10:27:52
other_ss050416000,digikala,48400000,نو,2026-09-02 10:27:52
other_new_arrival_business,digikala,15950000,نو,2026-09-02 10:27:52
other_bs_headset_dynamic,digikala,14309750,نو,2026-09-02 10:27:52
other_duet_type_version,digikala,7125000,نو,2026-09-02 10:27:52
lenovo_32gb_14_v14_g4,digikala,123990000,نو,2026-09-02 10:27:52
other_256gb_ns100_256,digikala,11500000,نو,2026-09-02 10:27:52
samsung_galaxy,digikala,7700000,نو,2026-09-02 10:27:52
samsung_galaxy,digikala,26060000,نو,2026-09-02 10:27:52
xiaomi_redmi_note_13_pro_512gb,digikala,99900000,نو,2026-09-02 10:27:52
lenovo_legion_5_custom_ram44gb_2tb,digikala,447000000,نو,2026-09-02 10:27:52
asus_vivobook_15_32gb,digikala,110200000,نو,2026-09-02 10:27:52
asus_1tb_15_expertbook_b1,digikala,290700000,نو,2026-09-02 10:27:52
microsoft_xbox_series_x,digikala,199000000,نو,2026-09-02 10:27:52
samsung_1tb_t9_usb_gen2,digikala,47000000,نو,2026-09-02 10:27:52
apple_macbook_air_2026_512gb,digikala,323895630,نو,2026-09-02 10:27:52
other_128gb_ddr3_1600_cl11,digikala,2100000,نو,2026-09-02 10:27:52
samsung_128gb_ddr3_1600_cl11,digikala,1700000,نو,2026-09-02 10:27:52
lenovo_legion_5_custom_ram64gb_1tb,digikala,551000000,نو,2026-09-02 10:27:52
lenovo_rtx_4050_16gb,digikala,237000000,نو,2026-09-02 10:27:52
lenovo_legion_5_custom_ram32gb_2tb,digikala,451000000,نو,2026-09-02 10:27:52
sony_ps5_slim,digikala,190000000,نو,2026-09-02 10:27:52
lenovo_512gb_15_v15_g5,digikala,129200000,نو,2026-09-02 10:27:52
other_1tb_elite_usb_gen2,digikala,25000000,نو,2026-09-02 10:27:52
other_2tb_pcle_gen4_nv3,digikala,58900000,نو,2026-09-02 10:27:52
samsung_galaxy,digikala,3655000,نو,2026-09-02 10:27:52
other_2tb_s20_2t_usb,digikala,82000000,نو,2026-09-02 10:27:52
other_45_sam_ultra7,digikala,11000000,نو,2026-09-02 10:27:52
other_ws17,digikala,9150000,نو,2026-09-02 10:27:52
other_ice_edge_mini,digikala,2390000,نو,2026-09-02 10:27:52
lenovo_rtx_5050_44gb,digikala,341000000,نو,2026-09-02 10:27:52
hp_2tb_15_fd1310tu_15,digikala,198990000,نو,2026-09-02 10:27:52
asus_tuf_gaming_custom_1tb,digikala,262000000,نو,2026-09-02 10:27:52
intel_xeon_2620v3,digikala,1360000,نو,2026-09-02 10:27:52
asus_tuf_gaming_custom_512gb,digikala,256000000,نو,2026-09-02 10:27:52
other_eco_h81_core,digikala,23300000,نو,2026-09-02 10:27:52
lenovo_rtx_4050_24gb,digikala,209900000,نو,2026-09-02 10:27:52
other_600mah,digikala,33850000,نو,2026-09-02 10:27:52
other_plus_rse_z2,digikala,9956000,نو,2026-09-02 10:27:52
other_512gb_16_aspire_lite,digikala,99900000,نو,2026-09-02 10:27:52
other_doc_external_shark,digikala,7852000,نو,2026-09-02 10:27:52
xiaomi_redmi_15_256gb,digikala,65000000,نو,2026-09-02 10:27:52
other_ht10_ailybuds_pro,digikala,7600000,نو,2026-09-02 10:27:52
hp_ahm_hp3300_intuitive,digikala,7856000,نو,2026-09-02 10:27:52
other_b760m_ds3h_ddr4,digikala,39900000,نو,2026-09-02 10:27:52
other_future_lite,digikala,94999000,نو,2026-09-02 10:27:52
other_256gb_ultra_dual_drive,digikala,7770000,نو,2026-09-02 10:27:52
other_rs_760_8gb,digikala,33500000,نو,2026-09-02 10:27:52
intel_2690v3_2690_v3,digikala,4000000,نو,2026-09-02 10:27:52
asus_tuf_gaming_custom_1tb,digikala,245000000,نو,2026-09-02 10:27:52
samsung_galaxy,digikala,4700000,نو,2026-09-02 10:27:52
other_42_d90,digikala,3390000,نو,2026-09-02 10:27:52
other_tk19_ultra_max,digikala,5630000,نو,2026-09-02 10:27:52
other_active_watch,digikala,9800000,نو,2026-09-02 10:27:52
other_moripods_anc,digikala,6890000,نو,2026-09-02 10:27:52
other_plus_afs_breathable,digikala,9985000,نو,2026-09-02 10:27:52
other_128gb_sata_iii_ns100,digikala,6920000,نو,2026-09-02 10:27:52
other_h16,digikala,2900000,نو,2026-09-02 10:27:52
other_mah_carring_sevilla,digikala,6687000,نو,2026-09-02 10:27:52
xiaomi_xiaomi,digikala,3347000,نو,2026-09-02 10:27:52
apple_iphone_13,divar,115000000,کارکرده,2026-09-02 10:27:56
samsung_s21fe,divar,40000000,نو (پلمپ/آکبند),2026-09-02 10:27:56
amd_rx_6800xt,divar,109000000,در حد نو,2026-09-02 10:27:56
sony_ps5,divar,1000,کارکرده,2026-09-02 10:27:56
apple_iphone_13,divar,120000000,در حد نو,2026-09-02 10:27:56
apple_macbook_pro,divar,795000000,کارکرده,2026-09-02 10:27:56
other_256gb_36_5g_256,divar,94000000,نو (پلمپ/آکبند),2026-09-02 10:27:56
apple_iphone_11,divar,57900000,در حد نو,2026-09-02 10:27:56
other_s26,divar,82000000,در حد نو,2026-09-02 10:27:56
sony_ps4,divar,40000000,کارکرده,2026-09-02 10:27:56
apple_macbook_pro,divar,42000000,در حد نو,2026-09-02 10:27:56
apple_macbook_air_m2_15inch,divar,145000000,کارکرده,2026-09-02 10:27:56
apple_iphone_13_pro_max_256gb,divar,136500000,کارکرده,2026-09-02 10:27:56
sony_ps5,divar,100000,کارکرده,2026-09-02 10:27:56
sony_ps5,divar,300000,کارکرده,2026-09-02 10:27:56
apple_iphone_17,divar,210000000,در حد نو,2026-09-02 10:27:56
apple_iphone_17,divar,140000000,در حد نو,2026-09-02 10:27:56
other_i3_12100f,divar,118700000,در حد نو,2026-09-02 10:27:56
apple_iphone,divar,14000000,کارکرده,2026-09-02 10:27:56
apple_iphone_12pro,divar,74000000,در حد نو,2026-09-02 10:27:56
amd_rx_7900xt,divar,165000000,در حد نو,2026-09-02 10:27:56
sony_ps5,divar,500000,کارکرده,2026-09-02 10:27:56
apple_macbook_pro_m4_pro,divar,430000000,کارکرده,2026-09-02 10:27:56
amd_rx_6700xt,divar,59000000,در حد نو,2026-09-02 10:27:56
sony_ps5,divar,150000,کارکرده,2026-09-02 10:27:56
apple_macbook_air_m3,divar,190000000,کارکرده,2026-09-02 10:27:56
amd_rx_580,divar,10500000,در حد نو,2026-09-02 10:27:56
sony_ps5,divar,1200000,کارکرده,2026-09-02 10:27:56
sony_ps5,divar,999000000,کارکرده,2026-09-02 10:27:56
apple_macbook_pro,divar,68800000,در حد نو,2026-09-02 10:27:56
amd_rx_6700xt,divar,59000000,در حد نو,2026-09-02 10:27:56
amd_rx_5700xt,divar,128000000,در حد نو,2026-09-02 10:27:56
sony_ps5,divar,90000000,کارکرده,2026-09-02 10:27:56
apple_macbook_pro_intel,divar,25000000,کارکرده,2026-09-02 10:27:56
amd_rx_5700xt,divar,41000000,کارکرده,2026-09-02 10:27:56
sony_ps5,divar,100000000,کارکرده,2026-09-02 10:27:56
amd_rx_580,divar,7000000,نو (پلمپ/آکبند),2026-09-02 10:27:56
sony_ps5,divar,500000,کارکرده,2026-09-02 10:27:56
apple_macbook_pro_2021,divar,210000000,در حد نو,2026-09-02 10:27:56
amd_rx_6700xt,divar,59000000,در حد نو,2026-09-02 10:27:56
amd_rx_470,divar,6200000,کارکرده,2026-09-02 10:27:56
sony_ps5,divar,100000,کارکرده,2026-09-02 10:27:56
amd_rx_470,divar,6200000,کارکرده,2026-09-02 10:27:56
sony_ps5,divar,1200000,کارکرده,2026-09-02 10:27:56
amd_rx_580,divar,12000000,در حد نو,2026-09-02 10:27:56
sony_ps5,divar,999000000,کارکرده,2026-09-02 10:27:56
apple_macbook_pro,divar,26000000,در حد نو,2026-09-02 10:27:56
amd_rx_590,divar,16500000,در حد نو,2026-09-02 10:27:56
amd_rx_5700xt,divar,165000000,در حد نو,2026-09-02 10:27:56
sony_ps5,divar,1000,کارکرده,2026-09-02 10:27:56
apple_macbook_pro,divar,220000000,کارکرده,2026-09-02 10:27:56
amd_rx_6700xt,divar,59000000,در حد نو,2026-09-02 10:27:56
sony_ps5,divar,2500000,کارکرده,2026-09-02 10:27:56
sony_ps5,divar,100000,کارکرده,2026-09-02 10:27:56
apple_macbook,divar,1000000000,توافقی,2026-09-02 10:27:56
apple_macbook_pro,divar,44800000,در حد نو,2026-09-02 10:27:56
amd_rx_6800,divar,75000000,در حد نو,2026-09-02 10:27:56
sony_ps5,divar,150000,کارکرده,2026-09-02 10:27:56
apple_macbook,divar,30000000,در حد نو,2026-09-02 10:27:56
apple_macbook,divar,1000000000,توافقی,2026-09-02 10:27:56
microsoft_xbox,divar,20000000,کارکرده,2026-09-02 10:27:56
amd_rx_580,divar,11700000,در حد نو,2026-09-02 10:27:56
sony_ps5,divar,10000,کارکرده,2026-09-02 10:27:56
apple_macbook_air_m4,divar,195000000,در حد نو,2026-09-02 10:27:56
other_pro2,divar,600000,کارکرده,2026-09-02 10:27:56
amd_rx_7900xt,divar,160000000,در حد نو,2026-09-02 10:27:56
sony_ps4,divar,68000000,در حد نو,2026-09-02 10:27:56
apple_macbook_pro_m2,divar,165000000,در حد نو,2026-09-02 10:27:56
apple_macbook_air_2019,divar,65000000,در حد نو,2026-09-02 10:27:56
amd_rx_580,divar,10500000,در حد نو,2026-09-02 10:27:56
sony_ps5,divar,888888888,کارکرده,2026-09-02 10:27:56
apple_macbook_air_m4,divar,195000000,در حد نو,2026-09-02 10:27:56
amd_rx_6800xt,divar,75500000,کارکرده,2026-09-02 10:27:56
sony_ps5,divar,1000,کارکرده,2026-09-02 10:27:56
apple_macbook,divar,5000000,کارکرده,2026-09-02 10:27:56
apple_macbook_pro_m1,divar,100000000,در حد نو,2026-09-02 10:27:56
amd_rx_6900xt,divar,86500000,در حد نو,2026-09-02 10:27:56
amd_rx_6700xt,divar,57000000,در حد نو,2026-09-02 10:27:56
sony_ps5,divar,50000,کارکرده,2026-09-02 10:27:56
amd_rx_6700xt,divar,57000000,در حد نو,2026-09-02 10:27:56
microsoft_xbox,divar,20000000,کارکرده,2026-09-02 10:27:56
apple_macbook_pro_m3_pro_14inch_512gb,divar,325000000,کارکرده,2026-09-02 10:27:56
apple_macbook,divar,5000000,کارکرده,2026-09-02 10:27:56
amd_rx_580,divar,8000000,کارکرده,2026-09-02 10:27:56
sony_ps5,divar,1500000,کارکرده,2026-09-02 10:27:56
amd_rx_590,divar,16500000,در حد نو,2026-09-02 10:27:56
sony_ps5,divar,20000,کارکرده,2026-09-02 10:27:56
apple_macbook,divar,1000000000,توافقی,2026-09-02 10:27:56
apple_macbook,divar,1000000000,توافقی,2026-09-02 10:27:56
amd_rx_580,divar,11700000,در حد نو,2026-09-02 10:27:56
sony_ps5,divar,750000,کارکرده,2026-09-02 10:27:56
apple_macbook_2019,divar,75000000,در حد نو,2026-09-02 10:27:56
apple_macbook_air_2018,divar,57000000,در حد نو,2026-09-02 10:27:56
amd_rx_6900xt,divar,86500000,در حد نو,2026-09-02 10:27:56
sony_ps5,divar,98000000,در حد نو,2026-09-02 10:27:56
amd_rx_580,divar,10500000,در حد نو,2026-09-02 10:27:56
sony_ps5_slim,divar,10000,کارکرده,2026-09-02 10:27:56
sony_ps5,divar,90000000,کارکرده,2026-09-02 10:27:56
apple_macbook_pro_m1_pro,divar,135500000,در حد نو,2026-09-02 10:27:56
sony_ps5,divar,49000000,در حد نو,2026-09-02 10:27:56
sony_ps5,divar,40000000,کارکرده,2026-09-02 10:27:56
apple_macbook,divar,58000000,کارکرده,2026-09-02 10:27:56
amd_rx_580,divar,11700000,در حد نو,2026-09-02 10:27:56
sony_ps5,divar,10000,در حد نو,2026-09-02 10:27:56
sony_ps5,divar,15000000,کارکرده,2026-09-02 10:27:56
amd_rx_6800,divar,109000000,کارکرده,2026-09-02 10:27:56
sony_ps5,divar,10000,در حد نو,2026-09-02 10:27:56
other_mac_book_pro,divar,420000000,در حد نو,2026-09-02 10:27:56
amd_rx_470,divar,6200000,کارکرده,2026-09-02 10:27:56
amd_rx_580,divar,79000000,در حد نو,2026-09-02 10:27:56
sony_ps5,divar,2000000,کارکرده,2026-09-02 10:27:56
sony_ps5,divar,300000,کارکرده,2026-09-02 10:27:56
apple_macbook_pro_m4_pro,divar,374000000,کارکرده,2026-09-02 10:27:56
sony_ps5,divar,10000,در حد نو,2026-09-02 10:27:56
sony_ps5,divar,98000000,کارکرده,2026-09-02 10:27:56
apple_macbook_air_m4,divar,195000000,در حد نو,2026-09-02 10:27:56
amd_rx_5700xt,divar,165000000,در حد نو,2026-09-02 10:27:56
sony_ps5,divar,1500000,کارکرده,2026-09-02 10:27:56
apple_macbook_pro_2019,divar,140000000,کارکرده,2026-09-02 10:27:56
amd_rx_570,divar,8500000,در حد نو,2026-09-02 10:27:56
amd_rx_570,divar,8500000,در حد نو,2026-09-02 10:27:56
sony_ps5,divar,80000000,کارکرده,2026-09-02 10:27:56
apple_apple_ipad_3rd,divar,32000000,کارکرده,2026-09-02 10:27:56
apple_macbook,divar,38000000,در حد نو,2026-09-02 10:27:56
asus_rog_strix,divar,41500000,در حد نو,2026-09-02 10:27:56
amd_rx_580,divar,1000,در حد نو,2026-09-02 10:27:56
sony_ps4,divar,40000000,کارکرده,2026-09-02 10:27:56
apple_macbook_pro_2019,divar,140000000,کارکرده,2026-09-02 10:27:56
amd_rx_6900xt_16gb,divar,88500000,در حد نو,2026-09-02 10:27:56
other_11,esam,780000,دست دوم,2026-09-02 10:27:57
other_12,esam,490000,دست دوم,2026-09-02 10:27:57
apple_iphone,esam,40000,دست دوم,2026-09-02 10:27:57
other_11,esam,780000,دست دوم,2026-09-02 10:27:57
other_11,esam,1990000,دست دوم,2026-09-02 10:27:57
samsung_galaxy_z_fold8_512gb,torob,390000000,نو,2026-09-02 10:27:57
apple_macbook_pro_2023_16inch_512gb,torob,446000000,نو,2026-09-02 10:27:57
lenovo_legion_7_3tb,torob,892440000,نو,2026-09-02 10:27:57
other_x1,digikala,8500000,نو,2026-09-02 10:34:43
samsung_galaxy,digikala,16575000,نو,2026-09-02 10:34:43
other_zhr_primo_frame,digikala,7242690,نو,2026-09-02 10:34:43
other_fg_730,digikala,8648000,نو,2026-09-02 10:34:43
other_soundcore_life_q20,digikala,9594200,نو,2026-09-02 10:34:43
lenovo_rtx_3050_16gb,digikala,227000000,نو,2026-09-02 10:34:43
other_kindle_11th_gen,digikala,35000000,نو,2026-09-02 10:34:43
samsung_256gb_pm9b1_256,digikala,14800000,نو,2026-09-02 10:34:43
xiaomi_xiaomi,digikala,9120000,نو,2026-09-02 10:34:43
razer_kraken_kitty_v2,digikala,38600000,نو,2026-09-02 10:34:43
samsung_galaxy_a27_128gb,digikala,86999000,نو,2026-09-02 10:34:43
asus_tuf_gaming_custom_1tb,digikala,341000000,نو,2026-09-02 10:34:43
asus_vivobook_15_custom_1tb,digikala,174600000,نو,2026-09-02 10:34:43
other_512gb_msa1_512,digikala,11100000,نو,2026-09-02 10:34:43
lenovo_16_thinkbook_16,digikala,320000000,نو,2026-09-02 10:34:43
asus_vivobook_14_custom_1tb,digikala,178000000,نو,2026-09-02 10:34:43
other_canvio_basics_usb,digikala,17000000,نو,2026-09-02 10:34:43
other_8tb_exos_st8000nm000a,digikala,74500000,نو,2026-09-02 10:34:43
nvidia_rtx_5050_16gb,digikala,292990000,نو,2026-09-02 10:34:43
other_256gb_sata_iii_as350x,digikala,9250000,نو,2026-09-02 10:34:43
other_armor_a80_usb,digikala,26900000,نو,2026-09-02 10:34:43
other_32gb_110_2023_32,digikala,2620000,نو,2026-09-02 10:34:43
intel_core_ultra_245k,digikala,40770000,نو,2026-09-02 10:34:43
asus_rog_strix_custom_ram48gb_2tb,digikala,644000000,نو,2026-09-02 10:34:43
hp_2tb_15_fc0025dx_15,digikala,159990000,نو,2026-09-02 10:34:43
other_4tb_sata_wd_4tb,digikala,54980000,نو,2026-09-02 10:34:43
other_48_c22ultra,digikala,7900000,نو,2026-09-02 10:34:43
other_ws206_35725_hitune,digikala,7690000,نو,2026-09-02 10:34:43
hp_256gb_hp_t630_quad,digikala,49192200,نو,2026-09-02 10:34:43
lenovo_256gb_15_v15_g5,digikala,112000000,نو,2026-09-02 10:34:43
hp_32gb_15_15_fd0154wm,digikala,129300000,نو,2026-09-02 10:34:43
other_128gb_ddr3_pc3l_12800s,digikala,3300000,نو,2026-09-02 10:34:43
asus_tuf_gaming_custom_512gb,digikala,203250000,نو,2026-09-02 10:34:43
other_hiwa_plus_h610m,digikala,84000000,نو,2026-09-02 10:34:43
asus_tuf_gaming_custom_1tb,digikala,229000000,نو,2026-09-02 10:34:43
asus_zenbook_14_custom_2tb,digikala,319000000,نو,2026-09-02 10:34:43
lenovo_rtx_5050_32gb,digikala,315900000,نو,2026-09-02 10:34:43
other_mon_custom_texture,digikala,9925000,نو,2026-09-02 10:34:43
other_plus_ng_platform,digikala,9321000,نو,2026-09-02 10:34:43
asus_vivobook_16_ram40gb_32gb,digikala,206990000,نو,2026-09-02 10:34:43
other_aho_solar_echo,digikala,7585000,نو,2026-09-02 10:34:43
asus_vivobook_15_custom_1tb,digikala,150000000,نو,2026-09-02 10:34:43
nvidia_rtx_4050_16gb,digikala,255000000,نو,2026-09-02 10:34:43
microsoft_1tb_13_surface_pro,digikala,457000000,نو,2026-09-02 10:34:43
other_alb_free_lite,digikala,7260000,نو,2026-09-02 10:34:43
samsung_galaxy_s10,digikala,4600000,نو,2026-09-02 10:34:43
other_512gb_rs_1550_x99,digikala,58000000,نو,2026-09-02 10:34:43
sony_ps5_slim,digikala,111000000,نو,2026-09-02 10:34:43
hp_512gb_27_hp_aio,digikala,276800000,نو,2026-09-02 10:34:43
other_ice_vein_av,digikala,51000000,نو,2026-09-02 10:34:43
asus_512gb_15_expertbook_p1,digikala,152154000,نو,2026-09-02 10:34:43
xiaomi_xiaomi,digikala,3590000,نو,2026-09-02 10:34:43
xiaomi_xiaomi,digikala,4500000,نو,2026-09-02 10:34:43
xiaomi_xiaomi,digikala,9000000,نو,2026-09-02 10:34:43
other_256gb_p300_256,digikala,10600000,نو,2026-09-02 10:34:43
other_16tb_st16000nm000j_enterprise_16,digikala,204440000,نو,2026-09-02 10:34:43
other_mah_switching_track,digikala,5290000,نو,2026-09-02 10:34:43
other_oeh_adventure_watch,digikala,8950000,نو,2026-09-02 10:34:43
other_mah_profile_gm2,digikala,6832000,نو,2026-09-02 10:34:43
other_combined_gofree2_enhanced,digikala,9325000,نو,2026-09-02 10:34:43
other_256gb_msa1_256,digikala,6500000,نو,2026-09-02 10:34:43
other_d16_gs,digikala,2700000,نو,2026-09-02 10:34:43
other_h320,digikala,6600000,نو,2026-09-02 10:34:43
xiaomi_xiaomi,digikala,3300000,نو,2026-09-02 10:34:43
other_pro_2024,divar,220000000,در حد نو,2026-09-02 10:34:47
apple_iphone_12_pro,divar,80000000,در حد نو,2026-09-02 10:34:47
other_15_promax,divar,260000000,کارکرده,2026-09-02 10:34:47
other_item_e3f247fd,divar,7500000,کارکرده,2026-09-02 10:34:47
sony_ps5,divar,100000,کارکرده,2026-09-02 10:34:47
xiaomi_poco_f7,divar,115000000,در حد نو,2026-09-02 10:34:47
apple_apple_watch_series,divar,26000000,در حد نو,2026-09-02 10:34:47
apple_macbook_pro_2018,divar,95000000,در حد نو,2026-09-02 10:34:47
sony_ps5,divar,500000,کارکرده,2026-09-02 10:34:47
apple_iphone_17_pro_max,divar,250000000,کارکرده,2026-09-02 10:34:47
apple_macbook,divar,9000000,کارکرده,2026-09-02 10:34:47
samsung_galaxy_a17,divar,69000000,کارکرده,2026-09-02 10:34:47
samsung_galaxy_a07,divar,42000000,در حد نو,2026-09-02 10:34:47
apple_iphone_se,divar,499000000,کارکرده,2026-09-02 10:34:47
samsung_c8,divar,6000000,کارکرده,2026-09-02 10:34:47
samsung_galaxy_s21_ultra_256gb,divar,69000000,در حد نو,2026-09-02 10:34:47
apple_iphone_17,divar,150000000,کارکرده,2026-09-02 10:34:47
apple_macbook_pro_2019,divar,110000000,در حد نو,2026-09-02 10:34:47
samsung_galaxy,divar,1000,در حد نو,2026-09-02 10:34:47
samsung_galaxy_a56,divar,93000000,کارکرده,2026-09-02 10:34:47
samsung_galaxy_a54,divar,80000000,در حد نو,2026-09-02 10:34:47
amd_rx_6700xt,divar,59000000,در حد نو,2026-09-02 10:34:47
sony_ps5,divar,150000,کارکرده,2026-09-02 10:34:47
apple_macbook,divar,1000000000,توافقی,2026-09-02 10:34:47
amd_rx_5700xt,divar,165000000,در حد نو,2026-09-02 10:34:47
sony_ps5,divar,1300000,در حد نو,2026-09-02 10:34:47
sony_ps5,divar,2000000,کارکرده,2026-09-02 10:34:47
apple_macbook_pro,divar,35000000,در حد نو,2026-09-02 10:34:47
amd_rx_580,divar,7000000,نو (پلمپ/آکبند),2026-09-02 10:34:47
amd_rx_580,divar,10500000,در حد نو,2026-09-02 10:34:47
sony_ps5,divar,100000,کارکرده,2026-09-02 10:34:47
apple_macbook_air_m2,divar,165000000,در حد نو,2026-09-02 10:34:47
amd_rx_5700xt,divar,128000000,در حد نو,2026-09-02 10:34:47
amd_rx_580,divar,7000000,نو (پلمپ/آکبند),2026-09-02 10:34:47
sony_ps5,divar,1200000,کارکرده,2026-09-02 10:34:47
apple_macbook_pro_2015,divar,38000000,در حد نو,2026-09-02 10:34:47
amd_rx_580,divar,9950000,در حد نو,2026-09-02 10:34:47
sony_ps5,divar,1000,کارکرده,2026-09-02 10:34:47
amd_rx_580,divar,9950000,در حد نو,2026-09-02 10:34:47
sony_ps5,divar,1200000,کارکرده,2026-09-02 10:34:47
apple_macbook_pro_2015,divar,38000000,در حد نو,2026-09-02 10:34:47
asus_rog_strix,divar,42500000,در حد نو,2026-09-02 10:34:47
amd_rx_580,divar,10500000,در حد نو,2026-09-02 10:34:47
sony_ps5,divar,100000,کارکرده,2026-09-02 10:34:47
amd_rx_5700xt,divar,41000000,کارکرده,2026-09-02 10:34:47
sony_ps5,divar,1000,کارکرده,2026-09-02 10:34:47
amd_rx_580,divar,15000000,کارکرده,2026-09-02 10:34:47
sony_ps5,divar,999000000,کارکرده,2026-09-02 10:34:47
apple_macbook_pro,divar,177000000,در حد نو,2026-09-02 10:34:47
amd_rx_7900xt,divar,160000000,در حد نو,2026-09-02 10:34:47
sony_ps5,divar,150000,کارکرده,2026-09-02 10:34:47
apple_macbook_pro_16inch,divar,114900000,کارکرده,2026-09-02 10:34:47
amd_rx_6800,divar,75000000,در حد نو,2026-09-02 10:34:47
sony_ps5,divar,150000,کارکرده,2026-09-02 10:34:47
sony_ps5,divar,2500000,کارکرده,2026-09-02 10:34:47
sony_ps5,divar,1000,کارکرده,2026-09-02 10:34:47
apple_macbook_pro_m2,divar,180000000,در حد نو,2026-09-02 10:34:47
amd_rx_580,divar,12000000,در حد نو,2026-09-02 10:34:47
sony_ps5_slim,divar,10000,کارکرده,2026-09-02 10:34:47
sony_ps5,divar,1300000,کارکرده,2026-09-02 10:34:47
apple_macbook_pro,divar,177000000,در حد نو,2026-09-02 10:34:47
amd_rx_580,divar,11700000,در حد نو,2026-09-02 10:34:47
sony_ps5,divar,150000,کارکرده,2026-09-02 10:34:47
sony_ps5,divar,10000,کارکرده,2026-09-02 10:34:47
microsoft_xbox,divar,20000000,کارکرده,2026-09-02 10:34:47
apple_macbook_air,divar,49000000,در حد نو,2026-09-02 10:34:47
apple_macbook_pro,divar,26000000,در حد نو,2026-09-02 10:34:47
amd_rx_580,divar,15000000,کارکرده,2026-09-02 10:34:47
sony_ps5,divar,1000,کارکرده,2026-09-02 10:34:47
apple_macbook_pro_m1_pro,divar,216000000,در حد نو,2026-09-02 10:34:47
apple_macbook_pro,divar,17900000,کارکرده,2026-09-02 10:34:47
sony_ps5,divar,99000000,کارکرده,2026-09-02 10:34:47
apple_macbook_air_2019,divar,65000000,در حد نو,2026-09-02 10:34:47
apple_macbook_air_2013,divar,10000000,کارکرده,2026-09-02 10:34:47
amd_rx_580,divar,15000000,کارکرده,2026-09-02 10:34:47
microsoft_xbox,divar,20000000,کارکرده,2026-09-02 10:34:47
sony_ps4,divar,68000000,در حد نو,2026-09-02 10:34:47
apple_macbook,divar,5000000,کارکرده,2026-09-02 10:34:47
amd_rx_6700xt,divar,57000000,در حد نو,2026-09-02 10:34:47
amd_rx_5700xt,divar,165000000,در حد نو,2026-09-02 10:34:47
sony_ps5,divar,100000,کارکرده,2026-09-02 10:34:47
apple_macbook_2019,divar,75000000,در حد نو,2026-09-02 10:34:47
apple_macbook_pro,divar,26000000,در حد نو,2026-09-02 10:34:47
amd_rx_6700xt,divar,57000000,در حد نو,2026-09-02 10:34:47
microsoft_xbox,divar,1000,کارکرده,2026-09-02 10:34:47
apple_macbook,divar,1000000000,توافقی,2026-09-02 10:34:47
apple_macbook_pro_m2,divar,185000000,در حد نو,2026-09-02 10:34:47
amd_rx_6800,divar,75000000,در حد نو,2026-09-02 10:34:47
sony_ps5,divar,100000,کارکرده,2026-09-02 10:34:47
sony_ps5,divar,100000,کارکرده,2026-09-02 10:34:47
sony_ps5,divar,20000,کارکرده,2026-09-02 10:34:47
apple_macbook_pro_m2,divar,185000000,در حد نو,2026-09-02 10:34:47
amd_rx_580,divar,8000000,کارکرده,2026-09-02 10:34:47
sony_ps5,divar,20000,کارکرده,2026-09-02 10:34:47
amd_rx_580,divar,11700000,در حد نو,2026-09-02 10:34:47
sony_ps4,divar,35000000,در حد نو,2026-09-02 10:34:47
sony_ps5,divar,9800000,کارکرده,2026-09-02 10:34:47
amd_rx_580,divar,11700000,در حد نو,2026-09-02 10:34:47
sony_ps5,divar,1000000,کارکرده,2026-09-02 10:34:47
other_mac_book_pro,divar,420000000,در حد نو,2026-09-02 10:34:47
sony_ps5,divar,100000000,کارکرده,2026-09-02 10:34:47
apple_macbook_air_m1_256gb,divar,96000000,در حد نو,2026-09-02 10:34:47
amd_rx_5700xt,divar,165000000,در حد نو,2026-09-02 10:34:47
microsoft_xbox,divar,300000,کارکرده,2026-09-02 10:34:47
apple_macbook_air,divar,115000000,در حد نو,2026-09-02 10:34:47
amd_rx_5700xt,divar,165000000,در حد نو,2026-09-02 10:34:47
sony_ps5,divar,49000000,در حد نو,2026-09-02 10:34:47
apple_macbook_pro_m3,divar,350000000,در حد نو,2026-09-02 10:34:47
apple_macbook_pro_m4_pro,divar,374000000,کارکرده,2026-09-02 10:34:47
amd_rx_580,divar,79000000,در حد نو,2026-09-02 10:34:47
sony_ps5,divar,2000000,کارکرده,2026-09-02 10:34:47
sony_ps5,divar,300000,کارکرده,2026-09-02 10:34:47
apple_macbook_pro_2019,divar,99800000,کارکرده,2026-09-02 10:34:47
amd_rx_5500xt,divar,85900000,در حد نو,2026-09-02 10:34:47
sony_ps5,divar,50000000,کارکرده,2026-09-02 10:34:47
sony_ps5,divar,98000000,کارکرده,2026-09-02 10:34:47
microsoft_xbox,divar,1000,کارکرده,2026-09-02 10:34:47
apple_macbook_pro_1tb,divar,390000000,در حد نو,2026-09-02 10:34:47
amd_rx_5700xt,divar,165000000,در حد نو,2026-09-02 10:34:47
sony_ps5_slim,divar,10000,کارکرده,2026-09-02 10:34:47
microsoft_xbox_one_s,divar,1000,کارکرده,2026-09-02 10:34:47
apple_macbook_pro_1tb,divar,390000000,در حد نو,2026-09-02 10:34:47
amd_rx_580,divar,10000000,کارکرده,2026-09-02 10:34:47
microsoft_xbox_one_s,divar,1000,کارکرده,2026-09-02 10:34:47
microsoft_xbox_one_s,divar,1000,کارکرده,2026-09-02 10:34:47
apple_iphone,divar,2000000,کارکرده,2026-09-02 10:34:47
amd_rx_570,divar,8500000,در حد نو,2026-09-02 10:34:47
microsoft_xbox_one_s,divar,1000,کارکرده,2026-09-02 10:34:47
apple_macbook_pro_m4_pro,divar,380000000,کارکرده,2026-09-02 10:34:47
apple_pro,divar,1450000,کارکرده,2026-09-02 10:34:47
other_nokia_6125,esam,2700000,دست دوم,2026-09-02 10:34:48
other_n70,esam,15000000,دست دوم,2026-09-02 10:34:48
other_11,esam,260000,دست دوم,2026-09-02 10:34:48
other_11,esam,780000,دست دوم,2026-09-02 10:34:48
hp_hp_folio_9470,esam,18485000,دست دوم,2026-09-02 10:34:48
dell_dell_3520,esam,54600000,دست دوم,2026-09-02 10:34:48
apple_iphone_14_pro_max_256gb,torob,200500000,نو,2026-09-02 10:34:48
xiaomi_redmi_note_14s_512gb,torob,83000000,نو,2026-09-02 10:34:48
apple_macbook_pro_m4,torob,5200000,نو,2026-09-02 10:34:48
lenovo_rtx_4050_8gb,torob,145000000,نو,2026-09-02 10:34:48
other_2tb_x9_portable_ssd,digikala,44500000,نو,2026-09-02 11:16:31
samsung_galaxy,digikala,77948400,نو,2026-09-02 11:16:31
other_44_shf_profile,digikala,16366350,نو,2026-09-02 11:16:31
samsung_galaxy_a11,digikala,13775000,نو,2026-09-02 11:16:31
intel_core_i3_12100f,digikala,23189000,نو,2026-09-02 11:16:31
samsung_galaxy_s11_ultra_256gb,digikala,260710000,نو,2026-09-02 11:16:31
other_ac237,digikala,28900000,نو,2026-09-02 11:16:31
other_santos_with_anc,digikala,7780000,نو,2026-09-02 11:16:31
samsung_galaxy_a17_256gb,digikala,92500000,نو,2026-09-02 11:16:31
lenovo_legion_5_custom_512gb,digikala,386000000,نو,2026-09-02 11:16:31
hp_32gb_15_fd1134nia_15,digikala,121600000,نو,2026-09-02 11:16:31
asus_tuf_gaming_ram32gb_1tb,digikala,378990000,نو,2026-09-02 11:16:31
intel_21_pro_22x,digikala,550000000,نو,2026-09-02 11:16:31
samsung_2tb_sata_iii_evo,digikala,150000000,نو,2026-09-02 11:16:31
intel_core_ultra_265k,digikala,63650000,نو,2026-09-02 11:16:31
other_1tb_sata_iii_vi550,digikala,16902300,نو,2026-09-02 11:16:31
lenovo_rtx_4050,digikala,276000000,نو,2026-09-02 11:16:31
other_sata_iii_cs900,digikala,10290000,نو,2026-09-02 11:16:31
other_sata3_slim_s55,digikala,18175000,نو,2026-09-02 11:16:31
other_am5_secure_frame,digikala,2700000,نو,2026-09-02 11:16:31
lenovo_rtx_5050_16gb,digikala,279970000,نو,2026-09-02 11:16:31
other_32gb_ddr4_3200_ct8,digikala,9750000,نو,2026-09-02 11:16:31
asus_vivobook_15_custom_512gb,digikala,181600000,نو,2026-09-02 11:16:31
hp_1tb_16_omnibook_flip,digikala,241000000,نو,2026-09-02 11:16:31
other_1tb_se880_usb_gen2,digikala,49700000,نو,2026-09-02 11:16:31
other_ws206_35725_hitune,digikala,7690000,نو,2026-09-02 11:16:31
lenovo_ideapad__custom_512gb,digikala,110999000,نو,2026-09-02 11:16:31
lenovo_1tb_16_thinkbook_16,digikala,123000000,نو,2026-09-02 11:16:31
other_32gb_ddr4_3200_cl22,digikala,9400000,نو,2026-09-02 11:16:31
asus_tuf_gaming_custom_2tb,digikala,215000000,نو,2026-09-02 11:16:31
nvidia_rtx_3050_16gb,digikala,205000000,نو,2026-09-02 11:16:31
asus_tuf_gaming_custom_512gb,digikala,224000000,نو,2026-09-02 11:16:31
hp_ram32gb_1tb,digikala,363000000,نو,2026-09-02 11:16:31
lenovo_rtx_5060_24gb,digikala,327900000,نو,2026-09-02 11:16:31
other_nx7_pro,digikala,9999000,نو,2026-09-02 11:16:32
other_plus_ey_coverd,digikala,9652000,نو,2026-09-02 11:16:32
asus_vivobook_16_custom_2tb,digikala,196400000,نو,2026-09-02 11:16:32
other_emd_ocean_plus,digikala,7587000,نو,2026-09-02 11:16:32
asus_vivobook_15_custom_2tb,digikala,167000000,نو,2026-09-02 11:16:32
nvidia_rtx_4050_32gb,digikala,270000000,نو,2026-09-02 11:16:32
microsoft_1tb_13_surface_pro,digikala,417000000,نو,2026-09-02 11:16:32
other_kat_airgo_material,digikala,7321000,نو,2026-09-02 11:16:32
xiaomi_xiaomi,digikala,4950000,نو,2026-09-02 11:16:32
other_512gb_ddr_333_cl2,digikala,986000,نو,2026-09-02 11:16:32
samsung_galaxy_128gb,digikala,54000000,نو,2026-09-02 11:16:32
sony_ps5_slim,digikala,121900000,نو,2026-09-02 11:16:32
hp_1tb_27_hp_aio,digikala,322700000,نو,2026-09-02 11:16:32
intel_pentium_g4400t,digikala,340000,نو,2026-09-02 11:16:32
asus_vivobook_15_custom_2tb,digikala,169000000,نو,2026-09-02 11:16:32
microsoft_surface_pro,digikala,4583000,نو,2026-09-02 11:16:32
other_1tb_mq01abd100v,digikala,12000000,نو,2026-09-02 11:16:32
other_tn_88_pro,digikala,3200000,نو,2026-09-02 11:16:32
other_53_sk41,digikala,5400000,نو,2026-09-02 11:16:32
other_hg9_pro,digikala,9290000,نو,2026-09-02 11:16:32
other_naz_semi_in,digikala,6852000,نو,2026-09-02 11:16:32
other_diamond_bass_5156,digikala,9700000,نو,2026-09-02 11:16:32
other_s20_120,digikala,6600000,نو,2026-09-02 11:16:32
other_ws_83max,digikala,2760000,نو,2026-09-02 11:16:32
other_zhr_t90_enc,digikala,6621000,نو,2026-09-02 11:16:32
amd_rx_580,divar,13500000,در حد نو,2026-09-02 11:16:35
apple_macbook_pro_2017,divar,56850000,کارکرده,2026-09-02 11:16:35
xiaomi_xiaomi_256gb,divar,4000000,کارکرده,2026-09-02 11:16:35
samsung_galaxy_a56,divar,107000000,کارکرده,2026-09-02 11:16:35
apple_ipad_pro_m4,divar,173000000,کارکرده,2026-09-02 11:16:35
samsung_galaxy_s26_ultra,divar,340000000,کارکرده,2026-09-02 11:16:35
sony_ps5,divar,1500000,کارکرده,2026-09-02 11:16:35
other_a06,divar,27000000,در حد نو,2026-09-02 11:16:35
apple_iphone_16_pro_max,divar,6500000,در حد نو,2026-09-02 11:16:35
other_cpu_i5_3470,divar,7000000,کارکرده,2026-09-02 11:16:35
apple_iphone_11_pro_max,divar,36000000,کارکرده,2026-09-02 11:16:35
apple_iphone_15,divar,99000000,در حد نو,2026-09-02 11:16:35
other_s25_ultra,divar,275000000,کارکرده,2026-09-02 11:16:35
other_a50,divar,16800000,در حد نو,2026-09-02 11:16:35
other_item_3ddb3713,divar,7200000,کارکرده,2026-09-02 11:16:35
other_a07,divar,32500000,در حد نو,2026-09-02 11:16:35
samsung_a5_2015,divar,6500000,کارکرده,2026-09-02 11:16:35
other_a51,divar,17500000,در حد نو,2026-09-02 11:16:35
apple_iphone_12_pro_max,divar,93500000,در حد نو,2026-09-02 11:16:35
other_128gb_s20_plus_128gb,divar,44000000,در حد نو,2026-09-02 11:16:35
apple_iphone,divar,15500000,نو (پلمپ/آکبند),2026-09-02 11:16:35
amd_cpu_ryzen_3600,divar,20000000,کارکرده,2026-09-02 11:16:35
sony_ps4,divar,80000000,کارکرده,2026-09-02 11:16:36
sony_ps5,divar,999000000,کارکرده,2026-09-02 11:16:36
sony_ps5,divar,2000000,کارکرده,2026-09-02 11:16:36
other_item_3ddb3713,divar,9800000,کارکرده,2026-09-02 11:16:36
amd_rx_580,divar,8000000,کارکرده,2026-09-02 11:16:36
sony_ps4,divar,40000000,کارکرده,2026-09-02 11:16:36
apple_iphone,divar,2000000,کارکرده,2026-09-02 11:16:36
apple_macbook,divar,1000000,کارکرده,2026-09-02 11:16:36
amd_rx_6800,divar,198000000,در حد نو,2026-09-02 11:16:36
sony_ps5_pro,divar,49000000,در حد نو,2026-09-02 11:16:36
sony_ps5_pro,divar,49000000,در حد نو,2026-09-02 11:16:36
apple_macbook_air_m3,divar,190000000,کارکرده,2026-09-02 11:16:36
amd_rx_5700xt,divar,41000000,کارکرده,2026-09-02 11:16:36
sony_ps5,divar,50000,کارکرده,2026-09-02 11:16:36
sony_ps5,divar,7000000,در حد نو,2026-09-02 11:16:36
other_13_m4,divar,206000000,کارکرده,2026-09-02 11:16:36
apple_macbook_pro,divar,35000000,در حد نو,2026-09-02 11:16:36
amd_rx_6700xt,divar,59000000,در حد نو,2026-09-02 11:16:36
nvidia_rx_580,divar,785000000,کارکرده,2026-09-02 11:16:36
sony_ps5,divar,80000000,کارکرده,2026-09-02 11:16:36
amd_rx_5700xt,divar,21000000,در حد نو,2026-09-02 11:16:36
sony_ps5,divar,100000,کارکرده,2026-09-02 11:16:36
apple_macbook,divar,1000000000,توافقی,2026-09-02 11:16:36
amd_rx_6900xt,divar,101000000,در حد نو,2026-09-02 11:16:36
sony_ps5,divar,7000000,در حد نو,2026-09-02 11:16:36
sony_ps5,divar,400000,کارکرده,2026-09-02 11:16:36
amd_rx_5700xt,divar,41000000,کارکرده,2026-09-02 11:16:36
sony_ps5,divar,90000000,کارکرده,2026-09-02 11:16:36
asus_rog_strix,divar,41500000,در حد نو,2026-09-02 11:16:36
sony_ps5,divar,2000000,کارکرده,2026-09-02 11:16:36
apple_macbook_pro,divar,350000000,کارکرده,2026-09-02 11:16:36
amd_rx_580,divar,12000000,کارکرده,2026-09-02 11:16:36
sony_ps5,divar,100000,کارکرده,2026-09-02 11:16:36
amd_rx_580,divar,15000000,کارکرده,2026-09-02 11:16:36
sony_ps5,divar,100000000,کارکرده,2026-09-02 11:16:36
sony_ps5,divar,100000,کارکرده,2026-09-02 11:16:36
apple_macbook_pro,divar,44800000,در حد نو,2026-09-02 11:16:36
apple_macbook_pro,divar,220000000,کارکرده,2026-09-02 11:16:36
amd_rx_580,divar,12000000,در حد نو,2026-09-02 11:16:36
microsoft_xbox,divar,20000000,کارکرده,2026-09-02 11:16:36
apple_macbook_pro_m3_pro_14inch_512gb,divar,325000000,کارکرده,2026-09-02 11:16:36
apple_macbook_air_m1,divar,96700000,کارکرده,2026-09-02 11:16:36
nvidia_rx_580,divar,785000000,کارکرده,2026-09-02 11:16:36
sony_ps5,divar,100000,کارکرده,2026-09-02 11:16:36
amd_rx_580,divar,11500000,در حد نو,2026-09-02 11:16:36
sony_ps4,divar,40000000,کارکرده,2026-09-02 11:16:36
apple_macbook,divar,99000000,در حد نو,2026-09-02 11:16:36
amd_rx_580,divar,8000000,کارکرده,2026-09-02 11:16:36
sony_ps5,divar,100000000,کارکرده,2026-09-02 11:16:36
apple_macbook_pro_m2,divar,180000000,در حد نو,2026-09-02 11:16:36
other_item_70702bdf,divar,600000,کارکرده,2026-09-02 11:16:36
sony_ps5,divar,100000000,کارکرده,2026-09-02 11:16:36
apple_macbook_air_m1,divar,96700000,کارکرده,2026-09-02 11:16:36
apple_macbook_pro_m3_pro_14inch_512gb,divar,325000000,کارکرده,2026-09-02 11:16:36
amd_rx_590,divar,16500000,در حد نو,2026-09-02 11:16:36
sony_ps5,divar,2500000,کارکرده,2026-09-02 11:16:36
apple_macbook_pro,divar,17900000,کارکرده,2026-09-02 11:16:36
apple_macbook_pro,divar,350000000,کارکرده,2026-09-02 11:16:36
sony_ps5,divar,100000,کارکرده,2026-09-02 11:16:36
sony_ps5,divar,1000,کارکرده,2026-09-02 11:16:36
apple_macbook_air,divar,49000000,در حد نو,2026-09-02 11:16:36
amd_rx_580,divar,8000000,کارکرده,2026-09-02 11:16:36
sony_ps5,divar,1000,کارکرده,2026-09-02 11:16:36
apple_macbook_pro_m1_pro,divar,216000000,در حد نو,2026-09-02 11:16:36
apple_macbook_pro_m1_pro,divar,216000000,در حد نو,2026-09-02 11:16:36
amd_rx_6700xt,divar,61000000,در حد نو,2026-09-02 11:16:36
sony_ps5,divar,50000,کارکرده,2026-09-02 11:16:36
amd_rx_470,divar,8000000,کارکرده,2026-09-02 11:16:36
sony_ps5,divar,1000,کارکرده,2026-09-02 11:16:36
apple_macbook,divar,99000000,در حد نو,2026-09-02 11:16:36
other_pro2,divar,600000,کارکرده,2026-09-02 11:16:36
amd_rx_6800xt,divar,75500000,کارکرده,2026-09-02 11:16:36
sony_ps5,divar,1000,کارکرده,2026-09-02 11:16:36
apple_macbook_air_m4,divar,3900000,کارکرده,2026-09-02 11:16:36
apple_macbook_pro_m1,divar,125000000,در حد نو,2026-09-02 11:16:36
sony_ps5,divar,1000,کارکرده,2026-09-02 11:16:36
amd_rx_470,divar,6200000,کارکرده,2026-09-02 11:16:36
sony_ps5,divar,49000000,در حد نو,2026-09-02 11:16:36
sony_ps5,divar,95000000,در حد نو,2026-09-02 11:16:36
apple_macbook,divar,58000000,کارکرده,2026-09-02 11:16:36
sony_ps5,divar,98000000,کارکرده,2026-09-02 11:16:36
sony_ps5,divar,90000000,کارکرده,2026-09-02 11:16:36
apple_macbook_pro_2019,divar,99800000,کارکرده,2026-09-02 11:16:36
amd_rx_580,divar,1000,در حد نو,2026-09-02 11:16:36
sony_ps5,divar,1000000,کارکرده,2026-09-02 11:16:36
sony_ps5,divar,7000000,در حد نو,2026-09-02 11:16:36
other_mac_book_pro,divar,420000000,در حد نو,2026-09-02 11:16:36
sony_ps5,divar,7000000,در حد نو,2026-09-02 11:16:36
apple_macbook,divar,1000000000,توافقی,2026-09-02 11:16:36
amd_rx_6700xt,divar,57000000,در حد نو,2026-09-02 11:16:36
amd_rx_6600,divar,35900000,در حد نو,2026-09-02 11:16:36
sony_ps5,divar,50000000,کارکرده,2026-09-02 11:16:36
sony_ps5,divar,2000000,کارکرده,2026-09-02 11:16:36
apple_macbook,divar,450000000,در حد نو,2026-09-02 11:16:36
other_mac_book_pro,divar,420000000,در حد نو,2026-09-02 11:16:36
amd_rx_5700xt,divar,165000000,در حد نو,2026-09-02 11:16:36
amd_rx_5700xt,divar,35000000,کارکرده,2026-09-02 11:16:36
apple_macbook,divar,38000000,در حد نو,2026-09-02 11:16:36
amd_rx_6900xt_16gb,divar,88500000,در حد نو,2026-09-02 11:16:36
sony_ps5,divar,40000000,کارکرده,2026-09-02 11:16:36
apple_macbook,divar,38000000,در حد نو,2026-09-02 11:16:36
sony_ps5,divar,9800000,کارکرده,2026-09-02 11:16:36
sony_ps5,divar,100000,کارکرده,2026-09-02 11:16:36
other_13_m4,divar,200000000,کارکرده,2026-09-02 11:16:36
apple_macbook_pro_intel,divar,18000000,کارکرده,2026-09-02 11:16:36
amd_rx_5700xt,divar,35000000,کارکرده,2026-09-02 11:16:36
amd_rx_5700xt,divar,35000000,کارکرده,2026-09-02 11:16:36
sony_ps5,divar,100000000,کارکرده,2026-09-02 11:16:36
other_200,divar,24800000,در حد نو,2026-09-02 11:16:36
other_i5_12400f,divar,83900000,در حد نو,2026-09-02 11:16:36
other_lincplus_p1_13,esam,27075000,نو,2026-09-02 11:16:37
other_10,esam,1300000,دست دوم,2026-09-02 11:16:37
other_500,esam,50,دست دوم,2026-09-02 11:16:37
samsung_galaxy_a06,torob,620000,نو,2026-09-02 11:16:37
other_256gb_edge_60_fusion,torob,102055500,نو,2026-09-02 11:16:37
asus_512gb_ux3405ca_16gb_ram,torob,308990000,نو,2026-09-02 11:16:37
other_512gb_katana_17_core,torob,165000000,نو,2026-09-02 11:16:37
other_kr,digikala,10178500,نو,2026-09-02 11:23:49
samsung_galaxy_s10_plus,digikala,4410000,نو,2026-09-02 11:23:49
other_ws10_ultra,digikala,3890000,نو,2026-09-02 11:23:49
other_32gb_nartab_n28_32,digikala,17974100,نو,2026-09-02 11:23:49
hp_1tb_15_fd0154wm_15,digikala,179990000,نو,2026-09-02 11:23:49
apple_40_se_aluminum,digikala,59770000,نو,2026-09-02 11:23:49
hp_omen_16_custom_ram32gb_1tb,digikala,363000000,نو,2026-09-02 11:23:49
samsung_galaxy_s10_fe_256gb,digikala,148770000,نو,2026-09-02 11:23:49
other_ac731_usb_type,digikala,24700000,نو,2026-09-02 11:23:49
other_fenix_47mm,digikala,288000000,نو,2026-09-02 11:23:49
lenovo_legion_5_custom_ram44gb_512gb,digikala,417000000,نو,2026-09-02 11:23:49
lenovo_ideapad__512gb,digikala,127000000,نو,2026-09-02 11:23:49
nvidia_rtx_5080_64gb,digikala,798960000,نو,2026-09-02 11:23:49
lenovo_16_thinkbook_16,digikala,255000000,نو,2026-09-02 11:23:49
asus_vivobook_15_custom_2tb,digikala,187200000,نو,2026-09-02 11:23:49
other_32gb_v0_core_32,digikala,17000000,نو,2026-09-02 11:23:49
other_512gb_400_512_12,digikala,141500000,نو,2026-09-02 11:23:49
asus_vivobook_15_custom_1tb,digikala,159400000,نو,2026-09-02 11:23:49
lenovo_rtx_4050_32gb,digikala,300000000,نو,2026-09-02 11:23:49
asus_rog_strix_512gb,digikala,689000000,نو,2026-09-02 11:23:49
apple_airpods_usb_type,digikala,27980000,نو,2026-09-02 11:23:49
microsoft_xbox_series_s,digikala,107000000,نو,2026-09-02 11:23:49
other_soundcore_open_ear,digikala,10550000,نو,2026-09-02 11:23:49
samsung_galaxy_s11_128gb,digikala,233900000,نو,2026-09-02 11:23:49
other_falcon_nvme_pcie,digikala,23900000,نو,2026-09-02 11:23:49
other_t2_pro,digikala,3600000,نو,2026-09-02 11:23:49
other_hns_compact_optima,digikala,14580000,نو,2026-09-02 11:23:49
other_ws211_55137,digikala,14611800,نو,2026-09-02 11:23:49
asus_vivobook_14_custom_32gb,digikala,149000000,نو,2026-09-02 11:23:49
hp_ram64gb_2tb,digikala,533500000,نو,2026-09-02 11:23:49
asus_prime_b760m,digikala,20560000,نو,2026-09-02 11:23:49
lenovo_ideapad_1_custom_32gb,digikala,117680000,نو,2026-09-02 11:23:49
lenovo_legion_5_custom_ram32gb_2tb,digikala,355000000,نو,2026-09-02 11:23:49
asus_rog_strix_custom_ram64gb_2tb,digikala,656000000,نو,2026-09-02 11:23:49
other_i3_10100f_h510,digikala,88000000,نو,2026-09-02 11:23:49
other_mst_high_eco,digikala,7852000,نو,2026-09-02 11:23:49
xiaomi_poco_x4_pro_256gb,digikala,56600000,نو,2026-09-02 11:23:49
microsoft_512gb_surface_laptop_core,digikala,168190000,نو,2026-09-02 11:23:49
other_aho_bowie_h1s,digikala,10986000,نو,2026-09-02 11:23:49
asus_tuf,digikala,11900000,نو,2026-09-02 11:23:49
asus_vivobook_15_512gb,digikala,87990000,نو,2026-09-02 11:23:49
asus_vivobook_15_custom_32gb,digikala,119000000,نو,2026-09-02 11:23:49
other_yam_stereoo_pro,digikala,15985000,نو,2026-09-02 11:23:49
samsung_2tb_t9_usb_gen2,digikala,74644000,نو,2026-09-02 11:23:49
samsung_128gb_ddr3_12800s_1600,digikala,3350000,نو,2026-09-02 11:23:49
other_36_v36,digikala,3500000,نو,2026-09-02 11:23:49
other_byron_bta,digikala,26700000,نو,2026-09-02 11:23:49
intel_1155,digikala,1050000,نو,2026-09-02 11:23:49
lenovo_rtx_2050_16gb,digikala,164900000,نو,2026-09-02 11:23:49
nvidia_rtx_4050_64gb,digikala,330000000,نو,2026-09-02 11:23:49
nvidia_quadro_k4000,digikala,12750000,نو,2026-09-02 11:23:49
other_1tb_t100_usb_gen2,digikala,23600000,نو,2026-09-02 11:23:49
other_46_m77_pro,digikala,4490000,نو,2026-09-02 11:23:49
other_49_ultra,digikala,6990000,نو,2026-09-02 11:23:49
other_mah_reduction_pop,digikala,15896000,نو,2026-09-02 11:23:49
other_prich,digikala,7665000,نو,2026-09-02 11:23:49
other_256gb_sata_iii_p3,digikala,5650000,نو,2026-09-02 11:23:49
other_ns_switching_gp,digikala,2000000,نو,2026-09-02 11:23:49
apple_iphone_16_pro_max,divar,296000000,در حد نو,2026-09-02 11:23:53
apple_128gb_128_11_2025,divar,135000000,در حد نو,2026-09-02 11:23:53
other_256gb_56_ram_256,divar,96000000,کارکرده,2026-09-02 11:23:53
samsung_galaxy_a54,divar,48500000,کارکرده,2026-09-02 11:23:53
amd_rx_580,divar,28500000,کارکرده,2026-09-02 11:23:53
other_anker_r50i_qcy,divar,1850000,کارکرده,2026-09-02 11:23:53
sony_ps5,divar,15000000,کارکرده,2026-09-02 11:23:53
samsung_galaxy_a32,divar,25000000,در حد نو,2026-09-02 11:23:53
other_256gb_17_pro_256,divar,245600000,کارکرده,2026-09-02 11:23:53
apple_iphone_13_pro,divar,143000000,در حد نو,2026-09-02 11:23:53
sony_ps5,divar,1500000,کارکرده,2026-09-02 11:23:53
amd_rx_5700xt,divar,49000000,کارکرده,2026-09-02 11:23:53
apple_iphone_7_plus,divar,20000000,کارکرده,2026-09-02 11:23:53
apple_iphone_16_pro_max,divar,100000000,کارکرده,2026-09-02 11:23:53
samsung_samsung,divar,37000000,در حد نو,2026-09-02 11:23:53
other_16,divar,90000000,در حد نو,2026-09-02 11:23:53
samsung_galaxy_a51,divar,18000000,کارکرده,2026-09-02 11:23:53
samsung_galaxy_s26_ultra,divar,165000000,کارکرده,2026-09-02 11:23:53
samsung_galaxy_a17,divar,42000000,کارکرده,2026-09-02 11:23:53
sony_ps5,divar,2000000,کارکرده,2026-09-02 11:23:53
amd_rx_580,divar,10500000,در حد نو,2026-09-02 11:23:53
sony_ps4,divar,40000000,کارکرده,2026-09-02 11:23:53
apple_macbook_pro_2021,divar,210000000,در حد نو,2026-09-02 11:23:53
amd_rx_580,divar,9950000,در حد نو,2026-09-02 11:23:53
amd_rx_580,divar,7000000,نو (پلمپ/آکبند),2026-09-02 11:23:53
sony_ps5,divar,150000,کارکرده,2026-09-02 11:23:53
apple_macbook_air_m1,divar,99000000,در حد نو,2026-09-02 11:23:53
amd_rx_580,divar,10500000,در حد نو,2026-09-02 11:23:53
sony_ps4,divar,68000000,در حد نو,2026-09-02 11:23:53
apple_macbook_pro_2021,divar,210000000,در حد نو,2026-09-02 11:23:53
apple_macbook_pro,divar,35000000,در حد نو,2026-09-02 11:23:53
amd_rx_6900xt_16gb,divar,97000000,در حد نو,2026-09-02 11:23:53
sony_ps5,divar,90000000,کارکرده,2026-09-02 11:23:53
apple_ipad,divar,38500000,کارکرده,2026-09-02 11:23:53
sony_ps5_slim,divar,10000,کارکرده,2026-09-02 11:23:53
sony_ps5,divar,1200000,کارکرده,2026-09-02 11:23:53
sony_ps5,divar,400000,کارکرده,2026-09-02 11:23:53
sony_ps5,divar,2000000,کارکرده,2026-09-02 11:23:53
apple_macbook_pro_2012,divar,10200000,کارکرده,2026-09-02 11:23:53
amd_rx_580,divar,8000000,کارکرده,2026-09-02 11:23:53
sony_ps5,divar,50000,کارکرده,2026-09-02 11:23:53
nvidia_rx_580,divar,785000000,کارکرده,2026-09-02 11:23:53
sony_ps5,divar,90000000,کارکرده,2026-09-02 11:23:53
amd_rx_6800,divar,169000000,کارکرده,2026-09-02 11:23:53
sony_ps5,divar,100000000,کارکرده,2026-09-02 11:23:53
sony_ps5,divar,1200000,کارکرده,2026-09-02 11:23:53
apple_macbook_pro_m3,divar,89000000,در حد نو,2026-09-02 11:23:53
amd_rx_6800xt,divar,75500000,کارکرده,2026-09-02 11:23:53
sony_ps5,divar,150000,کارکرده,2026-09-02 11:23:53
apple_macbook_pro,divar,44800000,در حد نو,2026-09-02 11:23:53
amd_rx_580,divar,8000000,کارکرده,2026-09-02 11:23:53
sony_ps5,divar,100000,کارکرده,2026-09-02 11:23:53
sony_ps5,divar,99000000,کارکرده,2026-09-02 11:23:53
sony_ps5,divar,10000,کارکرده,2026-09-02 11:23:53
apple_macbook_pro_m2,divar,180000000,در حد نو,2026-09-02 11:23:53
amd_rx_6800,divar,75000000,در حد نو,2026-09-02 11:23:53
amd_rx_580,divar,12000000,در حد نو,2026-09-02 11:23:53
sony_ps5,divar,100000,کارکرده,2026-09-02 11:23:53
apple_macbook,divar,1000000000,توافقی,2026-09-02 11:23:53
amd_rx_6800xt,divar,75500000,کارکرده,2026-09-02 11:23:53
amd_rx_6900xt,divar,86500000,در حد نو,2026-09-02 11:23:53
sony_ps5,divar,80000000,کارکرده,2026-09-02 11:23:53
sony_ps5,divar,150000,کارکرده,2026-09-02 11:23:53
sony_ps5,divar,100000,کارکرده,2026-09-02 11:23:53
apple_macbook_air_m1,divar,96700000,کارکرده,2026-09-02 11:23:53
amd_rx_580,divar,10500000,در حد نو,2026-09-02 11:23:53
sony_ps5,divar,150000,کارکرده,2026-09-02 11:23:53
sony_ps5,divar,1000,کارکرده,2026-09-02 11:23:53
apple_macbook_air_2018,divar,57000000,در حد نو,2026-09-02 11:23:53
sony_ps5,divar,100000,کارکرده,2026-09-02 11:23:53
apple_macbook,divar,30000000,در حد نو,2026-09-02 11:23:53
amd_rx_6800xt,divar,75500000,کارکرده,2026-09-02 11:23:53
amd_rx_580,divar,15000000,کارکرده,2026-09-02 11:23:53
sony_ps5,divar,98000000,در حد نو,2026-09-02 11:23:53
amd_rx_580,divar,15000000,کارکرده,2026-09-02 11:23:53
sony_ps5,divar,1000,کارکرده,2026-09-02 11:23:53
apple_512gb_ipad_pro_m4,divar,200000000,در حد نو,2026-09-02 11:23:53
apple_macbook,divar,99000000,در حد نو,2026-09-02 11:23:53
amd_rx_6700xt,divar,57000000,در حد نو,2026-09-02 11:23:53
sony_ps5,divar,150000,کارکرده,2026-09-02 11:23:53
sony_ps5,divar,98000000,کارکرده,2026-09-02 11:23:53
apple_macbook_pro_m1,divar,100000000,در حد نو,2026-09-02 11:23:53
amd_rx_590,divar,16500000,در حد نو,2026-09-02 11:23:53
amd_rx_5700xt,divar,33500000,کارکرده,2026-09-02 11:23:53
sony_ps5,divar,150000,کارکرده,2026-09-02 11:23:53
apple_macbook_pro,divar,3350000,کارکرده,2026-09-02 11:23:53
amd_rx_5700xt,divar,165000000,در حد نو,2026-09-02 11:23:53
sony_ps4,divar,35000000,در حد نو,2026-09-02 11:23:53
sony_ps5,divar,10000,در حد نو,2026-09-02 11:23:53
apple_macbook_pro,divar,17900000,کارکرده,2026-09-02 11:23:53
amd_rx_580,divar,12000000,کارکرده,2026-09-02 11:23:53
amd_rx_580,divar,15000000,کارکرده,2026-09-02 11:23:53
sony_ps5,divar,80000000,کارکرده,2026-09-02 11:23:53
sony_ps5,divar,98000000,کارکرده,2026-09-02 11:23:53
apple_macbook_air,divar,12600000,کارکرده,2026-09-02 11:23:53
apple_macbook_pro_2012,divar,22000000,کارکرده,2026-09-02 11:23:53
sony_ps5,divar,100000000,کارکرده,2026-09-02 11:23:53
apple_macbook,divar,2000000000,توافقی,2026-09-02 11:23:53
sony_ps5,divar,40000000,کارکرده,2026-09-02 11:23:53
apple_macbook_air,divar,115000000,در حد نو,2026-09-02 11:23:53
apple_macbook_air,divar,115000000,در حد نو,2026-09-02 11:23:53
amd_rx_6700xt,divar,57000000,در حد نو,2026-09-02 11:23:53
sony_ps5,divar,49000000,در حد نو,2026-09-02 11:23:53
apple_macbook_pro_intel_2019_256gb,divar,86500000,در حد نو,2026-09-02 11:23:53
apple_macbook_pro_m1_pro,divar,223000000,در حد نو,2026-09-02 11:23:53
sony_ps5,divar,2000000,کارکرده,2026-09-02 11:23:53
sony_ps5,divar,7000000,در حد نو,2026-09-02 11:23:53
sony_ps5,divar,10000,کارکرده,2026-09-02 11:23:53
apple_macbook_pro_2019,divar,99800000,کارکرده,2026-09-02 11:23:53
amd_rx_6600,divar,84900000,کارکرده,2026-09-02 11:23:53
amd_rx_6800,divar,109000000,کارکرده,2026-09-02 11:23:53
sony_ps5,divar,200000,کارکرده,2026-09-02 11:23:53
apple_macbook,divar,30000000,در حد نو,2026-09-02 11:23:53
other_12,divar,109700000,کارکرده,2026-09-02 11:23:53
apple_macbook,divar,28000000,کارکرده,2026-09-02 11:23:53
amd_rx_5700xt,divar,35000000,کارکرده,2026-09-02 11:23:53
sony_ps5,divar,100000,کارکرده,2026-09-02 11:23:53
sony_ps5,divar,85000000,کارکرده,2026-09-02 11:23:53
other_200,divar,24800000,در حد نو,2026-09-02 11:23:53
other_i5_12400f,divar,83900000,در حد نو,2026-09-02 11:23:53
amd_rx_5700xt,divar,35000000,کارکرده,2026-09-02 11:23:53
sony_ps4,divar,68000000,در حد نو,2026-09-02 11:23:53
other_item_70702bdf,divar,600000,کارکرده,2026-09-02 11:23:53
other_12,divar,109700000,کارکرده,2026-09-02 11:23:53
sony_ps5,divar,90000000,در حد نو,2026-09-02 11:23:53
asus_creator_q540vj_i93050,esam,400000000,دست دوم,2026-09-02 11:23:55
other_500,esam,50,دست دوم,2026-09-02 11:23:55
other_6070,esam,5500000,دست دوم,2026-09-02 11:23:55
other_10,esam,253000,دست دوم,2026-09-02 11:23:55
samsung_galaxy_s26_ultra_256gb,torob,284990000,نو,2026-09-02 11:23:55
other_256gb_400_5g_256,torob,118990000,نو,2026-09-02 11:23:55
asus_tuf_gaming_1tb,torob,167200000,نو,2026-09-02 11:23:55
nvidia_rtx_5060_16gb,torob,324000000,نو,2026-09-02 11:23:55
other_1tb_prodrive_ultra_usb,digikala,15990000,نو,2026-09-02 19:56:44
other_iron_man_red11,digikala,7857000,نو,2026-09-02 19:56:44
other_hd_450bt,digikala,34990000,نو,2026-09-02 19:56:44
other_sun,digikala,4500000,نو,2026-09-02 19:56:44
xiaomi_xiaomi_256gb,digikala,106360000,نو,2026-09-02 19:56:44
lenovo_legion__custom_ram64gb_1tb,digikala,624000000,نو,2026-09-02 19:56:44
samsung_1tb_t9_usb_gen2,digikala,43844000,نو,2026-09-02 19:56:44
lenovo_rtx_3050,digikala,239000000,نو,2026-09-02 19:56:44
samsung_galaxy_s10_fe_256gb,digikala,148770000,نو,2026-09-02 19:56:44
other_2tb_pcie_gen4_x4,digikala,54000000,نو,2026-09-02 19:56:44
other_t20_ailypods_usb,digikala,9780000,نو,2026-09-02 19:56:44
xiaomi_xiaomi_128gb,digikala,49499000,نو,2026-09-02 19:56:44
asus_tuf_gaming_1tb,digikala,322800000,نو,2026-09-02 19:56:44
hp_victus_15_custom_32gb,digikala,198714420,نو,2026-09-02 19:56:44
nvidia_rtx_4050_16gb,digikala,261400000,نو,2026-09-02 19:56:44
apple_macbook_air_2026_512gb,digikala,313790000,نو,2026-09-02 19:56:44
other_mag_a750gl,digikala,22190000,نو,2026-09-02 19:56:44
other_openmeet,digikala,49500000,نو,2026-09-02 19:56:44
other_1000w_gp1000b_gxd,digikala,34850000,نو,2026-09-02 19:56:44
other_44_emd_communicate,digikala,11563000,نو,2026-09-02 19:56:44
other_1tb_mq04abf100_128,digikala,10631190,نو,2026-09-02 19:56:44
hp_hp_t640_240,digikala,52800000,نو,2026-09-02 19:56:44
hp_512gb_14_omnibook_flip,digikala,203766670,نو,2026-09-02 19:56:44
asus_tuf_gaming,digikala,33000000,نو,2026-09-02 19:56:44
asus_tuf_gaming_custom_2tb,digikala,435000000,نو,2026-09-02 19:56:44
other_512gb_h100_512_usb,digikala,15900000,نو,2026-09-02 19:56:44
other_sw03,digikala,8500000,نو,2026-09-02 19:56:44
other_voice_prime,digikala,8000000,نو,2026-09-02 19:56:44
other_64gb_nanopc_t6_rk3588,digikala,87000000,نو,2026-09-02 19:56:44
lenovo_2tb_15_v15_g4,digikala,165000000,نو,2026-09-02 19:56:44
lenovo_ideapad__custom_512gb,digikala,178000000,نو,2026-09-02 19:56:44
intel_512gb_27_gt627_core,digikala,192500000,نو,2026-09-02 19:56:44
asus_tuf_gaming_custom_2tb,digikala,253000000,نو,2026-09-02 19:56:44
xiaomi_redmi_note_14s_512gb,digikala,74500000,نو,2026-09-02 19:56:44
asus_tuf_gaming_custom_ram48gb_1tb,digikala,280000000,نو,2026-09-02 19:56:44
other_32gb_ddr5_32_vengeance,digikala,133900000,نو,2026-09-02 19:56:44
asus_vivobook_15_custom_1tb,digikala,136990000,نو,2026-09-02 19:56:44
other_hns_flexible_t75,digikala,6998000,نو,2026-09-02 19:56:44
other_plus_akb_running,digikala,9989000,نو,2026-09-02 19:56:44
asus_vivobook_16_32gb,digikala,169900000,نو,2026-09-02 19:56:44
other_apy_crisp_pearlclip,digikala,7932000,نو,2026-09-02 19:56:44
samsung_galaxy_s10,digikala,3800000,نو,2026-09-02 19:56:44
samsung_galaxy_a17_128gb,digikala,54999000,نو,2026-09-02 19:56:44
asus_vivobook_15_32gb,digikala,124700000,نو,2026-09-02 19:56:44
other_ahm_mz10_custom,digikala,7985000,نو,2026-09-02 19:56:44
asus_512gb,digikala,89999000,نو,2026-09-02 19:56:44
other_46_watch_gt,digikala,37700000,نو,2026-09-02 19:56:44
other_v69_big_screen,digikala,10890000,نو,2026-09-02 19:56:44
other_cll_combined_a300,digikala,6985000,نو,2026-09-02 19:56:44
other_t15,digikala,14500000,نو,2026-09-02 19:56:44
other_125_ta_1253,digikala,6990000,نو,2026-09-02 19:56:44
nvidia_rtx_4050_16gb,digikala,190000000,نو,2026-09-02 19:56:44
other_512gb_2280_pcie_nvme,digikala,19000000,نو,2026-09-02 19:56:44
other_19_pd_belle,digikala,4280000,نو,2026-09-02 19:56:44
other_big2_02infinite_display,digikala,6720000,نو,2026-09-02 19:56:44
other_lamen_active_orginal,digikala,13998000,نو,2026-09-02 19:56:44
other_sep710wh,digikala,7430000,نو,2026-09-02 19:56:44
other_128gb_sata_iii_s101,digikala,5500000,نو,2026-09-02 19:56:44
other_49_tx22_ultra3,digikala,1980000,نو,2026-09-02 19:56:44
samsung_galaxy_s11_256gb,digikala,254990000,نو,2026-09-02 19:56:44
xiaomi_xiaomi,divar,78500000,کارکرده,2026-09-02 19:56:48
sony_ps5,divar,100000000,در حد نو,2026-09-02 19:56:48
other_s23_fe,divar,79500000,کارکرده,2026-09-02 19:56:48
apple_iphone_16_128gb,divar,290000000,کارکرده,2026-09-02 19:56:48
amd_rx_580,divar,12500000,در حد نو,2026-09-02 19:56:48
sony_ps5,divar,1000,کارکرده,2026-09-02 19:56:48
other_13promax256zaa,divar,145000000,کارکرده,2026-09-02 19:56:48
sony_ps5,divar,128000,کارکرده,2026-09-02 19:56:48
sony_ps5,divar,1500000,کارکرده,2026-09-02 19:56:48
apple_iphone_15_pro_max,divar,180000000,در حد نو,2026-09-02 19:56:48
apple_iphone_17_pro_max,divar,25000000,در حد نو,2026-09-02 19:56:48
sony_ps5,divar,150000000,کارکرده,2026-09-02 19:56:48
other_a56,divar,85000000,در حد نو,2026-09-02 19:56:48
other_128gb_a07_128,divar,33500000,در حد نو,2026-09-02 19:56:48
samsung_a5_2015,divar,6500000,کارکرده,2026-09-02 19:56:48
other_a14,divar,16000000,در حد نو,2026-09-02 19:56:48
apple_iphone_6,divar,8000000,در حد نو,2026-09-02 19:56:48
apple_iphone_15_pro_max,divar,115000000,کارکرده,2026-09-02 19:56:48
apple_iphone_17_pro_max,divar,17000000,کارکرده,2026-09-02 19:56:48
sony_ps5,divar,2000000,کارکرده,2026-09-02 19:56:48
sony_ps5,divar,7000000,در حد نو,2026-09-02 19:56:48
microsoft_xbox_one_s,divar,1000,کارکرده,2026-09-02 19:56:48
amd_rx_580,divar,9950000,در حد نو,2026-09-02 19:56:48
sony_ps5,divar,7000000,در حد نو,2026-09-02 19:56:48
apple_ipad,divar,38500000,کارکرده,2026-09-02 19:56:48
amd_rx_5700xt,divar,41000000,کارکرده,2026-09-02 19:56:48
sony_ps5,divar,1300000,در حد نو,2026-09-02 19:56:48
sony_ps5_slim,divar,10000,کارکرده,2026-09-02 19:56:48
apple_macbook,divar,1000000000,توافقی,2026-09-02 19:56:48
nvidia_rx_580,divar,785000000,کارکرده,2026-09-02 19:56:48
sony_ps5,divar,1000,کارکرده,2026-09-02 19:56:48
sony_ps5,divar,100000,کارکرده,2026-09-02 19:56:48
apple_macbook_pro_m1,divar,120000000,در حد نو,2026-09-02 19:56:48
amd_rx_6700xt,divar,59000000,در حد نو,2026-09-02 19:56:48
amd_rx_5700xt,divar,128000000,در حد نو,2026-09-02 19:56:48
sony_ps5,divar,1000,کارکرده,2026-09-02 19:56:48
amd_rx_580,divar,10500000,در حد نو,2026-09-02 19:56:48
sony_ps5,divar,2000000,کارکرده,2026-09-02 19:56:48
asus_rog_strix,divar,42500000,در حد نو,2026-09-02 19:56:48
sony_ps5,divar,900000,کارکرده,2026-09-02 19:56:48
sony_ps5,divar,1200000,کارکرده,2026-09-02 19:56:48
sony_ps5,divar,3000000,در حد نو,2026-09-02 19:56:48
sony_ps5,divar,3000000,در حد نو,2026-09-02 19:56:48
amd_rx_580,divar,12000000,کارکرده,2026-09-02 19:56:48
sony_ps5,divar,1000000,کارکرده,2026-09-02 19:56:48
apple_macbook_pro_m3,divar,89000000,در حد نو,2026-09-02 19:56:48
amd_rx_6800,divar,169000000,کارکرده,2026-09-02 19:56:48
sony_ps4,divar,68000000,در حد نو,2026-09-02 19:56:48
sony_ps5,divar,99000000,کارکرده,2026-09-02 19:56:48
amd_rx_580,divar,11700000,در حد نو,2026-09-02 19:56:48
microsoft_xbox,divar,20000000,کارکرده,2026-09-02 19:56:48
sony_ps5,divar,50000,کارکرده,2026-09-02 19:56:48
apple_macbook_air_2019,divar,65000000,در حد نو,2026-09-02 19:56:48
amd_rx_6800,divar,169000000,کارکرده,2026-09-02 19:56:48
sony_ps5,divar,2500000,کارکرده,2026-09-02 19:56:48
apple_macbook_air_m1,divar,100000000,در حد نو,2026-09-02 19:56:48
amd_rx_580,divar,12000000,کارکرده,2026-09-02 19:56:48
sony_ps4,divar,68000000,در حد نو,2026-09-02 19:56:48
amd_rx_580,divar,15000000,کارکرده,2026-09-02 19:56:48
sony_ps5,divar,98000000,در حد نو,2026-09-02 19:56:48
apple_macbook_2019,divar,75000000,در حد نو,2026-09-02 19:56:48
amd_rx_580,divar,11700000,در حد نو,2026-09-02 19:56:48
apple_macbook_pro_m2,divar,180000000,در حد نو,2026-09-02 19:56:48
nvidia_rx_580,divar,785000000,کارکرده,2026-09-02 19:56:48
microsoft_xbox,divar,20000000,کارکرده,2026-09-02 19:56:48
apple_macbook,divar,1000000000,توافقی,2026-09-02 19:56:48
amd_rx_580,divar,8000000,کارکرده,2026-09-02 19:56:48
sony_ps5,divar,2500000,کارکرده,2026-09-02 19:56:48
apple_macbook_pro_m3,divar,89000000,در حد نو,2026-09-02 19:56:48
apple_macbook_pro_m1_pro,divar,216000000,در حد نو,2026-09-02 19:56:48
nvidia_rx_580,divar,785000000,کارکرده,2026-09-02 19:56:48
sony_ps5,divar,2500000,کارکرده,2026-09-02 19:56:48
sony_ps5,divar,100000,کارکرده,2026-09-02 19:56:48
apple_macbook_pro_m2,divar,185000000,در حد نو,2026-09-02 19:56:48
amd_rx_5700xt,divar,165000000,در حد نو,2026-09-02 19:56:48
amd_rx_580,divar,11700000,در حد نو,2026-09-02 19:56:48
microsoft_xbox,divar,1000,کارکرده,2026-09-02 19:56:48
sony_ps5,divar,2000000,کارکرده,2026-09-02 19:56:48
sony_ps5,divar,1000,کارکرده,2026-09-02 19:56:48
apple_macbook_pro,divar,177000000,در حد نو,2026-09-02 19:56:48
amd_rx_580,divar,15000000,کارکرده,2026-09-02 19:56:48
sony_ps4,divar,650000,کارکرده,2026-09-02 19:56:48
apple_macbook_air_2018,divar,57000000,در حد نو,2026-09-02 19:56:48
amd_rx_6800xt,divar,75500000,کارکرده,2026-09-02 19:56:48
amd_rx_580,divar,12000000,کارکرده,2026-09-02 19:56:48
sony_ps4,divar,650000,کارکرده,2026-09-02 19:56:48
lenovo_lenovo,divar,29000000,کارکرده,2026-09-02 19:56:48
apple_macbook_air,divar,12600000,کارکرده,2026-09-02 19:56:48
sony_ps5_slim,divar,10000,کارکرده,2026-09-02 19:56:48
lenovo_lenovo,divar,29000000,کارکرده,2026-09-02 19:56:48
sony_ps5,divar,90000000,کارکرده,2026-09-02 19:56:48
sony_ps5,divar,2000000,کارکرده,2026-09-02 19:56:48
apple_macbook,divar,2000000000,توافقی,2026-09-02 19:56:48
sony_ps5,divar,1500000,کارکرده,2026-09-02 19:56:48
sony_ps5,divar,100000000,کارکرده,2026-09-02 19:56:48
amd_rx_6800,divar,109000000,کارکرده,2026-09-02 19:56:48
sony_ps5,divar,150000,کارکرده,2026-09-02 19:56:48
sony_ps5,divar,40000000,در حد نو,2026-09-02 19:56:48
microsoft_xbox,divar,300000,کارکرده,2026-09-02 19:56:48
apple_macbook_pro_2012,divar,22000000,کارکرده,2026-09-02 19:56:48
sony_ps5,divar,7000000,در حد نو,2026-09-02 19:56:48
apple_macbook_pro,divar,125000000,در حد نو,2026-09-02 19:56:48
apple_macbook_air_m4,divar,195000000,در حد نو,2026-09-02 19:56:48
amd_rx_590,divar,17500000,در حد نو,2026-09-02 19:56:48
sony_ps5,divar,90000000,کارکرده,2026-09-02 19:56:48
amd_rx_5700xt,divar,165000000,در حد نو,2026-09-02 19:56:48
amd_rx_570,divar,8500000,در حد نو,2026-09-02 19:56:48
sony_ps5,divar,80000000,کارکرده,2026-09-02 19:56:48
amd_rx_580,divar,10500000,در حد نو,2026-09-02 19:56:48
amd_rx_590,divar,17500000,در حد نو,2026-09-02 19:56:48
sony_ps4,divar,68000000,در حد نو,2026-09-02 19:56:48
apple_1tb_pro_m4_13,divar,200000000,در حد نو,2026-09-02 19:56:48
apple_macbook_air_2020,divar,83000000,در حد نو,2026-09-02 19:56:48
amd_rx_580,divar,13000000,در حد نو,2026-09-02 19:56:48
sony_ps5,divar,70000,کارکرده,2026-09-02 19:56:48
sony_ps5,divar,750000,کارکرده,2026-09-02 19:56:48
other_11,esam,299000,دست دوم,2026-09-02 19:56:49
other_17,esam,269000,دست دوم,2026-09-02 19:56:49
other_j5_2016,esam,791000,دست دوم,2026-09-02 19:56:49
other_11,esam,251000,دست دوم,2026-09-02 19:56:49
dell_7275_dell_latitude,esam,3965000,دست دوم,2026-09-02 19:56:49
other_10,esam,1,دست دوم,2026-09-02 19:56:49
samsung_galaxy_z_flip,torob,4760000,نو,2026-09-02 19:56:50
other_256gb_phone_4a_5g,torob,170809020,نو,2026-09-02 19:56:50
lenovo_legion_7_1tb,torob,766760000,نو,2026-09-02 19:56:50
nvidia_rtx_4080,torob,310000000,نو,2026-09-02 19:56:50
other_sy03,digikala,9240000,نو,2026-09-02 20:02:51
other_ne19,digikala,8870000,نو,2026-09-02 20:02:51
other_025248,digikala,11880000,نو,2026-09-02 20:02:51
other_53_d5_ss051085000,digikala,129735000,نو,2026-09-02 20:02:51
hp_ahm_hp1400_anc,digikala,8083000,نو,2026-09-02 20:02:51
asus_rog_strix_ram48gb_512gb,digikala,565000000,نو,2026-09-02 20:02:51
hp_512gb,digikala,363990000,نو,2026-09-02 20:02:51
microsoft_13_surface_pro,digikala,482870000,نو,2026-09-02 20:02:51
hp_1tb_15_fd0154wm_15,digikala,157990000,نو,2026-09-02 20:02:51
lenovo_ideapad__custom_1tb,digikala,120000000,نو,2026-09-02 20:02:51
lenovo_ideapad__32gb,digikala,107000000,نو,2026-09-02 20:02:51
other_elements_usb_type,digikala,16100000,نو,2026-09-02 20:02:51
xiaomi_xiaomi,digikala,23520000,نو,2026-09-02 20:02:51
lenovo_512gb_15_v15_g5,digikala,170000000,نو,2026-09-02 20:02:51
asus_vivobook_15_custom_32gb,digikala,151990000,نو,2026-09-02 20:02:51
other_sh_sweat_pop,digikala,15856000,نو,2026-09-02 20:02:51
other_18_pc185i52b,digikala,69500000,نو,2026-09-02 20:02:51
other_41_hk10_mini,digikala,3600000,نو,2026-09-02 20:02:51
asus_rog_strix_custom_ram32gb_32gb,digikala,520000000,نو,2026-09-02 20:02:51
other_2tb_extreme_e61_usb,digikala,75950000,نو,2026-09-02 20:02:51
lenovo_rtx_4050_32gb,digikala,300000000,نو,2026-09-02 20:02:51
other_1tb_pcie_gen3_x2,digikala,21900000,نو,2026-09-02 20:02:51
hp_2tb_16_omnibook_flip,digikala,262000000,نو,2026-09-02 20:02:51
lenovo_rtx_4050_32gb,digikala,435000000,نو,2026-09-02 20:02:51
other_1tb_mq04abf100,digikala,12000000,نو,2026-09-02 20:02:51
other_512gb_pcie_gen4_x4,digikala,42000000,نو,2026-09-02 20:02:51
other_47_z13_ultra,digikala,6600000,نو,2026-09-02 20:02:51
other_mf_improve_shark,digikala,7214000,نو,2026-09-02 20:02:51
other_pl750d_atx3,digikala,15700000,نو,2026-09-02 20:02:51
samsung_galaxy_a56_256gb,digikala,118999000,نو,2026-09-02 20:02:51
hp_1tb_15_fd1310tu_15,digikala,170000000,نو,2026-09-02 20:02:51
intel_512gb_27_gt627_core,digikala,192500000,نو,2026-09-02 20:02:51
asus_tuf_gaming_custom_ram32gb_2tb,digikala,262000000,نو,2026-09-02 20:02:51
other_1069,digikala,4199000,نو,2026-09-02 20:02:51
asus_tuf_gaming_custom_ram32gb_2tb,digikala,307000000,نو,2026-09-02 20:02:51
samsung_galaxy_a17_128gb,digikala,53000000,نو,2026-09-02 20:02:51
other_ser_gaming_shrak,digikala,7332000,نو,2026-09-02 20:02:51
other_bs_great_tune,digikala,16989000,نو,2026-09-02 20:02:51
other_g600_4u,digikala,77484000,نو,2026-09-02 20:02:51
other_nrg_bass_pairing,digikala,8659000,نو,2026-09-02 20:02:51
samsung_galaxy,digikala,5700000,نو,2026-09-02 20:02:51
intel_wolfdale_e6600,digikala,786000,نو,2026-09-02 20:02:51
other_skt_35_bowie,digikala,8965200,نو,2026-09-02 20:02:51
asus_rog_strix_custom_ram48gb_4tb,digikala,611000000,نو,2026-09-02 20:02:51
samsung_galaxy,digikala,4290000,نو,2026-09-02 20:02:51
other_push_anc_active,digikala,24500000,نو,2026-09-02 20:02:51
other_combo,digikala,985000,نو,2026-09-02 20:02:51
lenovo_rtx_2050,digikala,171200000,نو,2026-09-02 20:02:51
nvidia_rtx_4050_64gb,digikala,345000000,نو,2026-09-02 20:02:51
other_gv_n710d5sl_2gl,digikala,20000000,نو,2026-09-02 20:02:51
other_1tb_ec700g_m371,digikala,31500000,نو,2026-09-02 20:02:51
other_ako_22,digikala,4700000,نو,2026-09-02 20:02:51
other_38_w1_square,digikala,7194600,نو,2026-09-02 20:02:51
xiaomi_xiaomi,digikala,26900000,نو,2026-09-02 20:02:51
other_pro,digikala,8000000,نو,2026-09-02 20:02:51
other_256gb_panther_256,digikala,5950000,نو,2026-09-02 20:02:51
other_tk702,digikala,2200000,نو,2026-09-02 20:02:51
other_bass_timing,digikala,6500000,نو,2026-09-02 20:02:51
samsung_galaxy,digikala,3205000,نو,2026-09-02 20:02:51
apple_iphone_11,divar,50000000,در حد نو,2026-09-02 20:02:55
samsung_galaxy_a16,divar,65000000,کارکرده,2026-09-02 20:02:55
apple_128gb_pro_2020_128,divar,98000000,در حد نو,2026-09-02 20:02:55
other_16,divar,220000000,در حد نو,2026-09-02 20:02:55
apple_iphone_16_512gb,divar,198900000,در حد نو,2026-09-02 20:02:55
other_2tb_pro_16,divar,269000000,در حد نو,2026-09-02 20:02:55
other_15_pro_max,divar,174000000,در حد نو,2026-09-02 20:02:55
samsung_galaxy_a07,divar,40000000,کارکرده,2026-09-02 20:02:55
apple_iphone_14promax,divar,90000000,کارکرده,2026-09-02 20:02:55
other_a53,divar,45000000,در حد نو,2026-09-02 20:02:55
apple_iphone_16_pro_max,divar,320000000,در حد نو,2026-09-02 20:02:55
amd_ryzen_7950x,divar,90000000,در حد نو,2026-09-02 20:02:55
apple_macbook_pro,divar,31000000,کارکرده,2026-09-02 20:02:55
samsung_galaxy_a31,divar,13000000,کارکرده,2026-09-02 20:02:55
other_64gb_a07_64,divar,33000000,نو (پلمپ/آکبند),2026-09-02 20:02:55
apple_macbook_pro_intel_2019_13inch,divar,89000000,در حد نو,2026-09-02 20:02:55
samsung_galaxy_a01,divar,8500000,در حد نو,2026-09-02 20:02:55
microsoft_xbox_one_s,divar,1000,کارکرده,2026-09-02 20:02:55
samsung_galaxy_a56,divar,91500000,نو (پلمپ/آکبند),2026-09-02 20:02:55
apple_macbook_pro,divar,100000,کارکرده,2026-09-02 20:02:55
apple_macbook_pro_2019,divar,110000000,در حد نو,2026-09-02 20:02:55
sony_ps5,divar,8800000,کارکرده,2026-09-02 20:02:55
apple_iphone_12_pro,divar,43000000,در حد نو,2026-09-02 20:02:55
amd_rx_470,divar,6200000,کارکرده,2026-09-02 20:02:55
sony_ps5,divar,50000,کارکرده,2026-09-02 20:02:55
apple_macbook_pro,divar,68800000,در حد نو,2026-09-02 20:02:55
amd_rx_470,divar,6200000,کارکرده,2026-09-02 20:02:55
sony_ps5,divar,400000,کارکرده,2026-09-02 20:02:55
sony_ps5,divar,7000000,در حد نو,2026-09-02 20:02:55
apple_macbook_air_m1,divar,99000000,در حد نو,2026-09-02 20:02:55
amd_rx_580,divar,10500000,در حد نو,2026-09-02 20:02:55
amd_rx_580,divar,9950000,در حد نو,2026-09-02 20:02:55
sony_ps5,divar,1300000,در حد نو,2026-09-02 20:02:55
apple_macbook_pro_2015,divar,38000000,در حد نو,2026-09-02 20:02:55
amd_rx_6800,divar,198000000,کارکرده,2026-09-02 20:02:55
amd_rx_580,divar,12500000,در حد نو,2026-09-02 20:02:55
sony_ps5,divar,1000000,کارکرده,2026-09-02 20:02:55
other_13_m4,divar,206000000,کارکرده,2026-09-02 20:02:55
apple_macbook,divar,1000000000,کارکرده,2026-09-02 20:02:55
apple_macbook_pro_m1_pro,divar,200000000,کارکرده,2026-09-02 20:02:55
amd_rx_580,divar,9950000,در حد نو,2026-09-02 20:02:55
sony_ps5,divar,100000,کارکرده,2026-09-02 20:02:55
amd_rx_580,divar,12500000,در حد نو,2026-09-02 20:02:55
sony_ps5,divar,1000,کارکرده,2026-09-02 20:02:55
apple_macbook_pro_2021,divar,210000000,در حد نو,2026-09-02 20:02:55
amd_rx_6900xt_16gb,divar,97000000,در حد نو,2026-09-02 20:02:55
sony_ps5,divar,350000,کارکرده,2026-09-02 20:02:55
amd_rx_5700xt,divar,165000000,در حد نو,2026-09-02 20:02:55
sony_ps5,divar,3000000,در حد نو,2026-09-02 20:02:55
sony_ps5,divar,1000,کارکرده,2026-09-02 20:02:55
apple_macbook,divar,30000000,در حد نو,2026-09-02 20:02:55
amd_rx_580,divar,15000000,کارکرده,2026-09-02 20:02:55
sony_ps5,divar,50000,کارکرده,2026-09-02 20:02:55
amd_rx_5700xt,divar,33500000,کارکرده,2026-09-02 20:02:55
microsoft_xbox,divar,20000000,کارکرده,2026-09-02 20:02:55
sony_ps5_slim,divar,10000,کارکرده,2026-09-02 20:02:55
apple_macbook_pro,divar,26000000,در حد نو,2026-09-02 20:02:55
apple_macbook,divar,99000000,در حد نو,2026-09-02 20:02:55
amd_rx_580,divar,8000000,کارکرده,2026-09-02 20:02:55
sony_ps5,divar,2500000,کارکرده,2026-09-02 20:02:55
asus_tuf_gaming,divar,13800000,در حد نو,2026-09-02 20:02:55
apple_macbook_pro,divar,26000000,در حد نو,2026-09-02 20:02:55
amd_rx_6800xt,divar,75500000,کارکرده,2026-09-02 20:02:55
sony_ps5_slim,divar,10000,کارکرده,2026-09-02 20:02:55
sony_ps5,divar,80000000,کارکرده,2026-09-02 20:02:55
sony_ps5_slim,divar,10000,کارکرده,2026-09-02 20:02:55
apple_macbook_air,divar,49000000,در حد نو,2026-09-02 20:02:55
apple_macbook_pro_m3_pro_14inch_512gb,divar,325000000,کارکرده,2026-09-02 20:02:55
sony_ps5,divar,50000,کارکرده,2026-09-02 20:02:55
apple_macbook_pro_m1_pro_14inch,divar,158000000,در حد نو,2026-09-02 20:02:55
apple_macbook_pro,divar,177000000,در حد نو,2026-09-02 20:02:55
amd_rx_580,divar,11500000,در حد نو,2026-09-02 20:02:55
apple_macbook_pro_m3,divar,89000000,در حد نو,2026-09-02 20:02:55
apple_macbook,divar,99000000,در حد نو,2026-09-02 20:02:55
amd_rx_580,divar,12000000,در حد نو,2026-09-02 20:02:55
sony_ps4,divar,68000000,در حد نو,2026-09-02 20:02:55
apple_macbook_air_2018,divar,57000000,در حد نو,2026-09-02 20:02:55
amd_rx_580,divar,12000000,کارکرده,2026-09-02 20:02:55
amd_rx_6700xt,divar,57000000,در حد نو,2026-09-02 20:02:55
sony_ps5,divar,50000,کارکرده,2026-09-02 20:02:55
apple_macbook_pro,divar,17900000,کارکرده,2026-09-02 20:02:55
apple_macbook,divar,450000000,در حد نو,2026-09-02 20:02:55
amd_rx_6900xt,divar,92000000,در حد نو,2026-09-02 20:02:55
sony_ps5,divar,10000,کارکرده,2026-09-02 20:02:55
asus_tuf_gaming,divar,13800000,در حد نو,2026-09-02 20:02:55
apple_macbook_pro,divar,17900000,کارکرده,2026-09-02 20:02:55
sony_ps5,divar,10000,کارکرده,2026-09-02 20:02:55
sony_ps5,divar,10000,کارکرده,2026-09-02 20:02:55
sony_ps5,divar,1500000,در حد نو,2026-09-02 20:02:55
apple_macbook_2019,divar,75000000,در حد نو,2026-09-02 20:02:55
apple_macbook_pro_2019_16inch,divar,90000000,کارکرده,2026-09-02 20:02:55
amd_rx_580,divar,11500000,در حد نو,2026-09-02 20:02:55
sony_ps5,divar,1000,کارکرده,2026-09-02 20:02:55
sony_ps5,divar,1000000,کارکرده,2026-09-02 20:02:55
apple_macbook_air_m4,divar,195000000,در حد نو,2026-09-02 20:02:55
amd_rx_5700xt,divar,33500000,کارکرده,2026-09-02 20:02:55
sony_ps5,divar,95000000,در حد نو,2026-09-02 20:02:55
sony_ps5,divar,95000000,در حد نو,2026-09-02 20:02:55
amd_rx_5700xt,divar,165000000,در حد نو,2026-09-02 20:02:55
sony_ps5,divar,95000000,در حد نو,2026-09-02 20:02:55
amd_rx_470,divar,8000000,کارکرده,2026-09-02 20:02:55
sony_ps5,divar,90000000,کارکرده,2026-09-02 20:02:55
apple_macbook,divar,450000000,در حد نو,2026-09-02 20:02:55
amd_rx_470,divar,8000000,کارکرده,2026-09-02 20:02:55
amd_rx_6600,divar,35900000,در حد نو,2026-09-02 20:02:55
sony_ps5_slim,divar,10000,کارکرده,2026-09-02 20:02:55
apple_macbook_pro_intel_2019_256gb,divar,86500000,در حد نو,2026-09-02 20:02:55
nvidia_rx_580,divar,785000000,کارکرده,2026-09-02 20:02:55
sony_ps5,divar,2000000,کارکرده,2026-09-02 20:02:55
apple_macbook_pro_2019,divar,99800000,کارکرده,2026-09-02 20:02:55
amd_rx_580,divar,54900000,در حد نو,2026-09-02 20:02:55
sony_ps5,divar,150000,کارکرده,2026-09-02 20:02:55
sony_ps5,divar,150000,کارکرده,2026-09-02 20:02:55
sony_ps5,divar,200000,کارکرده,2026-09-02 20:02:55
apple_macbook,divar,450000000,در حد نو,2026-09-02 20:02:55
amd_rx_6700xt,divar,57000000,در حد نو,2026-09-02 20:02:55
asus_rog_strix,divar,41500000,در حد نو,2026-09-02 20:02:55
sony_ps4,divar,35000000,در حد نو,2026-09-02 20:02:55
sony_ps5,divar,90000000,توافقی,2026-09-02 20:02:55
nvidia_rx_580,divar,785000000,کارکرده,2026-09-02 20:02:55
sony_ps5,divar,100000000,کارکرده,2026-09-02 20:02:55
apple_macbook_pro_m4_pro,divar,380000000,کارکرده,2026-09-02 20:02:55
apple_macbook_pro_2019,divar,160000000,در حد نو,2026-09-02 20:02:55
amd_rx_470,divar,6200000,کارکرده,2026-09-02 20:02:55
sony_ps5_slim,divar,10000,کارکرده,2026-09-02 20:02:55
sony_ps5_slim,divar,10000,کارکرده,2026-09-02 20:02:55
apple_ipad4,divar,8000000,کارکرده,2026-09-02 20:02:55
sony_ps5,divar,1000000,کارکرده,2026-09-02 20:02:55
apple_macbook_2018,divar,90000000,در حد نو,2026-09-02 20:02:55
hp_i7,esam,59000000,دست دوم,2026-09-02 20:02:57
sony_ps4,esam,3500000,دست دوم,2026-09-02 20:02:57
other_11,esam,780000,دست دوم,2026-09-02 20:02:57
lenovo_lenovo_g83_g7,esam,53000000,دست دوم,2026-09-02 20:02:57
other_12,esam,460000,دست دوم,2026-09-02 20:02:57
other_11,esam,780000,دست دوم,2026-09-02 20:02:57
other_11,esam,320000,دست دوم,2026-09-02 20:02:57
samsung_galaxy_z_fold,torob,188000,نو,2026-09-02 20:02:57
other_64gb_moto_e15_64,torob,39304000,نو,2026-09-02 20:02:57
asus_512gb_x1504va_8gb_ram,torob,101500000,نو,2026-09-02 20:02:57
nvidia_rtx_3050,torob,326000000,نو,2026-09-02 20:02:57
other_fsa_ear_t16,digikala,9980000,نو,2026-09-02 20:37:29
other_ddr3_1600_cl11,digikala,1570000,نو,2026-09-02 20:37:29
other_teron,digikala,172032000,نو,2026-09-02 20:37:29
samsung_galaxy,digikala,9700000,نو,2026-09-02 20:37:29
other_1tb_ds72_usb_gen2,digikala,35000000,نو,2026-09-02 20:37:29
samsung_galaxy,digikala,26590000,نو,2026-09-02 20:37:29
xiaomi_redmi_note_15_pro_512gb,digikala,115999000,نو,2026-09-02 20:37:29
asus_vivobook_15_custom_ram40gb_512gb,digikala,195000000,نو,2026-09-02 20:37:29
lenovo_1tb_14_v14_g5,digikala,161000000,نو,2026-09-02 20:37:29
apple_macbook_air_m4_512gb,digikala,302320000,نو,2026-09-02 20:37:29
asus_tuf_gaming_custom_ram48gb_512gb,digikala,384000000,نو,2026-09-02 20:37:29
sony_ps5_pro,digikala,305000000,نو,2026-09-02 20:37:29
other_exceria_plus_500,digikala,16000000,نو,2026-09-02 20:37:29
other_47_fenix_solar,digikala,278000000,نو,2026-09-02 20:37:29
other_128gb_l20_128,digikala,37000000,نو,2026-09-02 20:37:29
other_1tb_16_aspire_lite,digikala,118000000,نو,2026-09-02 20:37:29
other_1tb_27_ap272p_14m,digikala,338000000,نو,2026-09-02 20:37:29
other_1tb_sata_iii_nq100,digikala,24500000,نو,2026-09-02 20:37:29
lenovo_legion_5_custom_ram64gb_1tb,digikala,551000000,نو,2026-09-02 20:37:29
lenovo_ideapad__custom_1tb,digikala,157000000,نو,2026-09-02 20:37:29
samsung_galaxy_s11_ultra,digikala,52900000,نو,2026-09-02 20:37:29
other_hiwa_plus_h610m,digikala,97000000,نو,2026-09-02 20:37:29
other_ddr4_2400_cl11,digikala,19000000,نو,2026-09-02 20:37:29
lenovo_ideapad__256gb,digikala,98000000,نو,2026-09-02 20:37:29
samsung_galaxy,digikala,4620000,نو,2026-09-02 20:37:29
other_512gb_b5_512gb_512,digikala,12021050,نو,2026-09-02 20:37:29
other_1tb_s20_1t_usb,digikala,46000000,نو,2026-09-02 20:37:29
other_01_iw_7570,digikala,7550000,نو,2026-09-02 20:37:29
other_precog_studio,digikala,7999000,نو,2026-09-02 20:37:29
other_omega_socket,digikala,380000,نو,2026-09-02 20:37:29
lenovo_rtx_5050_40gb,digikala,357000000,نو,2026-09-02 20:37:29
hp_ram64gb_1tb,digikala,434850000,نو,2026-09-02 20:37:29
other_b860m_ds3h_rev,digikala,66000000,نو,2026-09-02 20:37:29
asus_512gb_15_expertbook_p1,digikala,121430000,نو,2026-09-02 20:37:29
lenovo_legion_5_1tb,digikala,381990000,نو,2026-09-02 20:37:29
asus_32gb,digikala,85200000,نو,2026-09-02 20:37:29
asus_256gb_15_expertbook_p1,digikala,129800000,نو,2026-09-02 20:37:29
other_sm21,digikala,3320000,نو,2026-09-02 20:37:29
other_ghn_bass_35,digikala,8368000,نو,2026-09-02 20:37:29
asus_vivobook_15_512gb,digikala,95990000,نو,2026-09-02 20:37:29
other_apy_signal_a710,digikala,6959000,نو,2026-09-02 20:37:29
sony_ps5_slim,digikala,157900000,نو,2026-09-02 20:37:29
asus_vivobook_14_custom_512gb,digikala,143000000,نو,2026-09-02 20:37:29
hp_512gb_23_hp_aio,digikala,272000000,نو,2026-09-02 20:37:29
hp_bs_pairing_hp,digikala,6985000,نو,2026-09-02 20:37:29
samsung_galaxy_64gb,digikala,36000000,نو,2026-09-02 20:37:29
razer_mercury,digikala,14500000,نو,2026-09-02 20:37:29
other_256gb_aspire_lite_al16,digikala,87500000,نو,2026-09-02 20:37:29
other_t93_ultra_max,digikala,3879000,نو,2026-09-02 20:37:29
sony_ps5_slim,digikala,147900000,نو,2026-09-02 20:37:29
lenovo_512gb_23_tc_neo,digikala,225000000,نو,2026-09-02 20:37:29
asus_rog,digikala,100000000,نو,2026-09-02 20:37:29
asus_vivobook_15_custom_2tb,digikala,169000000,نو,2026-09-02 20:37:29
other_gen3_2500e_500,digikala,13950000,نو,2026-09-02 20:37:29
other_h11_ultra2,digikala,3550000,نو,2026-09-02 20:37:29
other_watch_2019,digikala,6000000,نو,2026-09-02 20:37:29
other_hk_10_pro,digikala,9970000,نو,2026-09-02 20:37:29
other_naz_bowie_tws,digikala,6959000,نو,2026-09-02 20:37:29
other_ne71,digikala,11000000,نو,2026-09-02 20:37:29
other_sata_iii_plus,digikala,7300000,نو,2026-09-02 20:37:29
other_49_t20ultra2_ultra,digikala,3100000,نو,2026-09-02 20:37:29
xiaomi_xiaomi,digikala,3149000,نو,2026-09-02 20:37:29
apple_iphone_15_pro_max,divar,250000000,در حد نو,2026-09-02 20:37:33
other_a12,divar,20000000,کارکرده,2026-09-02 20:37:33
apple_iphone_13,divar,45000000,کارکرده,2026-09-02 20:37:33
apple_iphone_11_128gb,divar,64900000,کارکرده,2026-09-02 20:37:33
apple_macbook_air,divar,45000000,کارکرده,2026-09-02 20:37:33
other_mini,divar,15000000,کارکرده,2026-09-02 20:37:33
apple_iphone_16,divar,160000000,کارکرده,2026-09-02 20:37:33
apple_iphone_12_pro_max,divar,43000000,در حد نو,2026-09-02 20:37:33
samsung_g3_2016,divar,4500000,کارکرده,2026-09-02 20:37:33
apple_macbook_air_m2,divar,1000,کارکرده,2026-09-02 20:37:33
sony_ps5,divar,32500000,کارکرده,2026-09-02 20:37:33
other_512gb_s26_ultra_512gb,divar,211000000,کارکرده,2026-09-02 20:37:33
apple_macbook_pro_m3_pro,divar,310000000,در حد نو,2026-09-02 20:37:33
other_s25ultra,divar,175000000,کارکرده,2026-09-02 20:37:33
other_a7_2017,divar,2500000,در حد نو,2026-09-02 20:37:33
apple_macbook_pro_m3_pro_16inch,divar,375000000,در حد نو,2026-09-02 20:37:33
other_a23,divar,24000000,در حد نو,2026-09-02 20:37:33
microsoft_xbox_one_s,divar,1000,کارکرده,2026-09-02 20:37:33
other_s25,divar,239000000,در حد نو,2026-09-02 20:37:33
apple_macbook_pro,divar,345000000,کارکرده,2026-09-02 20:37:33
apple_iphone_17_pro_max_512gb,divar,290000000,در حد نو,2026-09-02 20:37:33
sony_ps5,divar,10000,کارکرده,2026-09-02 20:37:33
apple_iphone_15_pro_max,divar,159000000,نو (پلمپ/آکبند),2026-09-02 20:37:33
amd_rx_580,divar,10500000,در حد نو,2026-09-02 20:37:33
sony_ps5,divar,7000000,در حد نو,2026-09-02 20:37:33
apple_macbook_pro_m1_pro,divar,200000000,کارکرده,2026-09-02 20:37:33
amd_rx_6900xt_16gb,divar,97000000,در حد نو,2026-09-02 20:37:33
microsoft_xbox_one_s,divar,1000,کارکرده,2026-09-02 20:37:33
sony_ps5,divar,1000000,کارکرده,2026-09-02 20:37:33
apple_iphone,divar,2000000,کارکرده,2026-09-02 20:37:33
apple_macbook_pro_2021,divar,210000000,در حد نو,2026-09-02 20:37:33
amd_rx_580,divar,12500000,در حد نو,2026-09-02 20:37:33
sony_ps4,divar,40000000,کارکرده,2026-09-02 20:37:33
apple_macbook,divar,1000000,کارکرده,2026-09-02 20:37:33
amd_rx_6900xt_16gb,divar,97000000,در حد نو,2026-09-02 20:37:33
amd_rx_6700xt,divar,59000000,در حد نو,2026-09-02 20:37:33
sony_ps5,divar,150000,کارکرده,2026-09-02 20:37:33
apple_macbook_pro_2015,divar,38000000,در حد نو,2026-09-02 20:37:33
other_item_3ddb3713,divar,9800000,کارکرده,2026-09-02 20:37:33
amd_rx_6900xt,divar,101000000,در حد نو,2026-09-02 20:37:33
sony_ps5,divar,400000,کارکرده,2026-09-02 20:37:33
amd_rx_7900xt,divar,165000000,در حد نو,2026-09-02 20:37:33
sony_ps5,divar,1000,کارکرده,2026-09-02 20:37:33
apple_macbook,divar,1000000,کارکرده,2026-09-02 20:37:33
amd_rx_6900xt,divar,101000000,در حد نو,2026-09-02 20:37:33
sony_ps5,divar,100000,کارکرده,2026-09-02 20:37:33
amd_rx_7900xt,divar,165000000,در حد نو,2026-09-02 20:37:33
sony_ps5,divar,1000,کارکرده,2026-09-02 20:37:33
amd_rx_580,divar,12000000,در حد نو,2026-09-02 20:37:33
sony_ps5,divar,18000000,کارکرده,2026-09-02 20:37:33
apple_macbook_air_2019,divar,65000000,در حد نو,2026-09-02 20:37:33
amd_rx_6800,divar,75000000,در حد نو,2026-09-02 20:37:33
amd_rx_580,divar,12000000,در حد نو,2026-09-02 20:37:33
sony_ps5,divar,99000000,کارکرده,2026-09-02 20:37:33
apple_macbook,divar,30000000,در حد نو,2026-09-02 20:37:33
amd_rx_6800xt,divar,75500000,کارکرده,2026-09-02 20:37:33
sony_ps5,divar,1000,کارکرده,2026-09-02 20:37:33
sony_ps5,divar,1000,کارکرده,2026-09-02 20:37:33
apple_macbook_pro_m2,divar,180000000,در حد نو,2026-09-02 20:37:33
apple_macbook_pro_m3_pro_14inch_512gb,divar,325000000,کارکرده,2026-09-02 20:37:33
amd_rx_5700xt,divar,33500000,کارکرده,2026-09-02 20:37:33
sony_ps5,divar,98000000,در حد نو,2026-09-02 20:37:33
sony_ps5,divar,98000000,در حد نو,2026-09-02 20:37:33
apple_macbook_pro_m3,divar,89000000,در حد نو,2026-09-02 20:37:33
amd_rx_6800xt,divar,75500000,کارکرده,2026-09-02 20:37:33
sony_ps5,divar,100000,کارکرده,2026-09-02 20:37:33
sony_ps5,divar,888888888,کارکرده,2026-09-02 20:37:33
sony_ps5,divar,100000,کارکرده,2026-09-02 20:37:33
apple_macbook_pro_m2,divar,165000000,در حد نو,2026-09-02 20:37:33
apple_macbook_pro,divar,44800000,در حد نو,2026-09-02 20:37:33
sony_ps5,divar,1300000,کارکرده,2026-09-02 20:37:33
asus_tuf_gaming,divar,13800000,در حد نو,2026-09-02 20:37:33
apple_macbook_air_m4,divar,3900000,کارکرده,2026-09-02 20:37:33
amd_rx_6900xt,divar,86500000,در حد نو,2026-09-02 20:37:33
microsoft_xbox,divar,1000,کارکرده,2026-09-02 20:37:33
sony_ps5,divar,1000,کارکرده,2026-09-02 20:37:33
apple_macbook_pro_m3_pro_14inch_512gb,divar,325000000,کارکرده,2026-09-02 20:37:33
amd_rx_590,divar,16500000,در حد نو,2026-09-02 20:37:33
sony_ps5,divar,80000000,کارکرده,2026-09-02 20:37:33
sony_ps5,divar,1000,کارکرده,2026-09-02 20:37:33
apple_macbook,divar,99000000,در حد نو,2026-09-02 20:37:33
apple_macbook_pro,divar,17900000,کارکرده,2026-09-02 20:37:33
apple_macbook_pro,divar,17900000,کارکرده,2026-09-02 20:37:33
amd_rx_580,divar,15000000,کارکرده,2026-09-02 20:37:33
sony_ps5,divar,10000,کارکرده,2026-09-02 20:37:33
apple_macbook_air_m4,divar,3900000,کارکرده,2026-09-02 20:37:33
amd_rx_6700xt,divar,57000000,در حد نو,2026-09-02 20:37:33
sony_ps5,divar,98000000,در حد نو,2026-09-02 20:37:33
sony_ps5,divar,150000,کارکرده,2026-09-02 20:37:33
sony_ps5,divar,1000000,کارکرده,2026-09-02 20:37:33
apple_macbook_pro_m3,divar,230000000,کارکرده,2026-09-02 20:37:33
apple_macbook_air_m4,divar,3900000,کارکرده,2026-09-02 20:37:33
amd_rx_580,divar,54900000,در حد نو,2026-09-02 20:37:33
sony_ps5,divar,95000000,در حد نو,2026-09-02 20:37:33
apple_macbook_pro,divar,3350000,کارکرده,2026-09-02 20:37:33
amd_rx_580,divar,11700000,در حد نو,2026-09-02 20:37:33
sony_ps5,divar,50000000,کارکرده,2026-09-02 20:37:33
sony_ps5,divar,80000000,کارکرده,2026-09-02 20:37:33
amd_rx_580,divar,1000,در حد نو,2026-09-02 20:37:33
sony_ps5,divar,90000000,کارکرده,2026-09-02 20:37:33
apple_macbook_air_m1_256gb,divar,110700000,کارکرده,2026-09-02 20:37:33
nvidia_rx_580,divar,785000000,کارکرده,2026-09-02 20:37:33
microsoft_xbox,divar,300000,کارکرده,2026-09-02 20:37:33
lenovo_lenovo,divar,29000000,کارکرده,2026-09-02 20:37:33
nvidia_rx_580,divar,785000000,کارکرده,2026-09-02 20:37:33
sony_ps5,divar,2000000,کارکرده,2026-09-02 20:37:33
amd_rx_570,divar,8500000,در حد نو,2026-09-02 20:37:33
sony_ps5,divar,9900000,کارکرده,2026-09-02 20:37:33
apple_macbook,divar,1000000000,توافقی,2026-09-02 20:37:33
other_pro2,divar,600000,کارکرده,2026-09-02 20:37:33
amd_rx_5700xt,divar,165000000,در حد نو,2026-09-02 20:37:33
microsoft_xbox,divar,4000000,کارکرده,2026-09-02 20:37:33
sony_ps5,divar,7000000,در حد نو,2026-09-02 20:37:33
sony_ps5,divar,2000000,کارکرده,2026-09-02 20:37:33
apple_macbook_pro_m1_pro,divar,223000000,در حد نو,2026-09-02 20:37:33
sony_ps5,divar,2000000,کارکرده,2026-09-02 20:37:33
sony_ps5,divar,7000000,در حد نو,2026-09-02 20:37:33
apple_macbook_pro_2019,divar,99800000,کارکرده,2026-09-02 20:37:33
amd_rx_590,divar,17500000,در حد نو,2026-09-02 20:37:33
sony_ps5,divar,1500000,کارکرده,2026-09-02 20:37:33
sony_ps5,divar,1000,کارکرده,2026-09-02 20:37:33
sony_ps4,divar,68000000,در حد نو,2026-09-02 20:37:33
sony_ps5_slim,divar,10000,کارکرده,2026-09-02 20:37:33
microsoft_xbox_one_s,divar,1000,کارکرده,2026-09-02 20:37:33
apple_iphone,divar,2000000,کارکرده,2026-09-02 20:37:33
amd_rx_590,divar,17500000,در حد نو,2026-09-02 20:37:33
amd_rx_570,divar,8500000,در حد نو,2026-09-02 20:37:33
sony_ps5,divar,95000000,کارکرده,2026-09-02 20:37:33
other_15,esam,300000,دست دوم,2026-09-02 20:37:34
other_nokia_n8,esam,13500000,دست دوم,2026-09-02 20:37:34
other_12,esam,189650,دست دوم,2026-09-02 20:37:34
other_500,esam,4999000,دست دوم,2026-09-02 20:37:34
apple_iphone_7,torob,700000,نو,2026-09-02 20:37:35
xiaomi_poco_f6_pro_1tb,torob,148000000,نو,2026-09-02 20:37:35
apple_macbook_air_512gb,torob,285000000,نو,2026-09-02 20:37:35
lenovo_ideapad_1_256gb,torob,38700000,نو,2026-09-02 20:37:35
other_ultra_pro,digikala,1950000,نو,2026-09-02 21:08:22
other_erf_fashion_bass,digikala,6978790,نو,2026-09-02 21:08:22
samsung_galaxy_a11,digikala,13775000,نو,2026-09-02 21:08:22
apple_256gb_11_ipad_2025,digikala,135147420,نو,2026-09-02 21:08:22
other_band_11,digikala,14500000,نو,2026-09-02 21:08:22
amd_rx_9060xt,digikala,468300000,نو,2026-09-02 21:08:22
lenovo_ideapad__custom_1tb,digikala,127999000,نو,2026-09-02 21:08:22
asus_rog_strix_custom_ram44gb_512gb,digikala,479000000,نو,2026-09-02 21:08:22
asus_14_vivobook_s14,digikala,313000000,نو,2026-09-02 21:08:22
xiaomi_xiaomi,digikala,18900000,نو,2026-09-02 21:08:22
asus_tuf_gaming_512gb,digikala,253000000,نو,2026-09-02 21:08:22
other_1tb_pcie_gen4_x4,digikala,38500000,نو,2026-09-02 21:08:22
other_live_670nc,digikala,22500000,نو,2026-09-02 21:08:22
lenovo_rtx_5050_16gb,digikala,304000000,نو,2026-09-02 21:08:22
asus_vivobook_16_32gb,digikala,183000000,نو,2026-09-02 21:08:22
other_02_hk_11,digikala,5540000,نو,2026-09-02 21:08:22
glx_32gb_c100_32,digikala,4699000,نو,2026-09-02 21:08:22
nvidia_rtx_5050_16gb,digikala,264900000,نو,2026-09-02 21:08:22
other_sesh_anc_active,digikala,27500000,نو,2026-09-02 21:08:22
other_105_2023,digikala,3099000,نو,2026-09-02 21:08:22
other_32gb_v5_pro_32,digikala,4699000,نو,2026-09-02 21:08:22
other_2242,digikala,27000000,نو,2026-09-02 21:08:22
lenovo_32gb_15_v15_g4,digikala,128000000,نو,2026-09-02 21:08:22
lenovo_legion__custom_ram48gb_2tb,digikala,557000000,نو,2026-09-02 21:08:22
nvidia_gtx_1660ti,digikala,32000000,نو,2026-09-02 21:08:22
intel_core_i7_12700kf,digikala,61790000,نو,2026-09-02 21:08:22
other_as340x_960,digikala,21100000,نو,2026-09-02 21:08:22
other_18tb_exos_x18_st18000nm000j,digikala,218000000,نو,2026-09-02 21:08:22
other_emd_optima_best,digikala,14519000,نو,2026-09-02 21:08:22
other_soundcore_sport_x10,digikala,15790000,نو,2026-09-02 21:08:22
intel_core_e2140,digikala,248000,نو,2026-09-02 21:08:22
asus_rog_strix_512gb,digikala,493000000,نو,2026-09-02 21:08:22
samsung_128gb_ddr3l_pc3l_12800,digikala,1850000,نو,2026-09-02 21:08:22
asus_tuf_gaming_custom_512gb,digikala,190000000,نو,2026-09-02 21:08:22
other_5g_5g01_wi,digikala,22000000,نو,2026-09-02 21:08:22
asus_vivobook_16_custom_ram48gb_1tb,digikala,212000000,نو,2026-09-02 21:08:22
asus_zenbook_14_custom_2tb,digikala,319000000,نو,2026-09-02 21:08:22
apple_macbook_pro_2026_1tb,digikala,590800000,نو,2026-09-02 21:08:22
other_44_shf_smart,digikala,19900000,نو,2026-09-02 21:08:22
other_plus_ak_multipoint,digikala,9942000,نو,2026-09-02 21:08:22
nvidia_rtx_3050_16gb,digikala,165999000,نو,2026-09-02 21:08:22
other_eagle,digikala,7980000,نو,2026-09-02 21:08:22
samsung_galaxy_s10,digikala,3900000,نو,2026-09-02 21:08:22
lenovo_rtx_3050,digikala,197900000,نو,2026-09-02 21:08:22
other_plus_moj_neckband,digikala,8520000,نو,2026-09-02 21:08:22
lenovo_ideapad__512gb,digikala,138700000,نو,2026-09-02 21:08:22
samsung_galaxy_a26_256gb,digikala,75999000,نو,2026-09-02 21:08:22
other_zz_custom_bowie,digikala,6852000,نو,2026-09-02 21:08:22
other_hyperx_headset_cloud,digikala,17850000,نو,2026-09-02 21:08:22
asus_1tb_pb63_core_i7,digikala,290000000,نو,2026-09-02 21:08:22
lenovo_1tb_14_v14_g4,digikala,129000000,نو,2026-09-02 21:08:22
nvidia_rtx_4050_40gb,digikala,284000000,نو,2026-09-02 21:08:22
other_1tb_ssd_esd310c,digikala,28500000,نو,2026-09-02 21:08:22
other_62_m56,digikala,4650000,نو,2026-09-02 21:08:22
other_ws10_6max,digikala,7190000,نو,2026-09-02 21:08:22
xiaomi_xiaomi,digikala,26900000,نو,2026-09-02 21:08:22
other_dhp_hamovizice9,digikala,8100000,نو,2026-09-02 21:08:22
other_128gb_km128gsiv32_128,digikala,6000000,نو,2026-09-02 21:08:22
other_46_x56_max,digikala,2250000,نو,2026-09-02 21:08:22
xiaomi_redmi_5t,digikala,6515000,نو,2026-09-02 21:08:22
samsung_galaxy,digikala,3216700,نو,2026-09-02 21:08:22
samsung_128gb_samsung_a05s_128g,divar,28000000,در حد نو,2026-09-02 21:08:26
apple_iphone_17,divar,295000000,کارکرده,2026-09-02 21:08:26
other_s23_fe,divar,79500000,کارکرده,2026-09-02 21:08:26
other_item_841e8375,divar,30000000,در حد نو,2026-09-02 21:08:26
amd_rx_580,divar,12000000,کارکرده,2026-09-02 21:08:26
sony_ps5,divar,350000,کارکرده,2026-09-02 21:08:26
apple_iphone_8_plus,divar,22000000,در حد نو,2026-09-02 21:08:26
other_206,divar,12000000,در حد نو,2026-09-02 21:08:26
sony_ps5,divar,1500000,کارکرده,2026-09-02 21:08:26
apple_16promax_za,divar,199000000,در حد نو,2026-09-02 21:08:26
apple_iphone_15_pro_max,divar,180000000,در حد نو,2026-09-02 21:08:26
apple_iphone_14_pro_max,divar,173000000,کارکرده,2026-09-02 21:08:26
sony_ps5,divar,1800000,کارکرده,2026-09-02 21:08:26
amd_rx_580,divar,15000000,کارکرده,2026-09-02 21:08:26
amd_rx_580,divar,11000000,در حد نو,2026-09-02 21:08:26
apple_ipad_10_10,divar,58000000,در حد نو,2026-09-02 21:08:26
other_s20_plus,divar,15000000,کارکرده,2026-09-02 21:08:26
apple_macbook_pro,divar,3500000,کارکرده,2026-09-02 21:08:26
apple_iphone_8_64gb,divar,18500000,کارکرده,2026-09-02 21:08:26
samsung_galaxy_a57_128gb,divar,97000000,نو (پلمپ/آکبند),2026-09-02 21:08:26
apple_macbook_pro_2021,divar,200000000,در حد نو,2026-09-02 21:08:26
sony_ps5,divar,2000000,کارکرده,2026-09-02 21:08:26
amd_rx_7900xt,divar,165000000,در حد نو,2026-09-02 21:08:26
sony_ps5,divar,100000,کارکرده,2026-09-02 21:08:26
sony_ps5,divar,1000,کارکرده,2026-09-02 21:08:26
amd_rx_5700xt,divar,128000000,در حد نو,2026-09-02 21:08:26
sony_ps5,divar,150000,کارکرده,2026-09-02 21:08:26
amd_rx_5700xt,divar,41000000,کارکرده,2026-09-02 21:08:26
sony_ps5,divar,100000,کارکرده,2026-09-02 21:08:26
apple_macbook_pro,divar,12000000,کارکرده,2026-09-02 21:08:26
apple_macbook,divar,1000000,کارکرده,2026-09-02 21:08:26
amd_rx_580,divar,10000000,کارکرده,2026-09-02 21:08:26
sony_ps5,divar,10000,کارکرده,2026-09-02 21:08:26
sony_ps5_pro,divar,49000000,در حد نو,2026-09-02 21:08:26
apple_512gb_ipad_pro_m4,divar,200000000,در حد نو,2026-09-02 21:08:26
apple_macbook_air_m1,divar,99000000,در حد نو,2026-09-02 21:08:26
amd_rx_6700xt,divar,59000000,در حد نو,2026-09-02 21:08:26
sony_ps5_pro,divar,49000000,در حد نو,2026-09-02 21:08:26
sony_ps5,divar,1300000,در حد نو,2026-09-02 21:08:26
amd_rx_6800,divar,180000000,کارکرده,2026-09-02 21:08:26
sony_ps5,divar,1000,کارکرده,2026-09-02 21:08:26
apple_macbook_pro,divar,68800000,در حد نو,2026-09-02 21:08:26
amd_rx_470,divar,6200000,کارکرده,2026-09-02 21:08:26
sony_ps5,divar,100000,کارکرده,2026-09-02 21:08:26
sony_ps5,divar,400000,کارکرده,2026-09-02 21:08:26
sony_ps5,divar,350000,کارکرده,2026-09-02 21:08:26
sony_ps5,divar,100000000,کارکرده,2026-09-02 21:08:26
amd_rx_580,divar,15000000,کارکرده,2026-09-02 21:08:26
sony_ps5_slim,divar,10000,کارکرده,2026-09-02 21:08:26
amd_rx_7900xt,divar,160000000,در حد نو,2026-09-02 21:08:26
sony_ps5,divar,50000,کارکرده,2026-09-02 21:08:26
amd_rx_6800,divar,75000000,در حد نو,2026-09-02 21:08:26
amd_rx_580,divar,12000000,کارکرده,2026-09-02 21:08:26
sony_ps5,divar,2500000,کارکرده,2026-09-02 21:08:26
sony_ps5,divar,99000000,کارکرده,2026-09-02 21:08:26
apple_macbook_air,divar,49000000,در حد نو,2026-09-02 21:08:26
sony_ps5,divar,2500000,کارکرده,2026-09-02 21:08:26
apple_macbook_air,divar,49000000,در حد نو,2026-09-02 21:08:26
amd_rx_580,divar,12000000,در حد نو,2026-09-02 21:08:26
amd_rx_7900xt,divar,160000000,در حد نو,2026-09-02 21:08:26
sony_ps5,divar,98000000,در حد نو,2026-09-02 21:08:26
sony_ps5,divar,100000,کارکرده,2026-09-02 21:08:26
apple_macbook_air_2013,divar,10000000,کارکرده,2026-09-02 21:08:26
amd_rx_580,divar,10500000,در حد نو,2026-09-02 21:08:26
amd_rx_6900xt,divar,92000000,در حد نو,2026-09-02 21:08:26
sony_ps5,divar,1000,کارکرده,2026-09-02 21:08:26
apple_macbook_air_2018,divar,57000000,در حد نو,2026-09-02 21:08:26
sony_ps5,divar,2500000,کارکرده,2026-09-02 21:08:26
apple_macbook,divar,30000000,در حد نو,2026-09-02 21:08:26
amd_rx_5700xt,divar,165000000,در حد نو,2026-09-02 21:08:26
microsoft_xbox,divar,20000000,کارکرده,2026-09-02 21:08:26
amd_rx_6900xt,divar,92000000,در حد نو,2026-09-02 21:08:26
sony_ps5,divar,888888888,کارکرده,2026-09-02 21:08:26
sony_ps4,divar,40000000,کارکرده,2026-09-02 21:08:26
apple_iphone,divar,2000000,کارکرده,2026-09-02 21:08:26
apple_macbook,divar,99000000,در حد نو,2026-09-02 21:08:26
amd_rx_580,divar,12000000,کارکرده,2026-09-02 21:08:26
sony_ps5,divar,98000000,در حد نو,2026-09-02 21:08:26
apple_macbook_air_m4,divar,3900000,کارکرده,2026-09-02 21:08:26
amd_rx_580,divar,12000000,در حد نو,2026-09-02 21:08:26
amd_rx_5700xt,divar,33500000,کارکرده,2026-09-02 21:08:26
sony_ps5,divar,1500000,کارکرده,2026-09-02 21:08:26
amd_rx_5700xt,divar,33500000,کارکرده,2026-09-02 21:08:26
sony_ps5,divar,90000000,کارکرده,2026-09-02 21:08:26
apple_macbook_pro_m3_pro_14inch_512gb,divar,325000000,کارکرده,2026-09-02 21:08:26
amd_rx_580,divar,11700000,در حد نو,2026-09-02 21:08:26
amd_rx_6900xt,divar,92000000,در حد نو,2026-09-02 21:08:26
sony_ps5,divar,9800000,کارکرده,2026-09-02 21:08:26
sony_ps4,divar,650000,کارکرده,2026-09-02 21:08:26
amd_rx_5700xt,divar,165000000,در حد نو,2026-09-02 21:08:26
sony_ps5,divar,9900000,کارکرده,2026-09-02 21:08:26
apple_macbook_air,divar,115000000,در حد نو,2026-09-02 21:08:26
apple_macbook_pro_m2,divar,180000000,در حد نو,2026-09-02 21:08:26
microsoft_xbox,divar,300000,کارکرده,2026-09-02 21:08:26
apple_macbook_air_m1_256gb,divar,110700000,کارکرده,2026-09-02 21:08:26
other_mac_book_pro,divar,420000000,در حد نو,2026-09-02 21:08:26
amd_rx_580,divar,10500000,در حد نو,2026-09-02 21:08:26
sony_ps5,divar,10000,کارکرده,2026-09-02 21:08:26
sony_ps5,divar,10000,کارکرده,2026-09-02 21:08:26
apple_macbook_pro_m1_pro,divar,135500000,در حد نو,2026-09-02 21:08:26
other_i5_12400f,divar,83900000,در حد نو,2026-09-02 21:08:26
sony_ps5,divar,1500000,کارکرده,2026-09-02 21:08:26
sony_ps5,divar,90000000,کارکرده,2026-09-02 21:08:26
apple_macbook,divar,2000000000,توافقی,2026-09-02 21:08:26
amd_rx_580,divar,1000,در حد نو,2026-09-02 21:08:26
amd_rx_470,divar,8000000,کارکرده,2026-09-02 21:08:26
sony_ps5,divar,50000000,کارکرده,2026-09-02 21:08:26
sony_ps5,divar,98000000,کارکرده,2026-09-02 21:08:26
sony_ps5,divar,10000,کارکرده,2026-09-02 21:08:26
apple_macbook_air,divar,115000000,در حد نو,2026-09-02 21:08:26
apple_macbook_pro_2012,divar,22000000,کارکرده,2026-09-02 21:08:26
amd_rx_470,divar,6200000,کارکرده,2026-09-02 21:08:26
sony_ps5,divar,300000,کارکرده,2026-09-02 21:08:26
apple_macbook_pro,divar,35000000,در حد نو,2026-09-02 21:08:26
amd_rx_580,divar,13000000,در حد نو,2026-09-02 21:08:26
sony_ps4,divar,100000,کارکرده,2026-09-02 21:08:26
amd_rx_5700xt,divar,35500000,در حد نو,2026-09-02 21:08:26
sony_ps4,divar,68000000,در حد نو,2026-09-02 21:08:26
apple_macbook_air_2012,divar,6000000,کارکرده,2026-09-02 21:08:26
apple_macbook_pro_m4_pro,divar,380000000,کارکرده,2026-09-02 21:08:26
sony_ps5,divar,700000,کارکرده,2026-09-02 21:08:26
sony_sony_z600,esam,9000000,دست دوم,2026-09-02 21:08:27
other_100,esam,99000,دست دوم,2026-09-02 21:08:27
samsung_512gb_trifold_5g_512,torob,680000000,نو,2026-09-02 21:08:28
apple_macbook_pro_m3_pro,torob,370000000,نو,2026-09-02 21:08:28
lenovo_legion__1tb,torob,627080000,نو,2026-09-02 21:08:28
other_46_ok5,digikala,3389000,نو,2026-09-02 21:21:07
other_32gb_ddr4_3200_signature,digikala,18155900,نو,2026-09-02 21:21:07
other_mmd_crystal_clear,digikala,3512610,نو,2026-09-02 21:21:07
other_go_10_gen2,digikala,119310000,نو,2026-09-02 21:21:07
other_my_passport_usb,digikala,22500000,نو,2026-09-02 21:21:07
other_amazfit_up,digikala,13730000,نو,2026-09-02 21:21:07
xiaomi_redmi_13x_256gb,digikala,73500000,نو,2026-09-02 21:21:07
asus_vivobook_15_custom,digikala,165990000,نو,2026-09-02 21:21:07
lenovo_1tb_15_v15_g4,digikala,149000000,نو,2026-09-02 21:21:07
hp_32gb_15_250r_g10,digikala,113600000,نو,2026-09-02 21:21:07
hp_rtx_4050_32gb,digikala,380000000,نو,2026-09-02 21:21:07
other_ddr5_4800_cl40,digikala,48000000,نو,2026-09-02 21:21:07
other_elements_usb_type,digikala,16100000,نو,2026-09-02 21:21:07
other_soundcore_p40i_anc,digikala,7419000,نو,2026-09-02 21:21:07
samsung_galaxy_a07_128gb,digikala,61000000,نو,2026-09-02 21:21:07
hp_32gb_15_fd1134nia_15,digikala,123300000,نو,2026-09-02 21:21:07
other_32gb_ddr4_16_3200,digikala,18600000,نو,2026-09-02 21:21:07
xiaomi_xiaomi,digikala,11000000,نو,2026-09-02 21:21:07
other_gs,digikala,7000000,نو,2026-09-02 21:21:07
other_sa_tw_p10,digikala,9600000,نو,2026-09-02 21:21:07
hp_1tb_15_g9_250,digikala,87500000,نو,2026-09-02 21:21:07
other_griffin_g8,digikala,25450000,نو,2026-09-02 21:21:07
other_1tb_mq04abf100,digikala,10500000,نو,2026-09-02 21:21:07
intel_9100f,digikala,820000,نو,2026-09-02 21:21:07
other_ddr4_2400_cl15,digikala,10300000,نو,2026-09-02 21:21:07
asus_vivobook_15_custom_32gb,digikala,148000000,نو,2026-09-02 21:21:07
other_32gb_15_aspire_go,digikala,85000000,نو,2026-09-02 21:21:07
other_1tb_pcie_gen4_x4,digikala,68500000,نو,2026-09-02 21:21:07
other_95_sw08,digikala,9200000,نو,2026-09-02 21:21:07
other_mf_incredible_mz,digikala,8965000,نو,2026-09-02 21:21:07
other_hyper_411_nano,digikala,5700000,نو,2026-09-02 21:21:07
asus_custom,digikala,135000000,نو,2026-09-02 21:21:07
other_750_gp_ud750gm,digikala,21000000,نو,2026-09-02 21:21:07
lenovo_512gb_15_v15_g4,digikala,121000000,نو,2026-09-02 21:21:07
hp_custom_1tb,digikala,299000000,نو,2026-09-02 21:21:07
asus_vivobook_15_custom_1tb,digikala,141000000,نو,2026-09-02 21:21:07
asus_512gb_15_expertbook_b1,digikala,158000000,نو,2026-09-02 21:21:07
other_49_12_plus,digikala,8400000,نو,2026-09-02 21:21:07
other_srz_balanced_bowie,digikala,8965000,نو,2026-09-02 21:21:07
asus_vivobook_15_custom_ram40gb_1tb,digikala,168990000,نو,2026-09-02 21:21:07
other_apy_great_shark,digikala,7432000,نو,2026-09-02 21:21:07
asus_vivobook_15_custom_1tb,digikala,124000000,نو,2026-09-02 21:21:07
nvidia_rtx_4050_24gb,digikala,235000000,نو,2026-09-02 21:21:07
microsoft_1tb_13_surface_pro,digikala,536000000,نو,2026-09-02 21:21:07
other_jnb_specially_a710,digikala,7385000,نو,2026-09-02 21:21:07
other_512gb_15_aspire_go,digikala,90500000,نو,2026-09-02 21:21:07
other_bgh_optimizer_34,digikala,3600000,نو,2026-09-02 21:21:07
other_diamond_white_gaming,digikala,161500000,نو,2026-09-02 21:21:07
other_hiwa_plus_h610m,digikala,88000000,نو,2026-09-02 21:21:07
intel_core_i3_12300t,digikala,29990000,نو,2026-09-02 21:21:07
asus_rog_strix_1tb,digikala,364000000,نو,2026-09-02 21:21:07
samsung_galaxy_s10_plus,digikala,3800000,نو,2026-09-02 21:21:07
other_hs_ssd_c100,digikala,15900000,نو,2026-09-02 21:21:07
other_ultra3,digikala,4000000,نو,2026-09-02 21:21:07
other_49_plus_seven,digikala,6600000,نو,2026-09-02 21:21:07
other_kieslect_calling_watch,digikala,12375000,نو,2026-09-02 21:21:07
other_tn_ows,digikala,7344000,نو,2026-09-02 21:21:07
other_41_x29_mini,digikala,1980000,نو,2026-09-02 21:21:07
amd_rx_580,divar,14500000,در حد نو,2026-09-02 21:21:11
other_a07,divar,36500000,در حد نو,2026-09-02 21:21:11
amd_rx_6600xt,divar,58000000,نو (پلمپ/آکبند),2026-09-02 21:21:11
samsung_galaxy_s22,divar,109500000,در حد نو,2026-09-02 21:21:11
samsung_17,divar,61000000,کارکرده,2026-09-02 21:21:11
apple_macbook_pro,divar,12300000,در حد نو,2026-09-02 21:21:11
other_anker_r50i_qcy,divar,1850000,کارکرده,2026-09-02 21:21:11
apple_iphone_8,divar,22000000,در حد نو,2026-09-02 21:21:11
sony_ps5,divar,600000,کارکرده,2026-09-02 21:21:11
other_a01,divar,4600000,کارکرده,2026-09-02 21:21:11
apple_iphone_13_pro_max_256gb,divar,165000000,در حد نو,2026-09-02 21:21:11
apple_iphone,divar,172000000,در حد نو,2026-09-02 21:21:11
apple_iphone_x_256gb,divar,22000000,کارکرده,2026-09-02 21:21:11
apple_macbook_pro_m2_512gb,divar,179800000,در حد نو,2026-09-02 21:21:11
microsoft_xbox,divar,1800000,کارکرده,2026-09-02 21:21:11
other_s23ultra,divar,138000000,کارکرده,2026-09-02 21:21:11
intel_cpu_intel_pentium,divar,300000,کارکرده,2026-09-02 21:21:11
apple_iphone_13_128gb,divar,45000000,کارکرده,2026-09-02 21:21:11
samsung_galaxy_a07,divar,32000000,کارکرده,2026-09-02 21:21:11
apple_iphone_17_pro_max,divar,266000000,در حد نو,2026-09-02 21:21:11
sony_ps5,divar,850000,کارکرده,2026-09-02 21:21:11
apple_iphone_17_promax,divar,254000000,کارکرده,2026-09-02 21:21:11
amd_rx_6700xt,divar,57000000,کارکرده,2026-09-02 21:21:11
xiaomi_xiaomi,divar,7000000,کارکرده,2026-09-02 21:21:11
sony_ps5_slim,divar,10000,کارکرده,2026-09-02 21:21:11
apple_macbook,divar,1000000000,کارکرده,2026-09-02 21:21:11
amd_rx_580,divar,10500000,در حد نو,2026-09-02 21:21:11
sony_ps5,divar,100000,کارکرده,2026-09-02 21:21:11
apple_macbook,divar,1000000000,کارکرده,2026-09-02 21:21:11
samsung_level_u2_eo,divar,10800000,کارکرده,2026-09-02 21:21:11
sony_ps5,divar,100000,کارکرده,2026-09-02 21:21:11
samsung_level_u2_eo,divar,10800000,کارکرده,2026-09-02 21:21:11
sony_ps5,divar,900000,کارکرده,2026-09-02 21:21:11
apple_macbook_pro,divar,12000000,کارکرده,2026-09-02 21:21:11
apple_macbook_air_m4,divar,215000000,در حد نو,2026-09-02 21:21:11
amd_rx_580,divar,9950000,در حد نو,2026-09-02 21:21:11
sony_ps5,divar,10000,کارکرده,2026-09-02 21:21:11
amd_rx_6900xt_16gb,divar,97000000,در حد نو,2026-09-02 21:21:11
sony_ps5_pro,divar,49000000,در حد نو,2026-09-02 21:21:11
sony_ps5,divar,10000,کارکرده,2026-09-02 21:21:11
amd_rx_580,divar,12500000,در حد نو,2026-09-02 21:21:11
sony_ps5,divar,2000000,کارکرده,2026-09-02 21:21:11
sony_ps5,divar,100000000,کارکرده,2026-09-02 21:21:11
amd_rx_580,divar,15000000,کارکرده,2026-09-02 21:21:11
sony_ps5,divar,50000,کارکرده,2026-09-02 21:21:11
sony_ps5,divar,90000000,کارکرده,2026-09-02 21:21:11
apple_pro,divar,1250000,کارکرده,2026-09-02 21:21:11
amd_rx_590,divar,16500000,در حد نو,2026-09-02 21:21:11
sony_ps5,divar,1000,کارکرده,2026-09-02 21:21:11
apple_macbook_pro_m1_pro,divar,216000000,در حد نو,2026-09-02 21:21:11
amd_rx_6900xt,divar,86500000,در حد نو,2026-09-02 21:21:11
sony_ps5,divar,1000,کارکرده,2026-09-02 21:21:11
sony_ps5,divar,1000,کارکرده,2026-09-02 21:21:11
sony_ps5,divar,2500000,کارکرده,2026-09-02 21:21:11
apple_macbook_pro,divar,177000000,در حد نو,2026-09-02 21:21:11
sony_ps5,divar,150000,کارکرده,2026-09-02 21:21:11
sony_ps5,divar,100000,کارکرده,2026-09-02 21:21:11
apple_macbook_pro,divar,44800000,در حد نو,2026-09-02 21:21:11
amd_rx_580,divar,11700000,در حد نو,2026-09-02 21:21:11
sony_ps5,divar,50000,کارکرده,2026-09-02 21:21:11
sony_ps5,divar,1000,کارکرده,2026-09-02 21:21:11
sony_ps5,divar,1000,کارکرده,2026-09-02 21:21:11
apple_macbook_pro_m2,divar,180000000,در حد نو,2026-09-02 21:21:11
apple_macbook_air_2019,divar,65000000,در حد نو,2026-09-02 21:21:11
amd_rx_6900xt,divar,92000000,در حد نو,2026-09-02 21:21:11
sony_ps5,divar,1000,کارکرده,2026-09-02 21:21:11
sony_ps5,divar,888888888,کارکرده,2026-09-02 21:21:11
apple_macbook_pro_m3_pro_14inch_512gb,divar,325000000,کارکرده,2026-09-02 21:21:11
amd_rx_590,divar,16500000,در حد نو,2026-09-02 21:21:11
sony_ps5,divar,100000,کارکرده,2026-09-02 21:21:11
sony_ps5,divar,100000000,کارکرده,2026-09-02 21:21:11
apple_macbook_pro_m1_pro,divar,216000000,در حد نو,2026-09-02 21:21:11
sony_ps5,divar,10000,کارکرده,2026-09-02 21:21:11
sony_ps5,divar,150000,کارکرده,2026-09-02 21:21:11
apple_macbook_air_2019,divar,65000000,در حد نو,2026-09-02 21:21:11
sony_ps5,divar,10000,کارکرده,2026-09-02 21:21:11
asus_tuf_gaming,divar,13800000,در حد نو,2026-09-02 21:21:11
apple_macbook_pro,divar,177000000,در حد نو,2026-09-02 21:21:11
amd_rx_6900xt,divar,92000000,در حد نو,2026-09-02 21:21:11
sony_ps5,divar,10000,کارکرده,2026-09-02 21:21:11
sony_ps5,divar,98000000,کارکرده,2026-09-02 21:21:11
apple_macbook_air_m1,divar,96700000,کارکرده,2026-09-02 21:21:11
sony_ps5,divar,98000000,در حد نو,2026-09-02 21:21:11
sony_ps5,divar,98000000,در حد نو,2026-09-02 21:21:11
sony_ps5,divar,1000000,کارکرده,2026-09-02 21:21:11
sony_ps5,divar,150000,کارکرده,2026-09-02 21:21:11
apple_macbook_air_2018,divar,57000000,در حد نو,2026-09-02 21:21:11
amd_rx_6700xt,divar,57000000,در حد نو,2026-09-02 21:21:11
sony_ps5,divar,20000000,کارکرده,2026-09-02 21:21:11
sony_ps5,divar,98000000,در حد نو,2026-09-02 21:21:11
apple_macbook_air_m4,divar,195000000,در حد نو,2026-09-02 21:21:11
amd_rx_580,divar,79000000,در حد نو,2026-09-02 21:21:11
sony_ps5,divar,90000000,کارکرده,2026-09-02 21:21:11
sony_ps5,divar,90000000,کارکرده,2026-09-02 21:21:11
apple_macbook_pro,divar,35000000,کارکرده,2026-09-02 21:21:11
apple_macbook_pro,divar,35000000,کارکرده,2026-09-02 21:21:11
sony_ps5,divar,500000,کارکرده,2026-09-02 21:21:11
apple_macbook_pro_2019,divar,99800000,کارکرده,2026-09-02 21:21:11
apple_macbook_pro,divar,35000000,کارکرده,2026-09-02 21:21:11
amd_rx_570,divar,8500000,در حد نو,2026-09-02 21:21:11
sony_ps5,divar,40000000,کارکرده,2026-09-02 21:21:11
apple_macbook_air,divar,115000000,در حد نو,2026-09-02 21:21:11
apple_macbook_air,divar,115000000,در حد نو,2026-09-02 21:21:11
sony_ps5,divar,7000000,در حد نو,2026-09-02 21:21:11
apple_macbook_pro_m4_pro,divar,374000000,کارکرده,2026-09-02 21:21:11
apple_macbook_pro_intel_2019_256gb,divar,86500000,در حد نو,2026-09-02 21:21:11
sony_ps5,divar,1500000,کارکرده,2026-09-02 21:21:11
apple_macbook_air_2017,divar,38000000,در حد نو,2026-09-02 21:21:11
amd_rx_5500xt,divar,85900000,در حد نو,2026-09-02 21:21:11
microsoft_xbox,divar,1000,کارکرده,2026-09-02 21:21:11
apple_macbook,divar,30000000,در حد نو,2026-09-02 21:21:11
amd_rx_570,divar,8500000,در حد نو,2026-09-02 21:21:11
amd_rx_580,divar,10500000,در حد نو,2026-09-02 21:21:11
microsoft_xbox,divar,1000,کارکرده,2026-09-02 21:21:11
apple_macbook_pro_m4_pro,divar,380000000,کارکرده,2026-09-02 21:21:11
sony_ps5,divar,100000,کارکرده,2026-09-02 21:21:11
microsoft_xbox,divar,20000000,کارکرده,2026-09-02 21:21:11
apple_macbook,divar,28000000,کارکرده,2026-09-02 21:21:11
amd_rx_590,divar,16500000,در حد نو,2026-09-02 21:21:11
nvidia_rx_580,divar,785000000,کارکرده,2026-09-02 21:21:11
sony_ps5,divar,750000,کارکرده,2026-09-02 21:21:11
apple_512gb_ipad_pro_m4,divar,200000000,در حد نو,2026-09-02 21:21:11
apple_macbook_pro_m4_pro,divar,380000000,کارکرده,2026-09-02 21:21:11
amd_rx_580,divar,10000000,کارکرده,2026-09-02 21:21:11
sony_ps5,divar,100000000,کارکرده,2026-09-02 21:21:11
other_1600,esam,5000000,دست دوم,2026-09-02 21:21:13
apple_iphone_4,esam,3820000,دست دوم,2026-09-02 21:21:13
other_nokia_6111,esam,9000000,دست دوم,2026-09-02 21:21:13
other_200,esam,200000,دست دوم,2026-09-02 21:21:13
other_100,esam,98980,دست دوم,2026-09-02 21:21:13
other_500,esam,4999000,دست دوم,2026-09-02 21:21:13
apple_iphone_17_pro_max_2tb,torob,485000000,نو,2026-09-02 21:21:13
xiaomi_redmi_note_15_pro_512gb,torob,92300000,نو,2026-09-02 21:21:13
asus_rog_zephyrus_2tb,torob,1258000000,نو,2026-09-02 21:21:13
hp_1tb,torob,231000000,نو,2026-09-02 21:21:13
other_h9,digikala,9910000,نو,2026-09-02 22:13:12
other_r07,digikala,9600000,نو,2026-09-02 22:13:12
other_bs_external_nose,digikala,8178170,نو,2026-09-02 22:13:12
other_32gb_ddr4_3200_cl16,digikala,28500000,نو,2026-09-02 22:13:12
other_fs_animation,digikala,615000000,نو,2026-09-02 22:13:12
apple_128gb_ipad_mini_7th,digikala,154320000,نو,2026-09-02 22:13:12
other_47_cmf_watch,digikala,16530000,نو,2026-09-02 22:13:12
asus_512gb_nuc14rvki3_16_512,digikala,148000000,نو,2026-09-02 22:13:12
lenovo_1tb_15_v15_g5,digikala,152000000,نو,2026-09-02 22:13:12
asus_rog_strix_ram32gb_32gb,digikala,565000000,نو,2026-09-02 22:13:12
asus_2tb_15_expertbook_p1,digikala,393000000,نو,2026-09-02 22:13:12
apple_airpods_usb_type,digikala,38780000,نو,2026-09-02 22:13:12
apple_49_ultra_natural,digikala,158840000,نو,2026-09-02 22:13:12
samsung_portable_ssd_t5,digikala,60000000,نو,2026-09-02 22:13:12
razer_kraken_v3_pro,digikala,39800000,نو,2026-09-02 22:13:12
asus_vivobook_15_custom_2tb,digikala,179000000,نو,2026-09-02 22:13:12
hp_1tb_16_omnibook_ai,digikala,203000000,نو,2026-09-02 22:13:12
lenovo_16_thinkbook_16,digikala,295000000,نو,2026-09-02 22:13:12
samsung_ddr4_2400_cl17,digikala,10000000,نو,2026-09-02 22:13:12
samsung_galaxy_z_fold,digikala,8000000,نو,2026-09-02 22:13:12
asus_vivobook_15_custom_ram36gb_1tb,digikala,148300000,نو,2026-09-02 22:13:12
other_ie_300,digikala,89000000,نو,2026-09-02 22:13:12
other_4tb_armor_a66,digikala,48650000,نو,2026-09-02 22:13:12
asus_vivobook_15_custom_ram40gb_32gb,digikala,141990000,نو,2026-09-02 22:13:12
asus_tuf_gaming_custom_ram44gb_512gb,digikala,459000000,نو,2026-09-02 22:13:12
other_my_passport_usb,digikala,24900000,نو,2026-09-02 22:13:12
other_4tb_blue_wd40ezrz,digikala,51000000,نو,2026-09-02 22:13:12
samsung_galaxy,digikala,3685000,نو,2026-09-02 22:13:12
other_wave,digikala,25000000,نو,2026-09-02 22:13:12
other_x11,digikala,4260000,نو,2026-09-02 22:13:12
other_r09,digikala,20000000,نو,2026-09-02 22:13:12
asus_rog,digikala,29000000,نو,2026-09-02 22:13:12
other_110_2019_ta,digikala,4300000,نو,2026-09-02 22:13:12
hp_32gb_15_fc0074nia_15,digikala,122990000,نو,2026-09-02 22:13:12
other_32gb_ddr4_crucial_ct16,digikala,19800000,نو,2026-09-02 22:13:12
asus_tuf_gaming_custom_ram32gb_32gb,digikala,241000000,نو,2026-09-02 22:13:12
asus_tuf_gaming_custom_2tb,digikala,265000000,نو,2026-09-02 22:13:12
other_ha_gamemaster_111,digikala,168800000,نو,2026-09-02 22:13:12
xiaomi_xiaomi,digikala,4550000,نو,2026-09-02 22:13:12
other_mst_hook_carbon,digikala,7298000,نو,2026-09-02 22:13:12
other_ns_perfect_460,digikala,18753080,نو,2026-09-02 22:13:12
other_rs_310_8gb,digikala,33500000,نو,2026-09-02 22:13:12
other_emd_gofree2_plus,digikala,8952000,نو,2026-09-02 22:13:12
apple_macbook_air_m3_512gb,digikala,235000000,نو,2026-09-02 22:13:12
asus_rog_strix_custom_ram44gb_512gb,digikala,434000000,نو,2026-09-02 22:13:12
other_plus_bgh_z2,digikala,9523000,نو,2026-09-02 22:13:12
other_ddr3_1333_cl9,digikala,1000000,نو,2026-09-02 22:13:12
other_42_w3_hexa,digikala,9257400,نو,2026-09-02 22:13:12
xiaomi_xiaomi,digikala,6800000,نو,2026-09-02 22:13:12
other_opencomm2,digikala,38000000,نو,2026-09-02 22:13:12
other_gamma_archer,digikala,1950000,نو,2026-09-02 22:13:12
lenovo_legion_5_custom_ram48gb_2tb,digikala,320000000,نو,2026-09-02 22:13:12
nvidia_geforce_rtx_4070,digikala,157929050,نو,2026-09-02 22:13:12
other_gp_gstfs31240gntd_240,digikala,8400000,نو,2026-09-02 22:13:12
other_4tb_blue_wd40ezaz,digikala,57000000,نو,2026-09-02 22:13:12
other_io_33,digikala,5100000,نو,2026-09-02 22:13:12
other_w10_pro,digikala,7949000,نو,2026-09-02 22:13:12
other_mhd_shape_a885,digikala,6789000,نو,2026-09-02 22:13:12
other_go_pods_anc,digikala,8700000,نو,2026-09-02 22:13:12
other_128gb_sata_iii_gold,digikala,6400000,نو,2026-09-02 22:13:12
other_z10,digikala,2550000,نو,2026-09-02 22:13:12
other_naz_portable_20bl,digikala,6551000,نو,2026-09-02 22:13:12
samsung_galaxy,digikala,3300000,نو,2026-09-02 22:13:12
apple_macbook_pro_2019,divar,179000000,کارکرده,2026-09-02 22:13:16
apple_iphone_13,divar,106000000,در حد نو,2026-09-02 22:13:16
apple_iphone_12_256gb,divar,62000000,کارکرده,2026-09-02 22:13:16
other_iphon_13_pro,divar,135000000,در حد نو,2026-09-02 22:13:16
apple_iphone_16_pro_max,divar,259000000,در حد نو,2026-09-02 22:13:16
apple_item_41f4b365,divar,82000000,در حد نو,2026-09-02 22:13:16
other_16_pro_max,divar,194000000,کارکرده,2026-09-02 22:13:16
apple_iphone_16_pro_max_256gb,divar,285000000,در حد نو,2026-09-02 22:13:16
samsung_galaxy_a07,divar,54000000,کارکرده,2026-09-02 22:13:16
apple_macbook_air,divar,110000000,در حد نو,2026-09-02 22:13:16
sony_ps5,divar,100000,کارکرده,2026-09-02 22:13:16
other_a51,divar,11500000,کارکرده,2026-09-02 22:13:16
apple_macbook_air_m3_512gb,divar,198000000,در حد نو,2026-09-02 22:13:16
other_s23_ultra,divar,118500000,در حد نو,2026-09-02 22:13:16
other_j7,divar,2000000,کارکرده,2026-09-02 22:13:16
apple_macbook_pro,divar,22000000,کارکرده,2026-09-02 22:13:16
samsung_galaxy_a05,divar,19000000,کارکرده,2026-09-02 22:13:16
microsoft_xbox_one_s,divar,1000,کارکرده,2026-09-02 22:13:16
other_s25,divar,239000000,در حد نو,2026-09-02 22:13:16
apple_macbook_air_m1,divar,98900000,در حد نو,2026-09-02 22:13:16
apple_iphone_13_pro_max,divar,135000000,در حد نو,2026-09-02 22:13:16
sony_ps5_slim,divar,2000000,کارکرده,2026-09-02 22:13:16
apple_iphone_17,divar,90000000,کارکرده,2026-09-02 22:13:16
amd_rx_580,divar,9950000,در حد نو,2026-09-02 22:13:16
sony_ps5,divar,2000000,کارکرده,2026-09-02 22:13:16
amd_rx_6900xt_16gb,divar,97000000,در حد نو,2026-09-02 22:13:16
microsoft_xbox_one_s,divar,1000,کارکرده,2026-09-02 22:13:16
sony_ps5,divar,7000000,در حد نو,2026-09-02 22:13:16
apple_macbook_pro_m1_pro,divar,200000000,کارکرده,2026-09-02 22:13:16
sony_ps5_pro,divar,49000000,در حد نو,2026-09-02 22:13:16
apple_macbook_pro_m1,divar,120000000,در حد نو,2026-09-02 22:13:16
amd_rx_580,divar,9950000,در حد نو,2026-09-02 22:13:16
sony_ps5,divar,400000,کارکرده,2026-09-02 22:13:16
apple_macbook_pro_m1,divar,120000000,در حد نو,2026-09-02 22:13:16
amd_rx_7900xt,divar,165000000,در حد نو,2026-09-02 22:13:16
sony_ps5,divar,2000000,کارکرده,2026-09-02 22:13:16
amd_rx_470,divar,6200000,کارکرده,2026-09-02 22:13:16
sony_ps5,divar,100000,کارکرده,2026-09-02 22:13:16
amd_rx_6900xt_16gb,divar,97000000,در حد نو,2026-09-02 22:13:16
amd_rx_5700xt,divar,128000000,در حد نو,2026-09-02 22:13:16
sony_ps5,divar,100000000,کارکرده,2026-09-02 22:13:16
amd_rx_580,divar,9950000,در حد نو,2026-09-02 22:13:16
sony_ps5,divar,18000000,کارکرده,2026-09-02 22:13:16
sony_ps5,divar,1000,کارکرده,2026-09-02 22:13:16
amd_rx_6800,divar,169000000,کارکرده,2026-09-02 22:13:16
microsoft_xbox,divar,1000,کارکرده,2026-09-02 22:13:16
apple_macbook,divar,99000000,در حد نو,2026-09-02 22:13:16
sony_ps5,divar,100000000,کارکرده,2026-09-02 22:13:16
microsoft_xbox,divar,20000000,کارکرده,2026-09-02 22:13:16
apple_macbook,divar,1000000000,توافقی,2026-09-02 22:13:16
apple_macbook_pro,divar,350000000,کارکرده,2026-09-02 22:13:16
sony_ps5,divar,1300000,کارکرده,2026-09-02 22:13:16
sony_ps5,divar,100000,کارکرده,2026-09-02 22:13:16
apple_macbook_air_m4,divar,3900000,کارکرده,2026-09-02 22:13:16
sony_ps5,divar,50000,کارکرده,2026-09-02 22:13:16
sony_ps5,divar,150000,کارکرده,2026-09-02 22:13:16
sony_ps5,divar,1000,کارکرده,2026-09-02 22:13:16
apple_macbook_pro,divar,177000000,در حد نو,2026-09-02 22:13:16
sony_ps5,divar,100000,کارکرده,2026-09-02 22:13:16
apple_macbook_pro_m1,divar,100000000,در حد نو,2026-09-02 22:13:16
apple_macbook_air_2013,divar,10000000,کارکرده,2026-09-02 22:13:16
amd_rx_580,divar,12000000,کارکرده,2026-09-02 22:13:16
microsoft_xbox,divar,1000,کارکرده,2026-09-02 22:13:16
apple_macbook_pro_m1,divar,100000000,در حد نو,2026-09-02 22:13:16
sony_ps5,divar,95000000,در حد نو,2026-09-02 22:13:16
sony_ps5,divar,888888888,کارکرده,2026-09-02 22:13:16
apple_macbook_pro_m2,divar,185000000,در حد نو,2026-09-02 22:13:16
amd_rx_590,divar,16500000,در حد نو,2026-09-02 22:13:16
amd_rx_590,divar,16500000,در حد نو,2026-09-02 22:13:16
sony_ps5,divar,100000,کارکرده,2026-09-02 22:13:16
apple_macbook_air_m4,divar,195000000,در حد نو,2026-09-02 22:13:16
apple_macbook_pro_m1,divar,100000000,در حد نو,2026-09-02 22:13:16
amd_rx_590,divar,16500000,در حد نو,2026-09-02 22:13:16
sony_ps5,divar,888888888,کارکرده,2026-09-02 22:13:16
apple_macbook_pro_m2,divar,185000000,در حد نو,2026-09-02 22:13:16
apple_macbook,divar,5000000,کارکرده,2026-09-02 22:13:16
amd_rx_7900xt,divar,160000000,در حد نو,2026-09-02 22:13:16
sony_ps5,divar,100000,کارکرده,2026-09-02 22:13:16
sony_ps5,divar,100000,کارکرده,2026-09-02 22:13:16
sony_ps5,divar,20000,کارکرده,2026-09-02 22:13:16
apple_macbook_pro_m2,divar,185000000,در حد نو,2026-09-02 22:13:16
amd_rx_590,divar,16500000,در حد نو,2026-09-02 22:13:16
sony_ps5,divar,39900000,کارکرده,2026-09-02 22:13:16
sony_ps5,divar,95000000,در حد نو,2026-09-02 22:13:16
amd_rx_470,divar,8000000,کارکرده,2026-09-02 22:13:16
sony_ps5,divar,9800000,کارکرده,2026-09-02 22:13:16
amd_rx_580,divar,1000,در حد نو,2026-09-02 22:13:16
microsoft_xbox,divar,300000,کارکرده,2026-09-02 22:13:16
apple_macbook_air,divar,12600000,کارکرده,2026-09-02 22:13:16
nvidia_rx_580,divar,785000000,کارکرده,2026-09-02 22:13:16
sony_ps5,divar,15000000,کارکرده,2026-09-02 22:13:16
lenovo_lenovo,divar,29000000,کارکرده,2026-09-02 22:13:16
amd_rx_580,divar,79000000,در حد نو,2026-09-02 22:13:16
sony_ps5,divar,2000000,کارکرده,2026-09-02 22:13:16
apple_macbook_air_m4,divar,195000000,در حد نو,2026-09-02 22:13:16
sony_ps5,divar,1500000,کارکرده,2026-09-02 22:13:16
apple_macbook_air_2017,divar,38000000,در حد نو,2026-09-02 22:13:16
sony_ps5,divar,98000000,کارکرده,2026-09-02 22:13:16
sony_ps5,divar,9900000,کارکرده,2026-09-02 22:13:16
sony_ps5_slim,divar,42000000,کارکرده,2026-09-02 22:13:16
apple_macbook_air,divar,12600000,کارکرده,2026-09-02 22:13:16
sony_ps5,divar,900000,کارکرده,2026-09-02 22:13:16
microsoft_xbox,divar,1000,کارکرده,2026-09-02 22:13:16
amd_rx_580,divar,79000000,در حد نو,2026-09-02 22:13:16
amd_rx_580,divar,79000000,در حد نو,2026-09-02 22:13:16
sony_ps5,divar,2000000,کارکرده,2026-09-02 22:13:16
apple_macbook,divar,38000000,در حد نو,2026-09-02 22:13:16
amd_rx_5700xt,divar,35500000,در حد نو,2026-09-02 22:13:16
sony_ps5,divar,300000,کارکرده,2026-09-02 22:13:16
sony_ps4,divar,100000,کارکرده,2026-09-02 22:13:16
apple_macbook,divar,38000000,در حد نو,2026-09-02 22:13:16
amd_rx_580,divar,12300000,کارکرده,2026-09-02 22:13:16
sony_ps4,divar,100000,کارکرده,2026-09-02 22:13:16
sony_ps5,divar,300000,کارکرده,2026-09-02 22:13:16
apple_macbook_pro,divar,60000000,در حد نو,2026-09-02 22:13:16
amd_rx_5700xt,divar,35500000,در حد نو,2026-09-02 22:13:16
amd_rx_5700xt,divar,35500000,در حد نو,2026-09-02 22:13:16
sony_sony_f100,esam,18000000,دست دوم,2026-09-02 22:13:17
other_10,esam,250000,دست دوم,2026-09-02 22:13:17
other_mini,esam,2600000,دست دوم,2026-09-02 22:13:17
other_10,esam,1,دست دوم,2026-09-02 22:13:17
other_34,esam,695000,دست دوم,2026-09-02 22:13:17
hp_hp,esam,47000000,دست دوم,2026-09-02 22:13:17
other_pro,esam,55000,دست دوم,2026-09-02 22:13:17
other_11,esam,680000,دست دوم,2026-09-02 22:13:17
samsung_galaxy_z_flip_256gb,torob,268900000,نو,2026-09-02 22:13:18
apple_macbook_pro_2tb,torob,825000000,نو,2026-09-02 22:13:18
lenovo_legion_5_ram32gb_1tb,torob,483800000,نو,2026-09-02 22:13:18
other_46_w46_max,digikala,2290000,نو,2026-09-03 10:23:47
other_53,digikala,2975000,نو,2026-09-03 10:23:47
other_52_c29,digikala,10644680,نو,2026-09-03 10:23:47
other_cx_true_wireless,digikala,27950000,نو,2026-09-03 10:23:47
samsung_galaxy,digikala,12901000,نو,2026-09-03 10:23:47
other_128gb_one_lite_128,digikala,26799000,نو,2026-09-03 10:23:47
other_256gb_pcie_gen3_x4,digikala,12300000,نو,2026-09-03 10:23:47
other_tfa_pdx421_exeptional,digikala,9300000,نو,2026-09-03 10:23:47
xiaomi_xiaomi_128gb,digikala,50500000,نو,2026-09-03 10:23:47
lenovo_legion__custom_ram64gb_64gb,digikala,615000000,نو,2026-09-03 10:23:47
asus_vivobook_15_custom_1tb,digikala,129000000,نو,2026-09-03 10:23:47
sony_ps5_slim,digikala,168000000,نو,2026-09-03 10:23:47
hp_2tb_15_fd0154wm_15,digikala,179990000,نو,2026-09-03 10:23:47
lenovo_ideapad_5_512gb,digikala,190000000,نو,2026-09-03 10:23:47
other_1tb_st1000vm002,digikala,12000000,نو,2026-09-03 10:23:47
samsung_galaxy,digikala,33980000,نو,2026-09-03 10:23:47
other_110,digikala,2775000,نو,2026-09-03 10:23:47
hp_32gb_15_fd1134nia_15,digikala,114600000,نو,2026-09-03 10:23:47
other_ch560_digital,digikala,24800000,نو,2026-09-03 10:23:47
nvidia_rtx_3050_16gb,digikala,209000000,نو,2026-09-03 10:23:47
other_ddr3_kvr16n11_4gb,digikala,1850000,نو,2026-09-03 10:23:47
lenovo_legion_5_custom_2tb,digikala,471000000,نو,2026-09-03 10:23:47
other_256gb_c75_256,digikala,49500000,نو,2026-09-03 10:23:47
other_hiwa_plus_h610m,digikala,93000000,نو,2026-09-03 10:23:47
lenovo_1tb,digikala,559900000,نو,2026-09-03 10:23:47
other_ddr4_2400_cl17,digikala,7800000,نو,2026-09-03 10:23:47
lenovo_rtx_5050_32gb,digikala,299900000,نو,2026-09-03 10:23:48
other_gp_gstfs31480gntd_480,digikala,13264000,نو,2026-09-03 10:23:48
other_4tb_sata_wd_4tb,digikala,54980000,نو,2026-09-03 10:23:48
other_aix,digikala,8000000,نو,2026-09-03 10:23:48
other_di_rein_force,digikala,8485600,نو,2026-09-03 10:23:48
other_tinycool_90_rev1,digikala,1999000,نو,2026-09-03 10:23:48
lenovo_legion__custom_2tb,digikala,490000000,نو,2026-09-03 10:23:48
other_ccw_1019_rgb,digikala,12300000,نو,2026-09-03 10:23:48
asus_512gb_15_expertbook_p1,digikala,180000000,نو,2026-09-03 10:23:48
asus_vivobook_15_custom_32gb,digikala,105000000,نو,2026-09-03 10:23:48
lenovo_ideapad__512gb,digikala,138800000,نو,2026-09-03 10:23:48
asus_vivobook_15_512gb,digikala,113000000,نو,2026-09-03 10:23:48
other_48_rs4_max,digikala,5590000,نو,2026-09-03 10:23:48
other_dy_light_mz,digikala,8758000,نو,2026-09-03 10:23:48
asus_vivobook_14_custom_512gb,digikala,141990000,نو,2026-09-03 10:23:48
other_nrg_gp_hook,digikala,6987900,نو,2026-09-03 10:23:48
samsung_galaxy_a56_128gb,digikala,92699000,نو,2026-09-03 10:23:48
asus_tuf_gaming_custom_ram64gb_2tb,digikala,408000000,نو,2026-09-03 10:23:48
asus_rog_strix_custom_ram64gb_1tb,digikala,492000000,نو,2026-09-03 10:23:48
other_moj_beutifule_sh4,digikala,7124000,نو,2026-09-03 10:23:48
samsung_galaxy_s10,digikala,4600000,نو,2026-09-03 10:23:48
other_ddr4_2666_cl19,digikala,9000000,نو,2026-09-03 10:23:48
other_wave_200,digikala,7830000,نو,2026-09-03 10:23:48
other_47_7in1_seven,digikala,5500000,نو,2026-09-03 10:23:48
other_nit_h81_i5,digikala,27000000,نو,2026-09-03 10:23:48
intel_pentium_gold_g5620,digikala,3400000,نو,2026-09-03 10:23:48
asus_rtx_4050_32gb,digikala,264900000,نو,2026-09-03 10:23:48
other_2021,digikala,260000,نو,2026-09-03 10:23:48
other_economy,digikala,14950000,نو,2026-09-03 10:23:48
other_ultra2_48,digikala,3900000,نو,2026-09-03 10:23:48
other_watch_ultr,digikala,6449000,نو,2026-09-03 10:23:48
other_hk10_pro_max,digikala,11970000,نو,2026-09-03 10:23:48
other_naz_neckband_shk,digikala,7125000,نو,2026-09-03 10:23:48
other_sata_iii_plus,digikala,5431000,نو,2026-09-03 10:23:48
other_y99,digikala,1950000,نو,2026-09-03 10:23:48
samsung_galaxy_s11_256gb,digikala,254990000,نو,2026-09-03 10:23:48
samsung_j4,divar,7000000,کارکرده,2026-09-03 10:23:52
apple_iphone_11_pro_max_64gb,divar,72000000,در حد نو,2026-09-03 10:23:52
apple_iphone,divar,85000000,کارکرده,2026-09-03 10:23:52
apple_iphone_16_pro_max,divar,347000000,در حد نو,2026-09-03 10:23:52
asus_rog,divar,170000000,کارکرده,2026-09-03 10:23:52
other_a10,divar,12500000,کارکرده,2026-09-03 10:23:52
apple_macbook,divar,1000000,کارکرده,2026-09-03 10:23:52
apple_iphone_16_pro_max,divar,285000000,در حد نو,2026-09-03 10:23:52
apple_iphone_11_pro_256gb,divar,63000000,کارکرده,2026-09-03 10:23:52
other_128gb_a07_128,divar,37500000,در حد نو,2026-09-03 10:23:52
asus_rx_580,divar,12500000,در حد نو,2026-09-03 10:23:52
apple_macbook_air_m1,divar,105000000,در حد نو,2026-09-03 10:23:52
other_16,divar,175000000,در حد نو,2026-09-03 10:23:52
sony_ps5,divar,90000000,توافقی,2026-09-03 10:23:52
apple_macbook_air_m2,divar,151000000,در حد نو,2026-09-03 10:23:52
apple_iphone_16_128gb,divar,200000000,نو (پلمپ/آکبند),2026-09-03 10:23:52
amd_rx_5700xt,divar,44000000,در حد نو,2026-09-03 10:23:52
samsung_galaxy_zfold7_256gb,divar,283000000,در حد نو,2026-09-03 10:23:52
apple_iphone_15_pro_max,divar,175000000,کارکرده,2026-09-03 10:23:52
apple_iphone_12_pro,divar,43000000,در حد نو,2026-09-03 10:23:52
microsoft_xbox,divar,2000,کارکرده,2026-09-03 10:23:52
sony_ps5,divar,999000000,کارکرده,2026-09-03 10:23:52
apple_macbook_pro_m4_pro,divar,430000000,کارکرده,2026-09-03 10:23:52
amd_rx_580,divar,10500000,در حد نو,2026-09-03 10:23:52
sony_ps5,divar,100000,کارکرده,2026-09-03 10:23:52
apple_macbook_pro_2012,divar,10200000,کارکرده,2026-09-03 10:23:52
amd_rx_470,divar,6200000,کارکرده,2026-09-03 10:23:52
sony_ps5,divar,900000,کارکرده,2026-09-03 10:23:52
sony_ps5,divar,999000000,کارکرده,2026-09-03 10:23:52
apple_macbook_pro,divar,12000000,کارکرده,2026-09-03 10:23:52
amd_rx_6800,divar,198000000,کارکرده,2026-09-03 10:23:52
amd_rx_5700xt,divar,165000000,در حد نو,2026-09-03 10:23:52
sony_ps5,divar,150000,کارکرده,2026-09-03 10:23:52
apple_macbook_pro_m1_pro,divar,200000000,کارکرده,2026-09-03 10:23:52
amd_rx_6900xt,divar,101000000,در حد نو,2026-09-03 10:23:52
sony_ps5,divar,100000,کارکرده,2026-09-03 10:23:52
amd_rx_580,divar,12500000,در حد نو,2026-09-03 10:23:52
sony_ps5,divar,50000,کارکرده,2026-09-03 10:23:52
amd_rx_580,divar,10000000,کارکرده,2026-09-03 10:23:52
amd_rx_470,divar,6200000,کارکرده,2026-09-03 10:23:52
sony_ps5,divar,100000,کارکرده,2026-09-03 10:23:52
amd_rx_6900xt_16gb,divar,97000000,در حد نو,2026-09-03 10:23:52
sony_ps5,divar,2000000,کارکرده,2026-09-03 10:23:52
amd_rx_470,divar,6200000,کارکرده,2026-09-03 10:23:52
sony_ps5,divar,1000000,کارکرده,2026-09-03 10:23:52
apple_macbook_pro_m3,divar,89000000,در حد نو,2026-09-03 10:23:52
amd_rx_590,divar,16500000,در حد نو,2026-09-03 10:23:52
sony_ps5,divar,888888888,کارکرده,2026-09-03 10:23:52
sony_ps5,divar,80000000,کارکرده,2026-09-03 10:23:52
apple_macbook_pro_m1_pro_14inch,divar,158000000,در حد نو,2026-09-03 10:23:52
amd_rx_580,divar,12000000,کارکرده,2026-09-03 10:23:52
sony_ps5,divar,100000,کارکرده,2026-09-03 10:23:52
sony_ps5,divar,1000,کارکرده,2026-09-03 10:23:52
apple_macbook,divar,1000000000,توافقی,2026-09-03 10:23:52
apple_macbook_air_m4,divar,195000000,در حد نو,2026-09-03 10:23:52
sony_ps5,divar,1000,کارکرده,2026-09-03 10:23:52
apple_macbook,divar,99000000,در حد نو,2026-09-03 10:23:52
apple_macbook_pro,divar,26000000,در حد نو,2026-09-03 10:23:52
amd_rx_580,divar,11700000,در حد نو,2026-09-03 10:23:52
sony_ps5,divar,99000000,کارکرده,2026-09-03 10:23:52
amd_rx_580,divar,10500000,در حد نو,2026-09-03 10:23:52
sony_ps5,divar,100000,کارکرده,2026-09-03 10:23:52
apple_macbook_pro_m1_pro,divar,216000000,در حد نو,2026-09-03 10:23:52
apple_macbook_pro,divar,17900000,کارکرده,2026-09-03 10:23:52
sony_ps5,divar,99000000,کارکرده,2026-09-03 10:23:52
apple_macbook_air_2018,divar,57000000,در حد نو,2026-09-03 10:23:52
apple_macbook_air_m1,divar,96700000,کارکرده,2026-09-03 10:23:52
amd_rx_580,divar,12000000,در حد نو,2026-09-03 10:23:52
sony_ps5,divar,98000000,در حد نو,2026-09-03 10:23:52
apple_macbook_pro_m3_pro_14inch_512gb,divar,325000000,کارکرده,2026-09-03 10:23:52
apple_macbook_air,divar,49000000,در حد نو,2026-09-03 10:23:52
amd_rx_580,divar,10500000,در حد نو,2026-09-03 10:23:52
sony_ps5,divar,1000,کارکرده,2026-09-03 10:23:52
apple_macbook_pro,divar,17900000,کارکرده,2026-09-03 10:23:52
amd_rx_5700xt,divar,165000000,در حد نو,2026-09-03 10:23:52
sony_ps5,divar,2500000,کارکرده,2026-09-03 10:23:52
apple_macbook,divar,1000000000,توافقی,2026-09-03 10:23:52
apple_macbook_pro_m2,divar,185000000,در حد نو,2026-09-03 10:23:52
amd_rx_6800,divar,75000000,در حد نو,2026-09-03 10:23:52
apple_macbook,divar,30000000,در حد نو,2026-09-03 10:23:52
apple_macbook_pro_m2,divar,165000000,در حد نو,2026-09-03 10:23:52
amd_rx_6700xt,divar,61000000,در حد نو,2026-09-03 10:23:52
sony_ps5,divar,1500000,در حد نو,2026-09-03 10:23:52
amd_rx_5700xt,divar,165000000,در حد نو,2026-09-03 10:23:52
sony_ps5,divar,1500000,در حد نو,2026-09-03 10:23:52
apple_macbook_pro,divar,177000000,در حد نو,2026-09-03 10:23:52
amd_rx_5700xt,divar,165000000,در حد نو,2026-09-03 10:23:52
sony_ps5,divar,20000000,کارکرده,2026-09-03 10:23:52
apple_macbook_pro_m3,divar,230000000,کارکرده,2026-09-03 10:23:52
amd_rx_6800xt,divar,75500000,کارکرده,2026-09-03 10:23:52
sony_ps5,divar,100000,کارکرده,2026-09-03 10:23:52
sony_ps5,divar,100000,کارکرده,2026-09-03 10:23:52
amd_rx_5700xt,divar,165000000,در حد نو,2026-09-03 10:23:52
sony_ps5,divar,200000,کارکرده,2026-09-03 10:23:52
amd_rx_580,divar,1000,در حد نو,2026-09-03 10:23:52
sony_ps5,divar,2000000,کارکرده,2026-09-03 10:23:52
amd_rx_470,divar,8000000,کارکرده,2026-09-03 10:23:52
sony_ps5,divar,150000,کارکرده,2026-09-03 10:23:52
amd_rx_6600,divar,35900000,در حد نو,2026-09-03 10:23:52
amd_rx_6600,divar,35900000,در حد نو,2026-09-03 10:23:52
sony_ps5,divar,40000000,کارکرده,2026-09-03 10:23:52
other_mac_book_pro,divar,420000000,در حد نو,2026-09-03 10:23:52
amd_rx_6600,divar,35900000,در حد نو,2026-09-03 10:23:52
microsoft_xbox,divar,300000,کارکرده,2026-09-03 10:23:52
sony_ps5,divar,40000000,کارکرده,2026-09-03 10:23:52
sony_ps5,divar,1500000,در حد نو,2026-09-03 10:23:52
lenovo_lenovo,divar,29000000,کارکرده,2026-09-03 10:23:52
amd_rx_580,divar,79000000,در حد نو,2026-09-03 10:23:52
sony_ps5,divar,10000,کارکرده,2026-09-03 10:23:52
sony_ps5,divar,50000000,کارکرده,2026-09-03 10:23:52
apple_macbook_air_m4,divar,195000000,در حد نو,2026-09-03 10:23:52
amd_rx_5700xt,divar,35000000,کارکرده,2026-09-03 10:23:52
sony_ps5,divar,40000000,در حد نو,2026-09-03 10:23:52
sony_ps4,divar,68000000,در حد نو,2026-09-03 10:23:52
sony_ps5,divar,300000,کارکرده,2026-09-03 10:23:52
sony_ps5,divar,80000000,کارکرده,2026-09-03 10:23:52
amd_rx_580,divar,12300000,کارکرده,2026-09-03 10:23:52
amd_rx_5700xt,divar,35500000,در حد نو,2026-09-03 10:23:52
other_motorola_l6,esam,13500000,دست دوم,2026-09-03 10:23:53
other_100,esam,1180000,دست دوم,2026-09-03 10:23:53
hp_hp_i5,esam,33950000,دست دوم,2026-09-03 10:23:53
other_10,esam,10,دست دوم,2026-09-03 10:23:53
other_akz_23,esam,1780000,دست دوم,2026-09-03 10:23:53
samsung_galaxy_s26_ultra_512gb,torob,22700000,نو,2026-09-03 10:23:54
other_128gb_600lite_5g_128,torob,81997000,نو,2026-09-03 10:23:54
asus_rtx_4070_16gb,torob,316500000,نو,2026-09-03 10:23:54
nvidia_rtx_4070,torob,300000000,نو,2026-09-03 10:23:54
other_meh_imilab_w12,digikala,4800000,نو,2026-09-03 11:14:50
other_256gb_sata_iii_sa500,digikala,8022300,نو,2026-09-03 11:14:50
other_sun,digikala,4500000,نو,2026-09-03 11:14:50
samsung_galaxy,digikala,45310000,نو,2026-09-03 11:14:50
xiaomi_xiaomi_128gb,digikala,50499900,نو,2026-09-03 11:14:50
lenovo_ideapad__512gb,digikala,110999000,نو,2026-09-03 11:14:50
other_32gb_ddr4_3200_ct8,digikala,11090000,نو,2026-09-03 11:14:50
other_kindle_paperwhite_12th,digikala,56900000,نو,2026-09-03 11:14:50
other_41_lx1_moon,digikala,7860710,نو,2026-09-03 11:14:50
asus_1tb_nuc15crhu7_core_ultra,digikala,281000000,نو,2026-09-03 11:14:50
lenovo_legion_5_1tb,digikala,384999000,نو,2026-09-03 11:14:50
lenovo_32gb_v15_g4_iru,digikala,136000000,نو,2026-09-03 11:14:50
samsung_galaxy_s11_ultra_256gb,digikala,258040000,نو,2026-09-03 11:14:50
other_tch_hd1_3d,digikala,4650000,نو,2026-09-03 11:14:50
asus_prime_h610m_d4,digikala,19100000,نو,2026-09-03 11:14:50
asus_rog_strix_ram32gb_1tb,digikala,629890000,نو,2026-09-03 11:14:50
other_32gb_ddr4_ct16g4sfra32a_16,digikala,18500000,نو,2026-09-03 11:14:50
other_sh_sweat_pop,digikala,15856000,نو,2026-09-03 11:14:50
other_ddr3_1333_pc3,digikala,1650000,نو,2026-09-03 11:14:50
asus_512gb_pb63_13100_16g,digikala,180000000,نو,2026-09-03 11:14:50
asus_vivobook_14_custom_1tb,digikala,135000000,نو,2026-09-03 11:14:50
other_2tb_backup_plus_slim,digikala,31400000,نو,2026-09-03 11:14:50
asus_vivobook_15_custom_1tb,digikala,119990000,نو,2026-09-03 11:14:50
asus_rog_strix_custom_ram48gb_2tb,digikala,644000000,نو,2026-09-03 11:14:50
other_250_dt_880,digikala,50800000,نو,2026-09-03 11:14:50
hp_sa_hp_p10,digikala,15800000,نو,2026-09-03 11:14:50
xiaomi_xiaomi,digikala,4191000,نو,2026-09-03 11:14:50
other_46_gc_air,digikala,6000000,نو,2026-09-03 11:14:50
other_msn_freepods_lite,digikala,7352000,نو,2026-09-03 11:14:50
dell_optiplex_3000,digikala,79233200,نو,2026-09-03 11:14:50
lenovo_rtx_5050_64gb,digikala,381000000,نو,2026-09-03 11:14:50
other_iceburg_120_infinity,digikala,8999000,نو,2026-09-03 11:14:50
lenovo_32gb_15_v15_g4,digikala,114000000,نو,2026-09-03 11:14:50
nvidia_rtx_5050_16gb,digikala,259000000,نو,2026-09-03 11:14:50
asus_vivobook_15_custom_512gb,digikala,138999000,نو,2026-09-03 11:14:50
asus_512gb_15_expertbook_b1,digikala,158000000,نو,2026-09-03 11:14:50
other_mon_ultimate_10,digikala,9321000,نو,2026-09-03 11:14:50
other_ghn_bowie_35,digikala,8989000,نو,2026-09-03 11:14:50
asus_vivobook_16_custom_2tb,digikala,188800000,نو,2026-09-03 11:14:50
other_ssn_mz10_satisfy,digikala,7652000,نو,2026-09-03 11:14:50
hp_victus_15_512gb,digikala,200000000,نو,2026-09-03 11:14:50
lenovo_ideapad__custom_512gb,digikala,131999000,نو,2026-09-03 11:14:50
hp_ahm_hp3300_intuitive,digikala,7856000,نو,2026-09-03 11:14:50
other_cc_2314,digikala,6500000,نو,2026-09-03 11:14:50
other_46_24_7straps,digikala,11000000,نو,2026-09-03 11:14:50
intel_haswell_core_i3,digikala,1900000,نو,2026-09-03 11:14:51
other_wave_beam,digikala,16000000,نو,2026-09-03 11:14:51
asus_512gb_pb63_core_i7,digikala,235000000,نو,2026-09-03 11:14:51
lenovo_ideapad__custom_512gb,digikala,135000000,نو,2026-09-03 11:14:51
nvidia_rtx_4050_48gb,digikala,305000000,نو,2026-09-03 11:14:51
other_gv_r467zl_1gi,digikala,10000000,نو,2026-09-03 11:14:51
other_2tb_sata_wd20efax,digikala,36000000,نو,2026-09-03 11:14:51
other_32gb_32_cdo5,digikala,4885650,نو,2026-09-03 11:14:51
other_nt12_gy,digikala,7500000,نو,2026-09-03 11:14:51
apple_40mm_aluminum_with,digikala,86600000,نو,2026-09-03 11:14:51
other_mis_d05_bowie,digikala,8420000,نو,2026-09-03 11:14:51
other_sa500_120,digikala,6200000,نو,2026-09-03 11:14:51
other_01_d02,digikala,2467500,نو,2026-09-03 11:14:51
other_atn_885a_punching,digikala,6532000,نو,2026-09-03 11:14:51
sony_ps5,divar,79000000,در حد نو,2026-09-03 11:14:57
samsung_galaxy_a71,divar,17000000,کارکرده,2026-09-03 11:14:57
sony_ps5,divar,58000000,کارکرده,2026-09-03 11:14:57
xiaomi_xiaomi,divar,78500000,کارکرده,2026-09-03 11:14:57
sony_ps5,divar,100000000,در حد نو,2026-09-03 11:14:57
samsung_galaxy_a32,divar,25500000,در حد نو,2026-09-03 11:14:57
apple_iphone_13_pro,divar,130000000,در حد نو,2026-09-03 11:14:57
amd_rx_580,divar,10000000,در حد نو,2026-09-03 11:14:57
other_zfold8_zfold8ultra_zfilip8,divar,300000000,کارکرده,2026-09-03 11:14:57
apple_macbook_pro_2019_16inch,divar,122000000,در حد نو,2026-09-03 11:14:57
sony_ps5,divar,2500000,در حد نو,2026-09-03 11:14:57
samsung_galaxy_a54_256gb,divar,65000000,در حد نو,2026-09-03 11:14:57
xiaomi_xiaomi,divar,9000000,نو (پلمپ/آکبند),2026-09-03 11:14:57
apple_macbook_pro_2024_14inch_512gb,divar,380000000,در حد نو,2026-09-03 11:14:57
apple_macbook_air_m1,divar,104000000,در حد نو,2026-09-03 11:14:57
apple_iphone_13_pro_max_256gb,divar,136500000,کارکرده,2026-09-03 11:14:57
other_128gb_a06_128g,divar,15000000,کارکرده,2026-09-03 11:14:57
samsung_galaxy_a16_128gb,divar,32000000,در حد نو,2026-09-03 11:14:57
other_11_pro_max,divar,55000000,کارکرده,2026-09-03 11:14:57
apple_iphone_6,divar,8000000,کارکرده,2026-09-03 11:14:57
apple_iphone_17,divar,100000000,کارکرده,2026-09-03 11:14:57
samsung_galaxy_a71,divar,20000000,در حد نو,2026-09-03 11:14:57
apple_iphone_17,divar,90000000,کارکرده,2026-09-03 11:14:57
amd_cpu_ryzen_3600,divar,20000000,کارکرده,2026-09-03 11:14:57
microsoft_xbox_one_s,divar,2000,کارکرده,2026-09-03 11:14:57
sony_ps5,divar,1000,کارکرده,2026-09-03 11:14:57
sony_ps5,divar,100000,کارکرده,2026-09-03 11:14:57
other_item_3ddb3713,divar,9800000,کارکرده,2026-09-03 11:14:57
sony_ps5,divar,100000,کارکرده,2026-09-03 11:14:57
other_13_m4,divar,206000000,کارکرده,2026-09-03 11:14:57
apple_ipad,divar,7000000,در حد نو,2026-09-03 11:14:57
apple_macbook_pro_intel,divar,25000000,کارکرده,2026-09-03 11:14:57
asus_rog_strix,divar,42500000,در حد نو,2026-09-03 11:14:57
sony_ps5,divar,900000,کارکرده,2026-09-03 11:14:57
sony_ps5,divar,1000000,کارکرده,2026-09-03 11:14:57
apple_macbook_air_m4,divar,215000000,در حد نو,2026-09-03 11:14:57
amd_rx_5700xt,divar,165000000,در حد نو,2026-09-03 11:14:57
sony_ps5,divar,900000,کارکرده,2026-09-03 11:14:57
sony_ps5,divar,10000,کارکرده,2026-09-03 11:14:57
apple_macbook_pro,divar,35000000,در حد نو,2026-09-03 11:14:57
nvidia_rx_580,divar,785000000,کارکرده,2026-09-03 11:14:57
amd_rx_580,divar,8000000,کارکرده,2026-09-03 11:14:57
sony_ps5,divar,7000000,در حد نو,2026-09-03 11:14:57
amd_rx_6800,divar,180000000,کارکرده,2026-09-03 11:14:57
sony_ps5,divar,100000000,کارکرده,2026-09-03 11:14:57
apple_macbook_pro_2021,divar,210000000,در حد نو,2026-09-03 11:14:57
nvidia_rx_580,divar,785000000,کارکرده,2026-09-03 11:14:57
sony_ps5,divar,7000000,در حد نو,2026-09-03 11:14:57
sony_ps5,divar,90000000,کارکرده,2026-09-03 11:14:57
amd_rx_580,divar,8000000,کارکرده,2026-09-03 11:14:57
sony_ps5,divar,888888888,کارکرده,2026-09-03 11:14:57
sony_ps5,divar,200000,در حد نو,2026-09-03 11:14:57
apple_macbook_pro_m1_pro_14inch,divar,158000000,در حد نو,2026-09-03 11:14:57
amd_rx_580,divar,8000000,کارکرده,2026-09-03 11:14:57
sony_ps5,divar,2500000,کارکرده,2026-09-03 11:14:57
sony_ps5,divar,150000,کارکرده,2026-09-03 11:14:57
amd_rx_580,divar,12000000,در حد نو,2026-09-03 11:14:57
sony_ps5,divar,1000,کارکرده,2026-09-03 11:14:57
sony_ps5,divar,1000,کارکرده,2026-09-03 11:14:57
apple_macbook_pro_m2,divar,180000000,در حد نو,2026-09-03 11:14:57
amd_rx_5700xt,divar,33500000,کارکرده,2026-09-03 11:14:57
sony_ps5,divar,100000,کارکرده,2026-09-03 11:14:57
apple_macbook_pro_m1_pro,divar,216000000,در حد نو,2026-09-03 11:14:57
apple_macbook_pro,divar,44800000,در حد نو,2026-09-03 11:14:57
sony_ps5,divar,150000,کارکرده,2026-09-03 11:14:57
amd_rx_580,divar,12000000,کارکرده,2026-09-03 11:14:57
sony_ps5,divar,150000,کارکرده,2026-09-03 11:14:57
apple_macbook,divar,30000000,در حد نو,2026-09-03 11:14:57
sony_ps5,divar,98000000,در حد نو,2026-09-03 11:14:57
apple_macbook_air_m4,divar,3900000,کارکرده,2026-09-03 11:14:57
amd_rx_590,divar,16500000,در حد نو,2026-09-03 11:14:57
sony_ps5,divar,1000,کارکرده,2026-09-03 11:14:57
apple_macbook_air,divar,49000000,در حد نو,2026-09-03 11:14:57
apple_macbook_pro_m1_pro,divar,216000000,در حد نو,2026-09-03 11:14:57
microsoft_xbox,divar,1000,کارکرده,2026-09-03 11:14:57
apple_macbook_pro_m3,divar,89000000,در حد نو,2026-09-03 11:14:57
apple_macbook_air_2013,divar,10000000,کارکرده,2026-09-03 11:14:57
sony_ps5,divar,80000000,کارکرده,2026-09-03 11:14:57
sony_ps5,divar,99000000,کارکرده,2026-09-03 11:14:57
apple_ipad,divar,7000000,در حد نو,2026-09-03 11:14:57
apple_macbook_pro_m3_pro_14inch_512gb,divar,325000000,کارکرده,2026-09-03 11:14:57
nvidia_rx_580,divar,785000000,کارکرده,2026-09-03 11:14:57
sony_ps5,divar,1000,کارکرده,2026-09-03 11:14:57
apple_macbook_pro,divar,17900000,کارکرده,2026-09-03 11:14:57
apple_macbook_pro_m2,divar,165000000,در حد نو,2026-09-03 11:14:57
amd_rx_580,divar,11500000,در حد نو,2026-09-03 11:14:57
sony_ps4,divar,68000000,در حد نو,2026-09-03 11:14:57
amd_rx_470,divar,8000000,کارکرده,2026-09-03 11:14:57
sony_ps5,divar,1800000,کارکرده,2026-09-03 11:14:57
apple_macbook,divar,30000000,در حد نو,2026-09-03 11:14:57
other_pro2,divar,600000,کارکرده,2026-09-03 11:14:57
nvidia_rx_580,divar,785000000,کارکرده,2026-09-03 11:14:57
sony_ps5,divar,1500000,در حد نو,2026-09-03 11:14:57
apple_macbook_pro_m1,divar,125000000,در حد نو,2026-09-03 11:14:57
apple_macbook_air_m4,divar,3900000,کارکرده,2026-09-03 11:14:57
amd_rx_580,divar,79000000,در حد نو,2026-09-03 11:14:57
amd_rx_580,divar,10500000,در حد نو,2026-09-03 11:14:57
sony_ps5,divar,100000,کارکرده,2026-09-03 11:14:57
sony_ps5,divar,2000000,کارکرده,2026-09-03 11:14:57
apple_macbook_pro,divar,35000000,کارکرده,2026-09-03 11:14:57
sony_ps5,divar,2000000,کارکرده,2026-09-03 11:14:57
sony_ps5,divar,2000000,کارکرده,2026-09-03 11:14:57
amd_rx_580,divar,11700000,در حد نو,2026-09-03 11:14:57
sony_ps5,divar,1500000,کارکرده,2026-09-03 11:14:57
sony_ps5,divar,7000000,در حد نو,2026-09-03 11:14:57
apple_macbook,divar,30000000,در حد نو,2026-09-03 11:14:57
amd_rx_6600,divar,35900000,در حد نو,2026-09-03 11:14:57
nvidia_rx_580,divar,785000000,کارکرده,2026-09-03 11:14:57
sony_ps5,divar,2000000,کارکرده,2026-09-03 11:14:57
apple_macbook_pro_m3,divar,350000000,در حد نو,2026-09-03 11:14:57
sony_ps5,divar,2000000,کارکرده,2026-09-03 11:14:57
sony_ps5,divar,10000,در حد نو,2026-09-03 11:14:57
apple_macbook_air_m4,divar,195000000,در حد نو,2026-09-03 11:14:57
apple_macbook_air_m4,divar,195000000,در حد نو,2026-09-03 11:14:57
amd_rx_470,divar,8000000,کارکرده,2026-09-03 11:14:57
sony_ps5,divar,100000000,کارکرده,2026-09-03 11:14:57
amd_rx_580,divar,54900000,در حد نو,2026-09-03 11:14:57
sony_ps4,divar,35000000,در حد نو,2026-09-03 11:14:57
sony_ps5,divar,90000000,کارکرده,2026-09-03 11:14:57
other_12,divar,109700000,کارکرده,2026-09-03 11:14:57
sony_ps5_slim,divar,10000,کارکرده,2026-09-03 11:14:57
apple_macbook_air_2012,divar,6000000,کارکرده,2026-09-03 11:14:57
apple_macbook_pro_intel,divar,18000000,کارکرده,2026-09-03 11:14:57
amd_rx_580,divar,10000000,کارکرده,2026-09-03 11:14:57
microsoft_xbox_one_s,divar,1000,کارکرده,2026-09-03 11:14:57
apple_256gb_ipad_pro_256,divar,105000000,کارکرده,2026-09-03 11:14:57
apple_apple_ipad_3rd,divar,32000000,کارکرده,2026-09-03 11:14:57
sony_k610,esam,1450000,دست دوم,2026-09-03 11:14:59
lenovo_lenovo_g50_80,esam,38500000,دست دوم,2026-09-03 11:14:59
other_101,esam,99000,دست دوم,2026-09-03 11:14:59
other_razr,esam,13500000,دست دوم,2026-09-03 11:14:59
samsung_galaxy_z_fold8_512gb,torob,390000000,نو,2026-09-03 11:15:00
apple_macbook_pro_2023_16inch_512gb,torob,446000000,نو,2026-09-03 11:15:00
lenovo_legion_7_3tb,torob,892440000,نو,2026-09-03 11:15:00
other_46_w46_max,digikala,2290000,نو,2026-09-03 13:29:30
other_53,digikala,2975000,نو,2026-09-03 13:29:30
other_2tb_sn850x_2tb,digikala,66000000,نو,2026-09-03 13:29:30
other_hd710m_pro_usb,digikala,22499000,نو,2026-09-03 13:29:30
lenovo_ideapad_1_256gb,digikala,68999000,نو,2026-09-03 13:29:30
other_46_gt_fit,digikala,3915000,نو,2026-09-03 13:29:30
xiaomi_xiaomi,digikala,17990000,نو,2026-09-03 13:29:30
samsung_galaxy_a56_256gb,digikala,133280000,نو,2026-09-03 13:29:30
asus_1tb_15_expertbook_b1,digikala,185000000,نو,2026-09-03 13:29:30
apple_iphone_17_pro_max,digikala,509999000,نو,2026-09-03 13:29:30
other_1tb_sata_hts721010a9e630,digikala,9000000,نو,2026-09-03 13:29:30
other_pr2,digikala,12500000,نو,2026-09-03 13:29:30
lenovo_256gb_15_v15_g5,digikala,148000000,نو,2026-09-03 13:29:30
asus_rog_strix_ram64gb_64gb,digikala,609000000,نو,2026-09-03 13:29:30
hp_512gb_15_fd0154wm_15,digikala,236990000,نو,2026-09-03 13:29:30
lenovo_thinkpad_l13_32gb,digikala,144000000,نو,2026-09-03 13:29:30
samsung_980_500,digikala,50000000,نو,2026-09-03 13:29:30
sony_wh_1000xm5_anc,digikala,53500000,نو,2026-09-03 13:29:30
asus_tuf_gaming_custom_ram48gb_512gb,digikala,442000000,نو,2026-09-03 13:29:30
other_cg580_white,digikala,14000000,نو,2026-09-03 13:29:30
nvidia_rtx_5060_16gb,digikala,359900000,نو,2026-09-03 13:29:30
nvidia_rtx_4080super,digikala,440000000,نو,2026-09-03 13:29:30
lenovo_32gb_15_v15_g4,digikala,116890000,نو,2026-09-03 13:29:30
other_elite_400w_v3,digikala,7500000,نو,2026-09-03 13:29:30
other_1tb_pcie_gen4_x4,digikala,26000000,نو,2026-09-03 13:29:30
lenovo_rtx_4050_16gb,digikala,269990000,نو,2026-09-03 13:29:30
asus_rog_strix_custom_2tb,digikala,585000000,نو,2026-09-03 13:29:30
asus_vivobook_14_custom_1tb,digikala,132000000,نو,2026-09-03 13:29:30
other_ear_open,digikala,15980000,نو,2026-09-03 13:29:30
other_256gb_pcie_gen3_x4,digikala,10650000,نو,2026-09-03 13:29:30
other_1tb_s20_1t_usb,digikala,46000000,نو,2026-09-03 13:29:30
other_hn_lightwieght_aequr,digikala,8459800,نو,2026-09-03 13:29:31
other_t400k_argb_lga1700,digikala,6100000,نو,2026-09-03 13:29:31
asus_vivobook_14_custom_32gb,digikala,161000000,نو,2026-09-03 13:29:31
lenovo_legion_5_custom_ram32gb_2tb,digikala,438500000,نو,2026-09-03 13:29:31
other_buds_plus,digikala,38000000,نو,2026-09-03 13:29:31
asus_vivobook_16_custom_ram48gb_1tb,digikala,212000000,نو,2026-09-03 13:29:31
nvidia_rtx_5060_32gb,digikala,340000000,نو,2026-09-03 13:29:31
lenovo_rtx_3050_16gb,digikala,189900000,نو,2026-09-03 13:29:31
other_mnr_conectivity_shark,digikala,6989000,نو,2026-09-03 13:29:31
other_plus_mon_wireless,digikala,9985000,نو,2026-09-03 13:29:31
nvidia_rtx_3050_64gb,digikala,288999000,نو,2026-09-03 13:29:31
other_ff_bowie_wireless,digikala,8621000,نو,2026-09-03 13:29:31
xiaomi_xiaomi,digikala,4800000,نو,2026-09-03 13:29:31
lenovo_rtx_5060_44gb,digikala,387000000,نو,2026-09-03 13:29:31
asus_rog_strix_custom_2tb,digikala,413000000,نو,2026-09-03 13:29:31
other_plus_bg_bullet,digikala,8985000,نو,2026-09-03 13:29:31
samsung_galaxy_a11_128gb,digikala,65000000,نو,2026-09-03 13:29:31
other_ddr5_5600_cl46,digikala,40000000,نو,2026-09-03 13:29:31
other_48_w2_sport,digikala,11239000,نو,2026-09-03 13:29:31
other_49_plus_c70,digikala,7980000,نو,2026-09-03 13:29:31
other_hbs_xl7,digikala,74000000,نو,2026-09-03 13:29:31
other_dg360,digikala,11490000,نو,2026-09-03 13:29:31
asus_vivobook_15_custom_1tb,digikala,115000000,نو,2026-09-03 13:29:31
other_ddr3_1333_cl9,digikala,1650000,نو,2026-09-03 13:29:31
samsung_galaxy,digikala,3500000,نو,2026-09-03 13:29:31
other_32gb_ultra_flair_cz73,digikala,11500000,نو,2026-09-03 13:29:31
other_46_x31_max,digikala,3300000,نو,2026-09-03 13:29:31
other_xs10,digikala,5500000,نو,2026-09-03 13:29:31
other_k11_pro,digikala,9600000,نو,2026-09-03 13:29:31
other_obesa_131,digikala,6897000,نو,2026-09-03 13:29:31
other_bs_output_pdx417,digikala,10000000,نو,2026-09-03 13:29:31
other_512gb_up200_512_usb,digikala,7000000,نو,2026-09-03 13:29:31
other_47_db2,digikala,2999000,نو,2026-09-03 13:29:31
other_mah_ergonomic_e13,digikala,6723000,نو,2026-09-03 13:29:31
samsung_galaxy,digikala,3400000,نو,2026-09-03 13:29:31
lenovo_legion,divar,1000,در حد نو,2026-09-03 13:29:35
sony_ps5,divar,5000000,کارکرده,2026-09-03 13:29:35
apple_macbook_pro_2015,divar,44000000,در حد نو,2026-09-03 13:29:35
other_256gb_13_pro_max,divar,183000000,در حد نو,2026-09-03 13:29:35
other_a57,divar,126000000,کارکرده,2026-09-03 13:29:35
apple_iphone_13,divar,103000000,در حد نو,2026-09-03 13:29:35
apple_iphone_17_pro_256gb,divar,433000000,کارکرده,2026-09-03 13:29:35
asus_rog_strix,divar,172000000,در حد نو,2026-09-03 13:29:35
apple_iphone,divar,218000000,کارکرده,2026-09-03 13:29:35
other_x7_pro,divar,3500000,در حد نو,2026-09-03 13:29:35
apple_macbook,divar,1000000,کارکرده,2026-09-03 13:29:35
apple_iphone,divar,450000000,کارکرده,2026-09-03 13:29:35
other_s21_fe,divar,35000000,کارکرده,2026-09-03 13:29:35
apple_iphone_13_pro_256gb,divar,140000000,در حد نو,2026-09-03 13:29:35
other_128gb_a07_128,divar,37500000,در حد نو,2026-09-03 13:29:35
apple_13_m4,divar,305000000,در حد نو,2026-09-03 13:29:35
apple_iphone_13,divar,40000000,کارکرده,2026-09-03 13:29:35
other_cpu_i7_9700k,divar,24000000,در حد نو,2026-09-03 13:29:35
other_256gb_14_pro_max,divar,145000000,کارکرده,2026-09-03 13:29:35
sony_ps5,divar,500000,کارکرده,2026-09-03 13:29:35
apple_macbook_pro_intel_2019_256gb,divar,78000000,در حد نو,2026-09-03 13:29:35
apple_iphone,divar,83000000,در حد نو,2026-09-03 13:29:35
apple_iphone_17,divar,140000000,در حد نو,2026-09-03 13:29:35
amd_rx_580,divar,13000000,کارکرده,2026-09-03 13:29:35
samsung_galaxy_a07_128gb,divar,25500000,کارکرده,2026-09-03 13:29:35
samsung_galaxy_a12,divar,15000000,در حد نو,2026-09-03 13:29:35
apple_iphone,divar,14000000,کارکرده,2026-09-03 13:29:35
sony_ps5,divar,888888888,کارکرده,2026-09-03 13:29:35
sony_ps5,divar,999000000,کارکرده,2026-09-03 13:29:35
sony_ps5,divar,2000000,کارکرده,2026-09-03 13:29:35
amd_rx_580,divar,7000000,نو (پلمپ/آکبند),2026-09-03 13:29:35
sony_ps4,divar,40000000,کارکرده,2026-09-03 13:29:35
apple_macbook_pro_m1,divar,118800000,در حد نو,2026-09-03 13:29:35
amd_rx_5700xt,divar,21000000,در حد نو,2026-09-03 13:29:35
sony_ps5_slim,divar,10000,کارکرده,2026-09-03 13:29:35
sony_ps5,divar,100000000,کارکرده,2026-09-03 13:29:35
apple_macbook_pro_2022,divar,159000000,در حد نو,2026-09-03 13:29:35
amd_rx_6900xt_16gb,divar,97000000,در حد نو,2026-09-03 13:29:35
amd_rx_5700xt,divar,41000000,کارکرده,2026-09-03 13:29:35
sony_ps4,divar,40000000,کارکرده,2026-09-03 13:29:35
apple_512gb_ipad_pro_m4,divar,200000000,در حد نو,2026-09-03 13:29:35
apple_macbook_pro_2022,divar,159000000,در حد نو,2026-09-03 13:29:35
amd_rx_580,divar,10500000,در حد نو,2026-09-03 13:29:35
sony_ps5,divar,150000,کارکرده,2026-09-03 13:29:35
nvidia_rx_580,divar,785000000,کارکرده,2026-09-03 13:29:35
sony_ps5,divar,900000,کارکرده,2026-09-03 13:29:35
apple_macbook_pro,divar,68800000,در حد نو,2026-09-03 13:29:35
amd_rx_580,divar,10500000,در حد نو,2026-09-03 13:29:35
sony_ps5,divar,900000,کارکرده,2026-09-03 13:29:35
sony_ps5,divar,50000,کارکرده,2026-09-03 13:29:35
amd_rx_580,divar,10000000,در حد نو,2026-09-03 13:29:35
sony_ps5,divar,50000000,کارکرده,2026-09-03 13:29:35
amd_rx_580,divar,10500000,در حد نو,2026-09-03 13:29:35
sony_ps5,divar,90000000,کارکرده,2026-09-03 13:29:35
amd_rx_5700xt,divar,165000000,در حد نو,2026-09-03 13:29:35
sony_ps5_slim,divar,10000,کارکرده,2026-09-03 13:29:35
sony_ps5,divar,100000,کارکرده,2026-09-03 13:29:35
apple_macbook_pro_m1_pro_14inch,divar,158000000,در حد نو,2026-09-03 13:29:35
amd_rx_6700xt,divar,59000000,در حد نو,2026-09-03 13:29:35
sony_ps5,divar,100000,کارکرده,2026-09-03 13:29:35
sony_ps5,divar,888888888,کارکرده,2026-09-03 13:29:35
apple_macbook,divar,99000000,در حد نو,2026-09-03 13:29:35
apple_macbook,divar,30000000,در حد نو,2026-09-03 13:29:35
amd_rx_580,divar,8000000,کارکرده,2026-09-03 13:29:35
sony_ps5,divar,1000,کارکرده,2026-09-03 13:29:35
apple_macbook_air_m1,divar,100000000,در حد نو,2026-09-03 13:29:35
apple_macbook_pro,divar,220000000,کارکرده,2026-09-03 13:29:35
sony_ps4,divar,40000000,کارکرده,2026-09-03 13:29:35
sony_ps5,divar,100000,کارکرده,2026-09-03 13:29:35
apple_macbook_pro,divar,350000000,کارکرده,2026-09-03 13:29:35
other_item_70702bdf,divar,600000,کارکرده,2026-09-03 13:29:35
sony_ps5,divar,10000,کارکرده,2026-09-03 13:29:35
apple_macbook_2019,divar,75000000,در حد نو,2026-09-03 13:29:35
apple_macbook_pro_m1_pro_14inch,divar,158000000,در حد نو,2026-09-03 13:29:35
amd_rx_5700xt,divar,165000000,در حد نو,2026-09-03 13:29:35
sony_ps5,divar,100000,کارکرده,2026-09-03 13:29:35
apple_macbook_pro_m1_pro_14inch,divar,158000000,در حد نو,2026-09-03 13:29:35
apple_macbook_air_2013,divar,10000000,کارکرده,2026-09-03 13:29:35
amd_rx_580,divar,15000000,کارکرده,2026-09-03 13:29:35
sony_ps5,divar,10000,کارکرده,2026-09-03 13:29:35
apple_macbook_air_m4,divar,195000000,در حد نو,2026-09-03 13:29:35
amd_rx_5700xt,divar,165000000,در حد نو,2026-09-03 13:29:35
amd_rx_6900xt,divar,86500000,در حد نو,2026-09-03 13:29:35
sony_ps5,divar,95000000,در حد نو,2026-09-03 13:29:35
amd_rx_6800xt,divar,75500000,کارکرده,2026-09-03 13:29:35
sony_ps5,divar,888888888,کارکرده,2026-09-03 13:29:35
amd_rx_6700xt,divar,57000000,در حد نو,2026-09-03 13:29:35
sony_ps5,divar,98000000,در حد نو,2026-09-03 13:29:35
amd_rx_6900xt,divar,86500000,در حد نو,2026-09-03 13:29:35
sony_ps5,divar,98000000,در حد نو,2026-09-03 13:29:35
apple_macbook_air_m4,divar,3900000,کارکرده,2026-09-03 13:29:35
amd_rx_580,divar,54900000,در حد نو,2026-09-03 13:29:35
sony_ps5,divar,90000000,کارکرده,2026-09-03 13:29:35
apple_macbook_air,divar,49000000,در حد نو,2026-09-03 13:29:35
apple_macbook_pro,divar,3350000,کارکرده,2026-09-03 13:29:35
amd_rx_580,divar,11700000,در حد نو,2026-09-03 13:29:35
sony_ps5,divar,9800000,کارکرده,2026-09-03 13:29:35
sony_ps5,divar,39900000,کارکرده,2026-09-03 13:29:35
sony_ps5,divar,100000000,کارکرده,2026-09-03 13:29:35
apple_macbook_pro_m3_512gb,divar,330000000,کارکرده,2026-09-03 13:29:35
sony_ps5,divar,50000000,کارکرده,2026-09-03 13:29:35
microsoft_xbox,divar,300000,کارکرده,2026-09-03 13:29:35
apple_macbook_air_m1_256gb,divar,96000000,در حد نو,2026-09-03 13:29:35
amd_rx_6700xt,divar,57000000,در حد نو,2026-09-03 13:29:35
sony_ps5,divar,49000000,در حد نو,2026-09-03 13:29:35
apple_macbook_pro_m1_pro,divar,135500000,در حد نو,2026-09-03 13:29:35
sony_ps5,divar,1500000,کارکرده,2026-09-03 13:29:35
apple_macbook_air_m4,divar,195000000,در حد نو,2026-09-03 13:29:35
sony_ps5,divar,1500000,کارکرده,2026-09-03 13:29:35
apple_macbook_pro,divar,125000000,در حد نو,2026-09-03 13:29:35
apple_macbook,divar,30000000,در حد نو,2026-09-03 13:29:35
amd_rx_6600,divar,84900000,کارکرده,2026-09-03 13:29:35
microsoft_xbox,divar,1000,کارکرده,2026-09-03 13:29:35
microsoft_xbox,divar,1000,کارکرده,2026-09-03 13:29:35
apple_macbook_pro_2012,divar,22000000,کارکرده,2026-09-03 13:29:35
amd_rx_580,divar,54900000,در حد نو,2026-09-03 13:29:35
sony_ps5,divar,900000,کارکرده,2026-09-03 13:29:35
sony_ps5,divar,850000,کارکرده,2026-09-03 13:29:35
apple_macbook_air_2020,divar,83000000,در حد نو,2026-09-03 13:29:35
amd_rx_580,divar,13000000,در حد نو,2026-09-03 13:29:35
sony_ps5,divar,300000,کارکرده,2026-09-03 13:29:35
apple_macbook_pro_2019,divar,140000000,کارکرده,2026-09-03 13:29:35
amd_rx_5700xt,divar,35500000,در حد نو,2026-09-03 13:29:35
sony_ps5,divar,100000,کارکرده,2026-09-03 13:29:35
sony_ps4,divar,100000,کارکرده,2026-09-03 13:29:35
other_200,divar,24800000,در حد نو,2026-09-03 13:29:35
other_128gb_1280,esam,1500000,دست دوم,2026-09-03 13:29:36
lenovo_i7_t420,esam,2000000,نو,2026-09-03 13:29:36
sony_sony_f100,esam,18000000,دست دوم,2026-09-03 13:29:36
dell_dell_3520,esam,54000000,دست دوم,2026-09-03 13:29:36
other_motorola,esam,5000000,دست دوم,2026-09-03 13:29:36
apple_iphone_13promax,torob,429000,نو,2026-09-03 13:29:37
apple_macbook_air_m1_512gb,torob,115000000,نو,2026-09-03 13:29:37
lenovo_ideapad__512gb,torob,67990000,نو,2026-09-03 13:29:37
other_46_elite2,digikala,12000000,نو,2026-09-03 13:42:13
other_fan_bass_15,digikala,6963320,نو,2026-09-03 13:42:13
other_soundcore_a20i_usb,digikala,7438200,نو,2026-09-03 13:42:13
other_mini,digikala,8750000,نو,2026-09-03 13:42:13
asus_rtx_5050,digikala,85427400,نو,2026-09-03 13:42:13
other_256gb_spark_30_pro,digikala,56750000,نو,2026-09-03 13:42:13
asus_vivobook_15_512gb,digikala,132000000,نو,2026-09-03 13:42:13
nvidia_rtx_4060ti,digikala,152500000,نو,2026-09-03 13:42:13
microsoft_512gb_13_surface_pro,digikala,380920000,نو,2026-09-03 13:42:13
other_tws,digikala,7200000,نو,2026-09-03 13:42:13
samsung_galaxy_a26_128gb,digikala,87000000,نو,2026-09-03 13:42:13
asus_tuf_gaming_custom_ram40gb_2tb,digikala,415000000,نو,2026-09-03 13:42:13
asus_tuf_gaming_ram32gb_1tb,digikala,388990000,نو,2026-09-03 13:42:13
asus_vivobook_15_custom_1tb,digikala,169000000,نو,2026-09-03 13:42:13
other_48_cheetah_pro,digikala,105300000,نو,2026-09-03 13:42:13
other_1tb_ac633,digikala,23960000,نو,2026-09-03 13:42:13
other_solo_buds_a3152,digikala,22000000,نو,2026-09-03 13:42:13
asus_tuf_gaming_custom_2tb,digikala,354990000,نو,2026-09-03 13:42:13
hp_custom_ram64gb_64gb,digikala,464900000,نو,2026-09-03 13:42:13
xiaomi_xiaomi,digikala,14000000,نو,2026-09-03 13:42:13
other_ddr3_1600_kvr,digikala,1850000,نو,2026-09-03 13:42:13
lenovo_ideapad__512gb,digikala,102700000,نو,2026-09-03 13:42:13
other_power_pf600,digikala,12300000,نو,2026-09-03 13:42:13
other_game_stick_4k,digikala,4900000,نو,2026-09-03 13:42:13
other_1tb_pcie_gen4_x4,digikala,26500000,نو,2026-09-03 13:42:13
asus_vivobook_15_custom_32gb,digikala,117990000,نو,2026-09-03 13:42:13
asus_tuf_gaming,digikala,33000000,نو,2026-09-03 13:42:13
other_49_cristalloap,digikala,6698770,نو,2026-09-03 13:42:13
other_sata_iii_spatium,digikala,20100000,نو,2026-09-03 13:42:13
other_44_jsh_ultimate,digikala,9423000,نو,2026-09-03 13:42:13
other_skuld_h878,digikala,9150000,نو,2026-09-03 13:42:13
asus_tuf_gaming_custom_ram64gb_64gb,digikala,376000000,نو,2026-09-03 13:42:13
other_128gb_ddr3l_1600_cl11,digikala,3300000,نو,2026-09-03 13:42:13
asus_tuf_gaming_custom_2tb,digikala,213000000,نو,2026-09-03 13:42:13
other_i30,digikala,1500000,نو,2026-09-03 13:42:13
asus_tuf_gaming_custom_1tb,digikala,257000000,نو,2026-09-03 13:42:13
other_fg_12400,digikala,154000000,نو,2026-09-03 13:42:13
other_kdy_trex_lopenal,digikala,68370000,نو,2026-09-03 13:42:13
hp_rs_ensuring_3300,digikala,7330000,نو,2026-09-03 13:42:13
hp_hp202_15809,digikala,21400000,نو,2026-09-03 13:42:13
other_plus_emd_ensuring,digikala,9652000,نو,2026-09-03 13:42:13
other_ahm08_max,digikala,11000000,نو,2026-09-03 13:42:13
intel_box55,digikala,999000,نو,2026-09-03 13:42:13
samsung_galaxy_a55_256gb,digikala,93500000,نو,2026-09-03 13:42:13
nvidia_rtx_3050_32gb,digikala,258000000,نو,2026-09-03 13:42:13
intel_pentium4_531_tray,digikala,306000,نو,2026-09-03 13:42:13
other_b760m_pro_wifi,digikala,26100000,نو,2026-09-03 13:42:13
asus_vivobook_15_custom_ram40gb_512gb,digikala,146990000,نو,2026-09-03 13:42:13
other_dt01aca100,digikala,14000000,نو,2026-09-03 13:42:13
other_83_xw1,digikala,3620000,نو,2026-09-03 13:42:13
other_hk10_ultra,digikala,6200000,نو,2026-09-03 13:42:13
other_32gb_32_glow_sw906,digikala,10026000,نو,2026-09-03 13:42:13
other_bab_wirless_bowie,digikala,6985000,نو,2026-09-03 13:42:13
other_128gb_ascend_s601_128,digikala,5300000,نو,2026-09-03 13:42:13
other_hw16,digikala,1900000,نو,2026-09-03 13:42:13
samsung_galaxy,digikala,3150000,نو,2026-09-03 13:42:13
lenovo_rtx_5060_44gb,digikala,391000000,نو,2026-09-03 13:42:13
apple_iphone_12_pro,divar,25000000,در حد نو,2026-09-03 13:42:17
apple_iphone_12_pro_max,divar,110000000,در حد نو,2026-09-03 13:42:17
other_s22_ultra,divar,60000000,کارکرده,2026-09-03 13:42:17
other_128gb_128,divar,22000000,کارکرده,2026-09-03 13:42:17
apple_iphone,divar,190000000,کارکرده,2026-09-03 13:42:17
apple_iphone,divar,85000000,کارکرده,2026-09-03 13:42:17
apple_iphone_16_512gb,divar,198900000,در حد نو,2026-09-03 13:42:17
apple_ipad,divar,16300000,در حد نو,2026-09-03 13:42:17
other_15_pro_max,divar,180000000,کارکرده,2026-09-03 13:42:17
apple_iphone_12_pro_max,divar,43000000,در حد نو,2026-09-03 13:42:17
apple_macbook_air,divar,110000000,در حد نو,2026-09-03 13:42:17
sony_ps5,divar,1000,کارکرده,2026-09-03 13:42:17
apple_iphone_17_pro_max,divar,250000000,کارکرده,2026-09-03 13:42:17
apple_macbook_pro_2019,divar,118000000,در حد نو,2026-09-03 13:42:17
sony_ps5,divar,200000,در حد نو,2026-09-03 13:42:17
samsung_galaxy_a17,divar,44000000,در حد نو,2026-09-03 13:42:17
samsung_galaxy_a07,divar,42000000,در حد نو,2026-09-03 13:42:17
sony_ps5,divar,1200000,کارکرده,2026-09-03 13:42:17
samsung_galaxy_a05,divar,19000000,کارکرده,2026-09-03 13:42:17
microsoft_xbox_one_s,divar,1000,کارکرده,2026-09-03 13:42:17
samsung_galaxy_a35_256gb,divar,55000000,در حد نو,2026-09-03 13:42:17
apple_macbook,divar,30000000,در حد نو,2026-09-03 13:42:17
apple_iphone_14_pro_max,divar,170000000,در حد نو,2026-09-03 13:42:17
sony_ps5,divar,999000000,کارکرده,2026-09-03 13:42:17
apple_iphone_17_pro_max,divar,130000000,کارکرده,2026-09-03 13:42:17
amd_rx_580,divar,10500000,در حد نو,2026-09-03 13:42:17
sony_ps5,divar,1300000,در حد نو,2026-09-03 13:42:17
amd_rx_580,divar,8000000,کارکرده,2026-09-03 13:42:17
sony_ps5,divar,500000,کارکرده,2026-09-03 13:42:17
sony_ps5,divar,999000000,کارکرده,2026-09-03 13:42:17
apple_macbook_pro,divar,35000000,در حد نو,2026-09-03 13:42:17
amd_rx_580,divar,7000000,نو (پلمپ/آکبند),2026-09-03 13:42:17
sony_ps5,divar,2000000,کارکرده,2026-09-03 13:42:17
apple_macbook_pro_m1_pro,divar,200000000,کارکرده,2026-09-03 13:42:17
amd_rx_6700xt,divar,59000000,در حد نو,2026-09-03 13:42:17
sony_ps5,divar,7000000,در حد نو,2026-09-03 13:42:17
apple_macbook_pro_m1,divar,118800000,در حد نو,2026-09-03 13:42:17
apple_macbook_pro_2012,divar,10200000,کارکرده,2026-09-03 13:42:17
amd_rx_6900xt,divar,101000000,در حد نو,2026-09-03 13:42:17
sony_ps5,divar,1000,کارکرده,2026-09-03 13:42:17
amd_rx_580,divar,9950000,در حد نو,2026-09-03 13:42:17
sony_ps5,divar,900000,کارکرده,2026-09-03 13:42:17
apple_macbook_pro_2012,divar,30000000,کارکرده,2026-09-03 13:42:17
amd_rx_580,divar,12500000,در حد نو,2026-09-03 13:42:17
amd_rx_6800,divar,180000000,کارکرده,2026-09-03 13:42:17
sony_ps5,divar,500000,کارکرده,2026-09-03 13:42:17
amd_rx_6900xt_16gb,divar,97000000,در حد نو,2026-09-03 13:42:17
sony_ps5,divar,90000000,کارکرده,2026-09-03 13:42:17
amd_rx_5700xt,divar,165000000,در حد نو,2026-09-03 13:42:17
sony_ps5,divar,50000,کارکرده,2026-09-03 13:42:17
apple_macbook_pro_m3,divar,89000000,در حد نو,2026-09-03 13:42:17
amd_rx_6800,divar,75000000,در حد نو,2026-09-03 13:42:17
sony_ps4,divar,68000000,در حد نو,2026-09-03 13:42:17
amd_rx_580,divar,10500000,در حد نو,2026-09-03 13:42:17
sony_ps4,divar,68000000,در حد نو,2026-09-03 13:42:17
microsoft_xbox,divar,20000000,کارکرده,2026-09-03 13:42:17
apple_macbook_pro,divar,350000000,کارکرده,2026-09-03 13:42:17
sony_ps5,divar,100000,کارکرده,2026-09-03 13:42:17
sony_ps5,divar,150000,کارکرده,2026-09-03 13:42:17
apple_macbook_air,divar,49000000,در حد نو,2026-09-03 13:42:17
amd_rx_6700xt,divar,57000000,در حد نو,2026-09-03 13:42:17
sony_ps5,divar,150000,کارکرده,2026-09-03 13:42:17
sony_ps5,divar,100000000,کارکرده,2026-09-03 13:42:17
sony_ps5,divar,50000,کارکرده,2026-09-03 13:42:17
apple_macbook_pro,divar,177000000,در حد نو,2026-09-03 13:42:17
apple_macbook_pro,divar,350000000,کارکرده,2026-09-03 13:42:17
amd_rx_580,divar,15000000,کارکرده,2026-09-03 13:42:17
sony_ps5,divar,1000,کارکرده,2026-09-03 13:42:17
apple_macbook_2019,divar,75000000,در حد نو,2026-09-03 13:42:17
apple_macbook_pro,divar,26000000,در حد نو,2026-09-03 13:42:17
amd_rx_5700xt,divar,33500000,کارکرده,2026-09-03 13:42:17
sony_ps5,divar,100000,کارکرده,2026-09-03 13:42:17
apple_macbook_air,divar,49000000,در حد نو,2026-09-03 13:42:17
amd_rx_580,divar,11700000,در حد نو,2026-09-03 13:42:17
sony_ps5,divar,2500000,کارکرده,2026-09-03 13:42:17
apple_macbook_pro,divar,17900000,کارکرده,2026-09-03 13:42:17
sony_ps5,divar,10000,کارکرده,2026-09-03 13:42:17
apple_macbook_pro_m2,divar,185000000,در حد نو,2026-09-03 13:42:17
apple_macbook_pro_m2,divar,185000000,در حد نو,2026-09-03 13:42:17
amd_rx_6800,divar,75000000,در حد نو,2026-09-03 13:42:17
sony_ps5,divar,1000,کارکرده,2026-09-03 13:42:17
asus_tuf_gaming,divar,13800000,در حد نو,2026-09-03 13:42:17
apple_macbook_pro_m1_pro,divar,216000000,در حد نو,2026-09-03 13:42:17
amd_rx_6700xt,divar,61000000,در حد نو,2026-09-03 13:42:17
sony_ps5,divar,98000000,کارکرده,2026-09-03 13:42:17
sony_ps5,divar,100000000,کارکرده,2026-09-03 13:42:17
sony_ps5,divar,20000000,کارکرده,2026-09-03 13:42:17
apple_macbook_pro_m3,divar,230000000,کارکرده,2026-09-03 13:42:17
apple_macbook_air_2018,divar,57000000,در حد نو,2026-09-03 13:42:17
amd_rx_6900xt,divar,86500000,در حد نو,2026-09-03 13:42:17
sony_ps5,divar,1000000,کارکرده,2026-09-03 13:42:17
sony_ps5,divar,10000,در حد نو,2026-09-03 13:42:17
apple_macbook,divar,5000000,کارکرده,2026-09-03 13:42:17
amd_rx_5700xt,divar,33500000,کارکرده,2026-09-03 13:42:17
sony_ps5,divar,90000000,کارکرده,2026-09-03 13:42:17
sony_ps5,divar,90000000,کارکرده,2026-09-03 13:42:17
amd_rx_580,divar,55200000,در حد نو,2026-09-03 13:42:17
sony_ps5,divar,90000000,کارکرده,2026-09-03 13:42:17
apple_macbook,divar,58000000,کارکرده,2026-09-03 13:42:17
sony_ps5,divar,200000,کارکرده,2026-09-03 13:42:17
apple_macbook,divar,2000000000,توافقی,2026-09-03 13:42:17
amd_rx_580,divar,1000,در حد نو,2026-09-03 13:42:17
amd_rx_580,divar,11700000,در حد نو,2026-09-03 13:42:17
sony_ps5,divar,1500000,کارکرده,2026-09-03 13:42:17
apple_macbook,divar,450000000,در حد نو,2026-09-03 13:42:17
sony_ps5,divar,2000000,کارکرده,2026-09-03 13:42:17
apple_macbook_pro_m2,divar,180000000,در حد نو,2026-09-03 13:42:17
apple_macbook_pro_2012,divar,22000000,کارکرده,2026-09-03 13:42:17
amd_rx_6600,divar,35900000,در حد نو,2026-09-03 13:42:17
sony_ps5,divar,2000000,کارکرده,2026-09-03 13:42:17
sony_ps5,divar,98000000,کارکرده,2026-09-03 13:42:17
sony_ps5,divar,40000000,در حد نو,2026-09-03 13:42:17
amd_rx_5700xt,divar,35000000,کارکرده,2026-09-03 13:42:17
amd_rx_6800,divar,109000000,کارکرده,2026-09-03 13:42:17
apple_macbook_air_2017,divar,38000000,در حد نو,2026-09-03 13:42:17
amd_rx_580,divar,54900000,در حد نو,2026-09-03 13:42:17
amd_rx_590,divar,17500000,در حد نو,2026-09-03 13:42:17
sony_ps5,divar,1000,کارکرده,2026-09-03 13:42:17
sony_ps5,divar,80000000,کارکرده,2026-09-03 13:42:17
sony_ps5,divar,80000000,کارکرده,2026-09-03 13:42:17
sony_ps5,divar,95000000,کارکرده,2026-09-03 13:42:17
apple_256gb_ipad_pro_256,divar,105000000,کارکرده,2026-09-03 13:42:17
apple_macbook_pro_2019,divar,140000000,کارکرده,2026-09-03 13:42:17
other_100,esam,99000,دست دوم,2026-09-03 13:42:19
other_11,esam,250000,دست دوم,2026-09-03 13:42:19
apple_iphone_12_pro,torob,1380000,نو,2026-09-03 13:42:19
apple_macbook_air_m3_512gb,torob,245000000,نو,2026-09-03 13:42:19
lenovo_ideapad__512gb,torob,131000000,نو,2026-09-03 13:42:19
other_tz6700e1,digikala,41490000,نو,2026-09-03 13:57:11
other_fan_bass_15,digikala,6963320,نو,2026-09-03 13:57:11
other_fg_740m,digikala,8580000,نو,2026-09-03 13:57:11
other_soundcore_a20i_usb,digikala,7438200,نو,2026-09-03 13:57:11
samsung_galaxy_s11_128gb,digikala,189210000,نو,2026-09-03 13:57:11
other_k92,digikala,19500000,نو,2026-09-03 13:57:11
samsung_1tb_t9_usb_gen2,digikala,46300000,نو,2026-09-03 13:57:11
other_ear,digikala,22900000,نو,2026-09-03 13:57:11
lenovo_ideapad__32gb,digikala,143000000,نو,2026-09-03 13:57:11
lenovo_rtx_4050_8gb,digikala,210000000,نو,2026-09-03 13:57:11
xiaomi_xiaomi,digikala,3798000,نو,2026-09-03 13:57:11
apple_46_series_11,digikala,99080000,نو,2026-09-03 13:57:11
other_5710_xpressaudio,digikala,9899000,نو,2026-09-03 13:57:11
asus_tuf_gaming_custom_ram32gb_2tb,digikala,386000000,نو,2026-09-03 13:57:11
asus_64gb_15_expertbook_p1,digikala,354000000,نو,2026-09-03 13:57:11
hp_512gb_15_fd0154wm_15,digikala,147990000,نو,2026-09-03 13:57:11
asus_vivobook_15_custom_32gb,digikala,110000000,نو,2026-09-03 13:57:11
samsung_4tb_t9_usb_gen2,digikala,187000000,نو,2026-09-03 13:57:11
asus_prime_750w_gold,digikala,21990000,نو,2026-09-03 13:57:11
asus_rog_strix_custom_ram32gb_4tb,digikala,620000000,نو,2026-09-03 13:57:11
other_32gb_ddr4_3200_cl22,digikala,21500000,نو,2026-09-03 13:57:11
other_sh_eartip_bowie,digikala,8985000,نو,2026-09-03 13:57:11
asus_vivobook_14_custom_1tb,digikala,178000000,نو,2026-09-03 13:57:11
other_openmeet,digikala,49500000,نو,2026-09-03 13:57:11
asus_vivobook_15_custom_2tb,digikala,198000000,نو,2026-09-03 13:57:11
other_seven_plus_one,digikala,9900000,نو,2026-09-03 13:57:11
lenovo_rtx_4050_16gb,digikala,278000000,نو,2026-09-03 13:57:11
apple_46_series_11,digikala,85000000,نو,2026-09-03 13:57:11
samsung_galaxy,digikala,3800000,نو,2026-09-03 13:57:11
samsung_galaxy,digikala,3655000,نو,2026-09-03 13:57:11
microsoft_512gb_13_surface_pro,digikala,290290000,نو,2026-09-03 13:57:11
other_1tb_pcie_gen4_x4,digikala,29500000,نو,2026-09-03 13:57:11
other_46_gc_air,digikala,6000000,نو,2026-09-03 13:57:11
other_msn_necklace_lite,digikala,7352000,نو,2026-09-03 13:57:11
asus_vivobook_14_custom_256gb,digikala,116000000,نو,2026-09-03 13:57:11
lenovo_rtx_5050_32gb,digikala,272000000,نو,2026-09-03 13:57:11
other_h1s_noise_cancellation,digikala,9980000,نو,2026-09-03 13:57:11
asus_vivobook_16_custom_1tb,digikala,175000000,نو,2026-09-03 13:57:11
asus_rtx_4050_16gb,digikala,229880000,نو,2026-09-03 13:57:11
lenovo_rtx_5050_32gb,digikala,295900000,نو,2026-09-03 13:57:11
other_sn_bass_41,digikala,13856000,نو,2026-09-03 13:57:11
other_plus_mon_provides,digikala,9889000,نو,2026-09-03 13:57:11
asus_vivobook_16_32gb,digikala,169900000,نو,2026-09-03 13:57:11
other_tza_at2_anc,digikala,7989000,نو,2026-09-03 13:57:11
intel_core_i3_9100,digikala,7800000,نو,2026-09-03 13:57:11
other_trance_bass_12226,digikala,8900000,نو,2026-09-03 13:57:11
other_plus_hlo_various,digikala,8965000,نو,2026-09-03 13:57:11
other_fg_880,digikala,16800000,نو,2026-09-03 13:57:11
other_49_ultra,digikala,3600000,نو,2026-09-03 13:57:11
other_ultimate,digikala,5150000,نو,2026-09-03 13:57:11
other_google_pixel_buds,digikala,61900000,نو,2026-09-03 13:57:11
other_boreas_m2_51d,digikala,7300000,نو,2026-09-03 13:57:11
asus_vivobook_15_32gb,digikala,109990000,نو,2026-09-03 13:57:11
amd_rx_580_16gb,digikala,110000000,نو,2026-09-03 13:57:11
other_512gb_elitedrive_512_usb,digikala,13300000,نو,2026-09-03 13:57:11
other_36_tn_88,digikala,3540000,نو,2026-09-03 13:57:11
other_27_sk6_mini,digikala,6000000,نو,2026-09-03 13:57:11
other_smart_41,digikala,9985000,نو,2026-09-03 13:57:11
other_zhr_sunstone_feature,digikala,6963000,نو,2026-09-03 13:57:11
lenovo_rtx_5060_64gb,digikala,438000000,نو,2026-09-03 13:57:11
other_ultra2_49mm,digikala,1890000,نو,2026-09-03 13:57:11
other_x50_dazl,digikala,3200000,نو,2026-09-03 13:57:11
xiaomi_xiaomi,digikala,3150000,نو,2026-09-03 13:57:11
lenovo_ideapad__512gb,digikala,109000000,نو,2026-09-03 13:57:11
sony_ps5,divar,1500000,کارکرده,2026-09-03 13:57:15
lenovo_legion_5,divar,250000000,کارکرده,2026-09-03 13:57:15
apple_iphone_14_pro_max_128gb,divar,119000000,کارکرده,2026-09-03 13:57:15
apple_macbook_air_m2,divar,150000000,در حد نو,2026-09-03 13:57:15
apple_iphone_13,divar,87000000,در حد نو,2026-09-03 13:57:15
other_i7,divar,55700000,در حد نو,2026-09-03 13:57:15
apple_macbook_pro_2020,divar,125000000,در حد نو,2026-09-03 13:57:15
other_a56,divar,89500000,در حد نو,2026-09-03 13:57:15
apple_iphone_se,divar,15000000,کارکرده,2026-09-03 13:57:15
apple_iphone_14_pro,divar,121000000,در حد نو,2026-09-03 13:57:15
apple_iphone_13promax_256gb,divar,159000000,در حد نو,2026-09-03 13:57:15
apple_macbook_air_2023,divar,157000000,در حد نو,2026-09-03 13:57:15
samsung_galaxy_a17,divar,60000000,کارکرده,2026-09-03 13:57:15
apple_iphone_13pro,divar,92000000,کارکرده,2026-09-03 13:57:15
sony_ps5,divar,550000,کارکرده,2026-09-03 13:57:15
samsung_galaxy_a01,divar,6000000,کارکرده,2026-09-03 13:57:15
samsung_galaxy_a51,divar,21500000,کارکرده,2026-09-03 13:57:15
apple_iphone_13_pro_1tb,divar,140000000,کارکرده,2026-09-03 13:57:15
other_s23_fe,divar,65000000,کارکرده,2026-09-03 13:57:15
other_128gb_a73_128_ram,divar,33000000,در حد نو,2026-09-03 13:57:15
apple_iphone,divar,21000000,کارکرده,2026-09-03 13:57:15
apple_iphone_17_pro_max,divar,120000000,کارکرده,2026-09-03 13:57:15
samsung_item_51bd5d2b,divar,5000000,کارکرده,2026-09-03 13:57:15
sony_ps5,divar,111111111,کارکرده,2026-09-03 13:57:15
amd_rx_5700,divar,35000000,در حد نو,2026-09-03 13:57:15
xiaomi_xiaomi,divar,7000000,کارکرده,2026-09-03 13:57:15
amd_rx_580,divar,7000000,نو (پلمپ/آکبند),2026-09-03 13:57:15
microsoft_xbox,divar,20000000,کارکرده,2026-09-03 13:57:15
apple_macbook_pro_m1_pro,divar,200000000,کارکرده,2026-09-03 13:57:15
sony_ps5_pro,divar,49000000,در حد نو,2026-09-03 13:57:15
apple_macbook_pro,divar,68800000,در حد نو,2026-09-03 13:57:15
amd_rx_7900xt,divar,165000000,در حد نو,2026-09-03 13:57:15
sony_ps5,divar,150000,کارکرده,2026-09-03 13:57:15
amd_rx_580,divar,9950000,در حد نو,2026-09-03 13:57:15
sony_ps5,divar,100000,کارکرده,2026-09-03 13:57:15
apple_macbook_air_m1,divar,99000000,در حد نو,2026-09-03 13:57:15
apple_macbook_pro_m1,divar,120000000,در حد نو,2026-09-03 13:57:15
amd_rx_580,divar,7000000,نو (پلمپ/آکبند),2026-09-03 13:57:15
sony_ps5,divar,100000,کارکرده,2026-09-03 13:57:15
amd_rx_6800,divar,180000000,کارکرده,2026-09-03 13:57:15
sony_ps5,divar,1000000,کارکرده,2026-09-03 13:57:15
sony_ps5,divar,80000000,کارکرده,2026-09-03 13:57:15
amd_rx_470,divar,6200000,کارکرده,2026-09-03 13:57:15
sony_ps5,divar,2000000,کارکرده,2026-09-03 13:57:15
amd_rx_580,divar,10000000,در حد نو,2026-09-03 13:57:15
sony_ps5,divar,1000,کارکرده,2026-09-03 13:57:15
amd_rx_580,divar,12000000,کارکرده,2026-09-03 13:57:15
sony_ps5,divar,95000000,کارکرده,2026-09-03 13:57:15
sony_ps5,divar,888888888,کارکرده,2026-09-03 13:57:15
amd_rx_580,divar,12000000,کارکرده,2026-09-03 13:57:15
sony_ps5,divar,100000,کارکرده,2026-09-03 13:57:15
apple_macbook_pro,divar,26000000,در حد نو,2026-09-03 13:57:15
amd_rx_6900xt,divar,92000000,در حد نو,2026-09-03 13:57:15
sony_ps4,divar,40000000,کارکرده,2026-09-03 13:57:15
sony_ps5,divar,100000,کارکرده,2026-09-03 13:57:15
sony_ps5,divar,100000,کارکرده,2026-09-03 13:57:15
apple_macbook_pro,divar,350000000,کارکرده,2026-09-03 13:57:15
microsoft_xbox,divar,20000000,کارکرده,2026-09-03 13:57:15
sony_ps5,divar,888888888,کارکرده,2026-09-03 13:57:15
apple_macbook_air_m4,divar,3900000,کارکرده,2026-09-03 13:57:15
amd_rx_6700xt,divar,61000000,در حد نو,2026-09-03 13:57:15
amd_rx_580,divar,12000000,در حد نو,2026-09-03 13:57:15
microsoft_xbox,divar,1000,کارکرده,2026-09-03 13:57:15
sony_ps5,divar,100000,کارکرده,2026-09-03 13:57:15
microsoft_xbox,divar,1000,کارکرده,2026-09-03 13:57:15
apple_macbook_pro,divar,177000000,در حد نو,2026-09-03 13:57:15
amd_rx_5700xt,divar,165000000,در حد نو,2026-09-03 13:57:15
sony_ps5,divar,1000,کارکرده,2026-09-03 13:57:15
sony_ps5,divar,150000,کارکرده,2026-09-03 13:57:15
amd_rx_5700xt,divar,33500000,کارکرده,2026-09-03 13:57:15
amd_rx_590,divar,16500000,در حد نو,2026-09-03 13:57:15
sony_ps5,divar,888888888,کارکرده,2026-09-03 13:57:15
apple_macbook_pro_m2,divar,165000000,در حد نو,2026-09-03 13:57:15
amd_rx_580,divar,11500000,در حد نو,2026-09-03 13:57:15
amd_rx_6900xt,divar,92000000,در حد نو,2026-09-03 13:57:15
sony_ps5,divar,100000,کارکرده,2026-09-03 13:57:15
apple_macbook_pro,divar,350000000,کارکرده,2026-09-03 13:57:15
sony_ps5,divar,10000,کارکرده,2026-09-03 13:57:15
apple_macbook_air,divar,49000000,در حد نو,2026-09-03 13:57:15
sony_ps4,divar,68000000,در حد نو,2026-09-03 13:57:15
sony_ps5,divar,10000,کارکرده,2026-09-03 13:57:15
apple_macbook,divar,30000000,در حد نو,2026-09-03 13:57:15
amd_rx_580,divar,12000000,کارکرده,2026-09-03 13:57:15
amd_rx_580,divar,15000000,کارکرده,2026-09-03 13:57:15
sony_ps5,divar,1000,کارکرده,2026-09-03 13:57:15
sony_ps5,divar,1800000,کارکرده,2026-09-03 13:57:15
sony_ps5,divar,2000000,کارکرده,2026-09-03 13:57:15
apple_macbook_pro_2019_16inch,divar,90000000,کارکرده,2026-09-03 13:57:15
amd_rx_6600,divar,35900000,در حد نو,2026-09-03 13:57:15
amd_rx_580,divar,15000000,کارکرده,2026-09-03 13:57:15
sony_ps5,divar,2000000,کارکرده,2026-09-03 13:57:15
amd_rx_6900xt,divar,86500000,در حد نو,2026-09-03 13:57:15
amd_rx_580,divar,12000000,در حد نو,2026-09-03 13:57:15
sony_ps5,divar,1000000,کارکرده,2026-09-03 13:57:15
sony_ps5,divar,1000000,کارکرده,2026-09-03 13:57:15
apple_macbook_pro_m1_pro,divar,135500000,در حد نو,2026-09-03 13:57:15
sony_ps5,divar,10000,کارکرده,2026-09-03 13:57:15
apple_macbook,divar,58000000,کارکرده,2026-09-03 13:57:15
apple_macbook,divar,2000000000,توافقی,2026-09-03 13:57:15
amd_rx_580,divar,11700000,در حد نو,2026-09-03 13:57:15
sony_ps5,divar,1500000,کارکرده,2026-09-03 13:57:15
other_mac_book_pro,divar,420000000,در حد نو,2026-09-03 13:57:15
apple_macbook,divar,450000000,در حد نو,2026-09-03 13:57:15
amd_rx_570,divar,8500000,در حد نو,2026-09-03 13:57:15
sony_ps5,divar,100000000,کارکرده,2026-09-03 13:57:15
sony_ps5,divar,9900000,کارکرده,2026-09-03 13:57:15
apple_macbook,divar,30000000,در حد نو,2026-09-03 13:57:15
nvidia_rx_580,divar,785000000,کارکرده,2026-09-03 13:57:15
sony_ps5,divar,90000000,کارکرده,2026-09-03 13:57:15
microsoft_xbox,divar,300000,کارکرده,2026-09-03 13:57:15
sony_ps5,divar,40000000,کارکرده,2026-09-03 13:57:15
apple_macbook_air,divar,12600000,کارکرده,2026-09-03 13:57:15
amd_rx_580,divar,10500000,در حد نو,2026-09-03 13:57:15
sony_ps5,divar,10000,در حد نو,2026-09-03 13:57:15
apple_macbook_pro_intel_2019_256gb,divar,86500000,در حد نو,2026-09-03 13:57:15
apple_macbook_pro_m4_pro,divar,372000000,کارکرده,2026-09-03 13:57:15
amd_rx_580,divar,1000,در حد نو,2026-09-03 13:57:15
sony_ps5,divar,300000,کارکرده,2026-09-03 13:57:15
amd_rx_580,divar,10500000,در حد نو,2026-09-03 13:57:15
sony_ps5,divar,40000000,کارکرده,2026-09-03 13:57:15
sony_ps5,divar,40000000,کارکرده,2026-09-03 13:57:15
other_4th_generation,divar,18000000,در حد نو,2026-09-03 13:57:15
apple_macbook_pro_2019,divar,140000000,کارکرده,2026-09-03 13:57:15
other_11,esam,780000,دست دوم,2026-09-03 13:57:17
other_11,esam,780000,دست دوم,2026-09-03 13:57:17
other_200,esam,20000,دست دوم,2026-09-03 13:57:17
other_11,esam,259000,دست دوم,2026-09-03 13:57:17
other_htc_chacha_g16,esam,18000000,دست دوم,2026-09-03 13:57:17
other_n8,esam,20000000,دست دوم,2026-09-03 13:57:17
other_46,esam,9200000,دست دوم,2026-09-03 13:57:17
other_12,esam,6990000,دست دوم,2026-09-03 13:57:17
other_11,esam,780000,دست دوم,2026-09-03 13:57:17
samsung_galaxy_s23_ultra_256gb,torob,200000000,نو,2026-09-03 13:57:17
asus_rtx_3060,torob,189990000,نو,2026-09-03 13:57:17
hp_victus_15_1tb,torob,258000000,نو,2026-09-03 13:57:17
other_43_ultrathin_m56,digikala,5900000,نو,2026-09-03 14:51:56
other_46_alvin_sport,digikala,3390000,نو,2026-09-03 14:51:56
other_plus_fan_z2,digikala,9031750,نو,2026-09-03 14:51:56
other_ds02,digikala,4560000,نو,2026-09-03 14:51:56
asus_1tb,digikala,302000000,نو,2026-09-03 14:51:56
apple_128gb_13_ipad_air,digikala,204150000,نو,2026-09-03 14:51:56
other_santos_with_anc,digikala,8094310,نو,2026-09-03 14:51:56
samsung_1tb_pcie_gen4_x4,digikala,45000000,نو,2026-09-03 14:51:56
other_tune_beam,digikala,25000000,نو,2026-09-03 14:51:56
lenovo_ideapad__custom_512gb,digikala,195000000,نو,2026-09-03 14:51:56
asus_1tb_15_expertbook_p1,digikala,231000000,نو,2026-09-03 14:51:56
other_tws,digikala,8500000,نو,2026-09-03 14:51:56
other_128gb_600_lite_128,digikala,94258900,نو,2026-09-03 14:51:56
asus_tuf_gaming_custom_ram32gb_1tb,digikala,460000000,نو,2026-09-03 14:51:56
hp_1tb_15_fd0154wm_15,digikala,249990000,نو,2026-09-03 14:51:56
other_128gb_luckfox_pico_plus,digikala,3550000,نو,2026-09-03 14:51:56
other_c3_xpaw014,digikala,6500000,نو,2026-09-03 14:51:56
intel_core_i5_13600kf,digikala,67990000,نو,2026-09-03 14:51:56
asus_vivobook_15_custom_32gb,digikala,110000000,نو,2026-09-03 14:51:56
other_gt610_2gb,digikala,9000000,نو,2026-09-03 14:51:56
samsung_128gb_ddr3_1600mhz_240pin,digikala,1900000,نو,2026-09-03 14:51:56
amd_1tb_15_aspire_lite,digikala,133990000,نو,2026-09-03 14:51:56
xiaomi_xiaomi,digikala,4699000,نو,2026-09-03 14:51:56
other_pf450,digikala,8780000,نو,2026-09-03 14:51:56
other_512gb_23_all_in,digikala,154000000,نو,2026-09-03 14:51:56
asus_vivobook_15_32gb,digikala,147500000,نو,2026-09-03 14:51:56
samsung_galaxy,digikala,6200000,نو,2026-09-03 14:51:56
other_64gb_s5_64g_64,digikala,9700000,نو,2026-09-03 14:51:56
other_2tb_pcie_gen3_x4,digikala,43000000,نو,2026-09-03 14:51:56
other_01_iw_7570,digikala,7550000,نو,2026-09-03 14:51:56
other_voice_prime,digikala,8000000,نو,2026-09-03 14:51:56
other_t400k_argb_lga1700,digikala,6100000,نو,2026-09-03 14:51:56
asus_vivobook_15_custom_ram40gb_1tb,digikala,182000000,نو,2026-09-03 14:51:56
other_rs_580_4gb,digikala,16500000,نو,2026-09-03 14:51:56
asus_tuf_gaming_custom_512gb,digikala,190000000,نو,2026-09-03 14:51:56
other_b860m_gaming_wifi6,digikala,58700000,نو,2026-09-03 14:51:56
asus_tuf_gaming_custom_ram32gb_32gb,digikala,227000000,نو,2026-09-03 14:51:56
asus_1tb_15_expertbook_p1,digikala,399000000,نو,2026-09-03 14:51:56
asus_vivobook_15_custom_32gb,digikala,127900000,نو,2026-09-03 14:51:56
other_sports_series_tg11,digikala,7000000,نو,2026-09-03 14:51:56
other_kat_afforadble_tune,digikala,12865000,نو,2026-09-03 14:51:56
other_rs_310_8gb,digikala,33500000,نو,2026-09-03 14:51:56
other_emd_gofree2_plus,digikala,8952000,نو,2026-09-03 14:51:56
samsung_galaxy_s11_512gb,digikala,189000000,نو,2026-09-03 14:51:56
other_h10_ultra,digikala,4500000,نو,2026-09-03 14:51:56
other_ultimate_10_46mm,digikala,7500000,نو,2026-09-03 14:51:56
asus_vivobook_14_custom_ram40gb_2tb,digikala,205000000,نو,2026-09-03 14:51:56
nvidia_rtx_3050_24gb,digikala,202000000,نو,2026-09-03 14:51:56
other_zz_isolation_pdx417,digikala,14000000,نو,2026-09-03 14:51:56
other_h610m_hdv_plus,digikala,14000000,نو,2026-09-03 14:51:56
asus_vivobook_15_custom_1tb,digikala,143999000,نو,2026-09-03 14:51:56
other_eco_silver,digikala,14950000,نو,2026-09-03 14:51:56
other_49_z11_ultra,digikala,3990000,نو,2026-09-03 14:51:56
other_m11_ultra,digikala,6499000,نو,2026-09-03 14:51:56
other_43_motive_max,digikala,12000000,نو,2026-09-03 14:51:56
other_sep710wh,digikala,7430000,نو,2026-09-03 14:51:56
other_46_kw62_max,digikala,1999000,نو,2026-09-03 14:51:56
other_16_normal,divar,208000000,در حد نو,2026-09-03 14:52:00
apple_256gb_ipad_pro_2021,divar,60000000,کارکرده,2026-09-03 14:52:00
sony_ps5,divar,230000,در حد نو,2026-09-03 14:52:00
other_a26,divar,76500000,در حد نو,2026-09-03 14:52:00
apple_iphone_xs,divar,38000000,در حد نو,2026-09-03 14:52:00
intel_g4400,divar,300000,کارکرده,2026-09-03 14:52:00
apple_iphone,divar,280000000,کارکرده,2026-09-03 14:52:00
samsung_galaxy_a07,divar,34000000,در حد نو,2026-09-03 14:52:00
amd_rx_580,divar,11000000,در حد نو,2026-09-03 14:52:00
sony_ps5,divar,500000,کارکرده,2026-09-03 14:52:00
apple_iphone_13,divar,105000000,در حد نو,2026-09-03 14:52:00
other_a17,divar,55000000,کارکرده,2026-09-03 14:52:00
amd_cpu_amd_fx,divar,5500000,کارکرده,2026-09-03 14:52:00
apple_14_pro_pro,divar,130000000,کارکرده,2026-09-03 14:52:00
apple_iphone,divar,130000000,توافقی,2026-09-03 14:52:00
samsung_galaxy_s23_fe_256gb,divar,63000000,در حد نو,2026-09-03 14:52:00
samsung_galaxy_a33,divar,16000000,کارکرده,2026-09-03 14:52:00
samsung_galaxy_a12,divar,19200000,کارکرده,2026-09-03 14:52:00
amd_rx_6900xt_16gb,divar,112000000,در حد نو,2026-09-03 14:52:00
other_evga_3060_12gb,divar,48000000,در حد نو,2026-09-03 14:52:00
apple_iphone_13,divar,82000000,در حد نو,2026-09-03 14:52:00
other_a2core,divar,6500000,در حد نو,2026-09-03 14:52:00
apple_iphone_14_pro_max,divar,176000000,در حد نو,2026-09-03 14:52:00
samsung_galaxy_a57_128gb,divar,97000000,نو (پلمپ/آکبند),2026-09-03 14:52:00
apple_macbook_pro_2021,divar,200000000,در حد نو,2026-09-03 14:52:00
samsung_galaxy_a16_256gb,divar,47000000,در حد نو,2026-09-03 14:52:00
amd_rx_5700xt,divar,21000000,در حد نو,2026-09-03 14:52:00
sony_ps5,divar,100000,کارکرده,2026-09-03 14:52:00
amd_rx_6700xt,divar,59000000,در حد نو,2026-09-03 14:52:00
sony_ps5,divar,2000000,کارکرده,2026-09-03 14:52:00
apple_macbook_pro,divar,130000000,در حد نو,2026-09-03 14:52:00
apple_macbook_pro_m4_pro,divar,430000000,کارکرده,2026-09-03 14:52:00
asus_rog_strix,divar,42500000,در حد نو,2026-09-03 14:52:00
sony_ps5,divar,1200000,کارکرده,2026-09-03 14:52:00
sony_ps5,divar,500000,کارکرده,2026-09-03 14:52:00
apple_macbook,divar,1000000000,توافقی,2026-09-03 14:52:00
sony_ps5,divar,1200000,کارکرده,2026-09-03 14:52:00
sony_ps5,divar,90000000,کارکرده,2026-09-03 14:52:00
apple_iphone,divar,2000000,کارکرده,2026-09-03 14:52:00
apple_macbook_pro_2015,divar,38000000,در حد نو,2026-09-03 14:52:00
amd_rx_580,divar,10000000,در حد نو,2026-09-03 14:52:00
sony_ps5,divar,100000,کارکرده,2026-09-03 14:52:00
nvidia_rx_580,divar,785000000,کارکرده,2026-09-03 14:52:00
sony_ps5,divar,1000,کارکرده,2026-09-03 14:52:00
apple_macbook_pro,divar,87000000,کارکرده,2026-09-03 14:52:00
amd_rx_6900xt_16gb,divar,97000000,در حد نو,2026-09-03 14:52:00
sony_ps5,divar,900000,کارکرده,2026-09-03 14:52:00
sony_ps4,divar,68000000,در حد نو,2026-09-03 14:52:00
sony_ps5,divar,1500000,کارکرده,2026-09-03 14:52:00
sony_ps5,divar,2000000,کارکرده,2026-09-03 14:52:00
amd_rx_5700xt,divar,165000000,در حد نو,2026-09-03 14:52:00
sony_ps5,divar,100000000,کارکرده,2026-09-03 14:52:00
amd_rx_580,divar,10500000,در حد نو,2026-09-03 14:52:00
sony_ps5,divar,99000000,کارکرده,2026-09-03 14:52:00
sony_ps5,divar,50000,کارکرده,2026-09-03 14:52:00
amd_rx_7900xt,divar,160000000,در حد نو,2026-09-03 14:52:00
sony_ps5,divar,150000,کارکرده,2026-09-03 14:52:00
sony_ps5,divar,80000000,کارکرده,2026-09-03 14:52:00
apple_macbook_air_m1,divar,96700000,کارکرده,2026-09-03 14:52:00
amd_rx_580,divar,8000000,کارکرده,2026-09-03 14:52:00
microsoft_xbox,divar,20000000,کارکرده,2026-09-03 14:52:00
apple_macbook,divar,30000000,در حد نو,2026-09-03 14:52:00
amd_rx_580,divar,15000000,کارکرده,2026-09-03 14:52:00
microsoft_xbox,divar,20000000,کارکرده,2026-09-03 14:52:00
amd_rx_580,divar,11500000,در حد نو,2026-09-03 14:52:00
sony_ps5,divar,100000,کارکرده,2026-09-03 14:52:00
apple_macbook_pro,divar,44800000,در حد نو,2026-09-03 14:52:00
amd_rx_580,divar,11500000,در حد نو,2026-09-03 14:52:00
sony_ps5,divar,10000,کارکرده,2026-09-03 14:52:00
amd_rx_580,divar,8000000,کارکرده,2026-09-03 14:52:00
microsoft_xbox,divar,20000000,کارکرده,2026-09-03 14:52:00
apple_macbook,divar,30000000,در حد نو,2026-09-03 14:52:00
other_pro2,divar,600000,کارکرده,2026-09-03 14:52:00
amd_rx_6900xt,divar,86500000,در حد نو,2026-09-03 14:52:00
sony_ps5,divar,98000000,در حد نو,2026-09-03 14:52:00
apple_macbook_air_m4,divar,195000000,در حد نو,2026-09-03 14:52:00
apple_macbook_air_m4,divar,195000000,در حد نو,2026-09-03 14:52:00
amd_rx_6700xt,divar,57000000,در حد نو,2026-09-03 14:52:00
sony_ps5,divar,1000,کارکرده,2026-09-03 14:52:00
sony_ps5,divar,1000,کارکرده,2026-09-03 14:52:00
apple_macbook_pro,divar,350000000,کارکرده,2026-09-03 14:52:00
amd_rx_580,divar,15000000,کارکرده,2026-09-03 14:52:00
amd_rx_580,divar,15000000,کارکرده,2026-09-03 14:52:00
sony_ps4,divar,68000000,در حد نو,2026-09-03 14:52:00
apple_macbook_pro,divar,350000000,کارکرده,2026-09-03 14:52:00
other_item_70702bdf,divar,600000,کارکرده,2026-09-03 14:52:00
amd_rx_6600,divar,35900000,در حد نو,2026-09-03 14:52:00
sony_ps5,divar,150000,کارکرده,2026-09-03 14:52:00
amd_rx_580,divar,11500000,در حد نو,2026-09-03 14:52:00
sony_ps5,divar,100000,کارکرده,2026-09-03 14:52:00
apple_macbook_air_m4,divar,3900000,کارکرده,2026-09-03 14:52:00
amd_rx_590,divar,16500000,در حد نو,2026-09-03 14:52:00
sony_ps5,divar,39900000,کارکرده,2026-09-03 14:52:00
apple_macbook_pro_m4_pro,divar,360000000,در حد نو,2026-09-03 14:52:00
sony_ps5,divar,9800000,کارکرده,2026-09-03 14:52:00
amd_rx_580,divar,1000,در حد نو,2026-09-03 14:52:00
sony_ps5,divar,40000000,کارکرده,2026-09-03 14:52:00
microsoft_xbox,divar,300000,کارکرده,2026-09-03 14:52:00
apple_macbook_pro,divar,125000000,در حد نو,2026-09-03 14:52:00
sony_ps5,divar,1500000,کارکرده,2026-09-03 14:52:00
sony_ps5,divar,50000,کارکرده,2026-09-03 14:52:00
amd_rx_470,divar,8000000,کارکرده,2026-09-03 14:52:00
sony_ps5,divar,7000000,در حد نو,2026-09-03 14:52:00
sony_ps5,divar,40000000,کارکرده,2026-09-03 14:52:00
apple_macbook_air,divar,12600000,کارکرده,2026-09-03 14:52:00
amd_rx_6700xt,divar,57000000,در حد نو,2026-09-03 14:52:00
sony_ps5,divar,10000,کارکرده,2026-09-03 14:52:00
lenovo_lenovo,divar,29000000,کارکرده,2026-09-03 14:52:00
amd_rx_580,divar,11700000,در حد نو,2026-09-03 14:52:00
amd_rx_5700xt,divar,35000000,کارکرده,2026-09-03 14:52:00
sony_ps5,divar,10000,در حد نو,2026-09-03 14:52:00
sony_ps5,divar,1000000,کارکرده,2026-09-03 14:52:00
apple_macbook_air_m4,divar,195000000,در حد نو,2026-09-03 14:52:00
apple_macbook_pro,divar,125000000,در حد نو,2026-09-03 14:52:00
amd_rx_5500xt,divar,85900000,در حد نو,2026-09-03 14:52:00
sony_ps5,divar,1500000,کارکرده,2026-09-03 14:52:00
other_12,divar,109700000,کارکرده,2026-09-03 14:52:00
sony_ps5,divar,10000,کارکرده,2026-09-03 14:52:00
sony_ps5,divar,900000,کارکرده,2026-09-03 14:52:00
amd_rx_580,divar,10000000,کارکرده,2026-09-03 14:52:00
sony_ps5,divar,85000000,کارکرده,2026-09-03 14:52:00
apple_macbook_pro,divar,35000000,در حد نو,2026-09-03 14:52:00
other_200,divar,24800000,در حد نو,2026-09-03 14:52:00
sony_ps5,divar,100000,کارکرده,2026-09-03 14:52:00
other_4th_generation,divar,18000000,در حد نو,2026-09-03 14:52:00
samsung_plus_b3410,esam,2000000,دست دوم,2026-09-03 14:52:02
asus_rog,esam,550000000,دست دوم,2026-09-03 14:52:02
other_11,esam,780000,دست دوم,2026-09-03 14:52:02
other_11,esam,780000,دست دوم,2026-09-03 14:52:02
other_fx553v,esam,66000000,دست دوم,2026-09-03 14:52:02
samsung_galaxy_s24_ultra_512gb,torob,237000000,نو,2026-09-03 14:52:02
other_256gb_x7d_256,torob,53900000,نو,2026-09-03 14:52:02
asus_rog_zephyrus,torob,173590000,نو,2026-09-03 14:52:02
hp_omen_15_512gb,torob,165000000,نو,2026-09-03 14:52:02
other_moon,digikala,4375000,نو,2026-09-03 15:30:30
other_live_680_nc,digikala,31000000,نو,2026-09-03 15:30:30
other_plus_frn_versatile,digikala,9028110,نو,2026-09-03 15:30:30
other_43_cd05,digikala,5225000,نو,2026-09-03 15:30:30
other_happy_candy,digikala,14651000,نو,2026-09-03 15:30:30
other_256gb_sata_iii_su650,digikala,10300000,نو,2026-09-03 15:30:30
other_ddr4_2666_cl19,digikala,4900000,نو,2026-09-03 15:30:30
other_ddr2_800_cl6,digikala,890000,نو,2026-09-03 15:30:30
xiaomi_redmi_note_14s_512gb,digikala,98760000,نو,2026-09-03 15:30:30
lenovo_ideapad__512gb,digikala,166000000,نو,2026-09-03 15:30:30
other_soundcore_q20i_anc,digikala,8890000,نو,2026-09-03 15:30:30
other_48_gs_pro2,digikala,17249000,نو,2026-09-03 15:30:30
other_32gb_v6_32,digikala,2264000,نو,2026-09-03 15:30:30
asus_tuf_gaming_custom_512gb,digikala,428000000,نو,2026-09-03 15:30:30
asus_1tb_15_expertbook_p1,digikala,366000000,نو,2026-09-03 15:30:30
hp_512gb_15_fd0154wm_15,digikala,169990000,نو,2026-09-03 15:30:30
asus_tuf_gaming_custom_ram44gb_1tb,digikala,322000000,نو,2026-09-03 15:30:30
other_jr_ft5,digikala,4300000,نو,2026-09-03 15:30:30
other_256gb_mi512uw_i5_1235u,digikala,112000000,نو,2026-09-03 15:30:30
lenovo_512gb_15_v15_g5,digikala,106000000,نو,2026-09-03 15:30:30
samsung_1tb_t7_shield_usb,digikala,40000000,نو,2026-09-03 15:30:30
apple_macbook_air_2026_1tb,digikala,434870000,نو,2026-09-03 15:30:30
asus_rog_strix_custom_ram32gb_2tb,digikala,549900000,نو,2026-09-03 15:30:30
other_ch351,digikala,19290000,نو,2026-09-03 15:30:30
other_ddr4_2400_cl15,digikala,10300000,نو,2026-09-03 15:30:30
other_ddr3_1600_cl11,digikala,2900000,نو,2026-09-03 15:30:30
samsung_galaxy,digikala,5960000,نو,2026-09-03 15:30:30
samsung_galaxy,digikala,3784000,نو,2026-09-03 15:30:30
other_512gb_pcie_gen4_x4,digikala,42000000,نو,2026-09-03 15:30:30
other_45_solar_ls05,digikala,7550000,نو,2026-09-03 15:30:30
other_t19_enc_usb,digikala,8000000,نو,2026-09-03 15:30:30
asus_vivobook_15_custom_1tb,digikala,174900000,نو,2026-09-03 15:30:30
other_rs_1470_8gb,digikala,19400000,نو,2026-09-03 15:30:30
asus_tuf_gaming_custom_512gb,digikala,190000000,نو,2026-09-03 15:30:30
amd_b850_mlg_atx,digikala,67000000,نو,2026-09-03 15:30:30
asus_tuf_gaming_custom_512gb,digikala,224000000,نو,2026-09-03 15:30:30
hp_ram64gb_2tb,digikala,479000000,نو,2026-09-03 15:30:30
asus_vivobook_15_custom_1tb,digikala,136990000,نو,2026-09-03 15:30:30
other_ski_bass_versatile,digikala,7125000,نو,2026-09-03 15:30:30
other_favorite_710_switching,digikala,16394400,نو,2026-09-03 15:30:30
hp_32gb_ddr4_3200_p06031,digikala,15900000,نو,2026-09-03 15:30:30
other_plus_apy_enables,digikala,9325000,نو,2026-09-03 15:30:30
other_512gb_zenith_p3l_512,digikala,14000000,نو,2026-09-03 15:30:30
other_1000_pq1000g,digikala,29500000,نو,2026-09-03 15:30:30
other_bs_pure_bass,digikala,11000000,نو,2026-09-03 15:30:30
asus_prime_h510m_r2,digikala,36200000,نو,2026-09-03 15:30:30
samsung_galaxy_a55_256gb,digikala,93500000,نو,2026-09-03 15:30:30
nvidia_rtx_3050_32gb,digikala,258000000,نو,2026-09-03 15:30:30
intel_pentium_pentium_651,digikala,650000,نو,2026-09-03 15:30:30
asus_rog_strix,digikala,36800000,نو,2026-09-03 15:30:30
asus_vivobook_15_1tb,digikala,150000000,نو,2026-09-03 15:30:30
samsung_galaxy,digikala,3600000,نو,2026-09-03 15:30:30
xiaomi_xiaomi,digikala,4650000,نو,2026-09-03 15:30:30
other_75_tw11_mini,digikala,4000000,نو,2026-09-03 15:30:30
other_zt9_ultra,digikala,6600000,نو,2026-09-03 15:30:30
other_zi_external_active,digikala,12990000,نو,2026-09-03 15:30:30
other_power_sound,digikala,7500000,نو,2026-09-03 15:30:30
other_sata_iii_falcon,digikala,5510000,نو,2026-09-03 15:30:30
other_ser_combined_gp17,digikala,2000000,نو,2026-09-03 15:30:30
samsung_galaxy,digikala,3200000,نو,2026-09-03 15:30:30
other_s23fe,divar,65000000,در حد نو,2026-09-03 15:30:35
apple_iphone_13,divar,120000000,کارکرده,2026-09-03 15:30:35
apple_iphone_13,divar,125000000,کارکرده,2026-09-03 15:30:35
apple_iphone_13,divar,100000000,در حد نو,2026-09-03 15:30:35
apple_macbook_pro_m2,divar,200000000,کارکرده,2026-09-03 15:30:35
amd_64gb_xfx_radeon_rx,divar,23000000,در حد نو,2026-09-03 15:30:35
apple_iphone_13,divar,100000000,در حد نو,2026-09-03 15:30:35
amd_rx_580,divar,28500000,کارکرده,2026-09-03 15:30:35
sony_ps5,divar,100000,کارکرده,2026-09-03 15:30:35
apple_macbook_pro_intel_2018_15inch_512gb,divar,78000000,کارکرده,2026-09-03 15:30:35
other_a01core,divar,5000000,کارکرده,2026-09-03 15:30:35
apple_macbook_air_m2_15inch,divar,1000,کارکرده,2026-09-03 15:30:35
other_512gb_s26_ultra_512gb,divar,211000000,کارکرده,2026-09-03 15:30:35
intel_intel,divar,1200000,کارکرده,2026-09-03 15:30:35
apple_macbook_air_m1_512gb,divar,110000000,کارکرده,2026-09-03 15:30:35
apple_iphone,divar,100000,کارکرده,2026-09-03 15:30:35
other_a7_2017,divar,2500000,در حد نو,2026-09-03 15:30:35
other_a16,divar,32000000,کارکرده,2026-09-03 15:30:35
apple_macbook_pro,divar,22000000,کارکرده,2026-09-03 15:30:35
samsung_galaxy_a10,divar,9500000,کارکرده,2026-09-03 15:30:35
xiaomi_redmi_note_14_pro,divar,51000000,در حد نو,2026-09-03 15:30:35
other_a12,divar,12500000,کارکرده,2026-09-03 15:30:35
apple_macbook_pro_intel_2013,divar,43000000,کارکرده,2026-09-03 15:30:35
apple_macbook_pro_2015_512gb,divar,50000000,کارکرده,2026-09-03 15:30:35
apple_iphone_14_128gb,divar,115000000,در حد نو,2026-09-03 15:30:35
sony_ps5,divar,2000000,در حد نو,2026-09-03 15:30:35
apple_iphone_13_pro_max,divar,95000000,کارکرده,2026-09-03 15:30:35
amd_rx_5700xt,divar,165000000,در حد نو,2026-09-03 15:30:35
sony_ps5,divar,2000000,کارکرده,2026-09-03 15:30:35
apple_macbook_pro_2015,divar,38000000,در حد نو,2026-09-03 15:30:35
amd_rx_5700xt,divar,21000000,در حد نو,2026-09-03 15:30:35
sony_ps5,divar,500000,کارکرده,2026-09-03 15:30:35
sony_ps5,divar,150000,کارکرده,2026-09-03 15:30:35
amd_rx_580,divar,10500000,در حد نو,2026-09-03 15:30:35
amd_rx_5700xt,divar,41000000,کارکرده,2026-09-03 15:30:35
sony_ps5,divar,7000000,در حد نو,2026-09-03 15:30:35
apple_macbook_air_m1,divar,99000000,در حد نو,2026-09-03 15:30:35
amd_rx_6900xt_16gb,divar,97000000,در حد نو,2026-09-03 15:30:35
amd_rx_580,divar,7000000,نو (پلمپ/آکبند),2026-09-03 15:30:35
sony_ps5,divar,500000,کارکرده,2026-09-03 15:30:35
apple_macbook_pro_m1,divar,118800000,در حد نو,2026-09-03 15:30:35
apple_macbook_air_m3,divar,190000000,کارکرده,2026-09-03 15:30:35
sony_ps5,divar,1000,کارکرده,2026-09-03 15:30:35
amd_rx_580,divar,7000000,نو (پلمپ/آکبند),2026-09-03 15:30:35
sony_ps5,divar,100000,کارکرده,2026-09-03 15:30:35
amd_rx_580,divar,10500000,در حد نو,2026-09-03 15:30:35
amd_rx_580,divar,10500000,در حد نو,2026-09-03 15:30:35
sony_ps5,divar,1200000,کارکرده,2026-09-03 15:30:35
sony_ps5,divar,90000000,کارکرده,2026-09-03 15:30:35
sony_ps5,divar,3000000,در حد نو,2026-09-03 15:30:35
apple_macbook_pro,divar,220000000,کارکرده,2026-09-03 15:30:35
amd_rx_6700xt,divar,59000000,در حد نو,2026-09-03 15:30:35
amd_rx_6800,divar,75000000,در حد نو,2026-09-03 15:30:35
amd_rx_5700xt,divar,33500000,کارکرده,2026-09-03 15:30:35
sony_ps5,divar,100000,کارکرده,2026-09-03 15:30:35
sony_ps5,divar,80000000,کارکرده,2026-09-03 15:30:35
sony_ps5,divar,100000,کارکرده,2026-09-03 15:30:35
apple_macbook,divar,99000000,در حد نو,2026-09-03 15:30:35
amd_rx_6800,divar,169000000,کارکرده,2026-09-03 15:30:35
sony_ps5,divar,80000000,کارکرده,2026-09-03 15:30:35
sony_ps4,divar,68000000,در حد نو,2026-09-03 15:30:35
apple_macbook_pro,divar,220000000,کارکرده,2026-09-03 15:30:35
amd_rx_6800,divar,75000000,در حد نو,2026-09-03 15:30:35
sony_ps5,divar,150000,کارکرده,2026-09-03 15:30:35
sony_ps5,divar,2500000,کارکرده,2026-09-03 15:30:35
apple_macbook_pro_m1,divar,100000000,در حد نو,2026-09-03 15:30:35
apple_macbook_pro_m1_pro,divar,216000000,در حد نو,2026-09-03 15:30:35
amd_rx_6900xt,divar,92000000,در حد نو,2026-09-03 15:30:35
sony_ps5,divar,100000,کارکرده,2026-09-03 15:30:35
apple_macbook,divar,30000000,در حد نو,2026-09-03 15:30:35
amd_rx_5700xt,divar,165000000,در حد نو,2026-09-03 15:30:35
sony_ps5,divar,150000,کارکرده,2026-09-03 15:30:35
sony_ps4,divar,68000000,در حد نو,2026-09-03 15:30:35
apple_macbook_air,divar,49000000,در حد نو,2026-09-03 15:30:35
sony_ps5,divar,1000,کارکرده,2026-09-03 15:30:35
sony_ps5,divar,100000,کارکرده,2026-09-03 15:30:35
apple_macbook_air_2013,divar,10000000,کارکرده,2026-09-03 15:30:35
amd_rx_5700xt,divar,165000000,در حد نو,2026-09-03 15:30:35
sony_ps5,divar,10000,کارکرده,2026-09-03 15:30:35
apple_macbook_pro,divar,3350000,کارکرده,2026-09-03 15:30:35
apple_macbook_pro_m2,divar,185000000,در حد نو,2026-09-03 15:30:35
amd_rx_580,divar,8000000,کارکرده,2026-09-03 15:30:35
sony_ps4,divar,68000000,در حد نو,2026-09-03 15:30:35
sony_ps5,divar,1000,کارکرده,2026-09-03 15:30:35
apple_macbook_pro_m1_pro,divar,216000000,در حد نو,2026-09-03 15:30:35
amd_rx_6700xt,divar,61000000,در حد نو,2026-09-03 15:30:35
sony_ps5,divar,10000,کارکرده,2026-09-03 15:30:35
sony_ps4,divar,68000000,در حد نو,2026-09-03 15:30:35
sony_ps5,divar,1500000,در حد نو,2026-09-03 15:30:35
apple_macbook_air_m1,divar,96700000,کارکرده,2026-09-03 15:30:35
apple_macbook_air_m1,divar,96700000,کارکرده,2026-09-03 15:30:35
amd_rx_6700xt,divar,57000000,در حد نو,2026-09-03 15:30:35
sony_ps5,divar,1000,کارکرده,2026-09-03 15:30:35
sony_ps5,divar,1000000,کارکرده,2026-09-03 15:30:35
apple_macbook,divar,5000000,کارکرده,2026-09-03 15:30:35
amd_rx_580,divar,79000000,در حد نو,2026-09-03 15:30:35
sony_ps5,divar,95000000,در حد نو,2026-09-03 15:30:35
amd_rx_6800,divar,109000000,کارکرده,2026-09-03 15:30:35
sony_ps5,divar,2000000,کارکرده,2026-09-03 15:30:35
apple_macbook,divar,2000000000,توافقی,2026-09-03 15:30:35
sony_ps5,divar,1500000,کارکرده,2026-09-03 15:30:35
apple_macbook_air_m1_256gb,divar,96000000,در حد نو,2026-09-03 15:30:35
amd_rx_580,divar,10500000,در حد نو,2026-09-03 15:30:35
amd_rx_570,divar,8500000,در حد نو,2026-09-03 15:30:35
microsoft_xbox,divar,4000000,کارکرده,2026-09-03 15:30:35
apple_macbook_pro_2012,divar,22000000,کارکرده,2026-09-03 15:30:35
amd_rx_470,divar,6200000,کارکرده,2026-09-03 15:30:35
sony_ps5,divar,90000000,کارکرده,2026-09-03 15:30:35
lenovo_lenovo,divar,29000000,کارکرده,2026-09-03 15:30:35
lenovo_lenovo,divar,29000000,کارکرده,2026-09-03 15:30:35
amd_rx_5700xt,divar,165000000,در حد نو,2026-09-03 15:30:35
sony_ps5,divar,10000,کارکرده,2026-09-03 15:30:35
sony_ps5,divar,40000000,در حد نو,2026-09-03 15:30:35
amd_rx_580,divar,1000,در حد نو,2026-09-03 15:30:35
sony_ps5,divar,10000,کارکرده,2026-09-03 15:30:35
sony_ps5,divar,9900000,کارکرده,2026-09-03 15:30:35
apple_macbook_pro_2012,divar,22000000,کارکرده,2026-09-03 15:30:35
amd_rx_6600,divar,35900000,در حد نو,2026-09-03 15:30:35
amd_rx_6600,divar,35900000,در حد نو,2026-09-03 15:30:35
apple_macbook_pro_m1,divar,115000000,کارکرده,2026-09-03 15:30:35
amd_rx_5700xt,divar,35000000,کارکرده,2026-09-03 15:30:35
sony_ps5,divar,85000000,کارکرده,2026-09-03 15:30:35
sony_ps5,divar,100000,کارکرده,2026-09-03 15:30:35
apple_macbook_pro,divar,35000000,در حد نو,2026-09-03 15:30:35
amd_rx_590,divar,16500000,در حد نو,2026-09-03 15:30:35
sony_ps5,divar,750000,کارکرده,2026-09-03 15:30:35
sony_ps5,divar,100000,کارکرده,2026-09-03 15:30:35
dell_core_i5,esam,28500000,دست دوم,2026-09-03 15:30:36
other_nokia_6233,esam,27000000,دست دوم,2026-09-03 15:30:36
other_11,esam,780000,دست دوم,2026-09-03 15:30:36
dell_dell_vostro,esam,69500000,دست دوم,2026-09-03 15:30:36
other_10,esam,251000,دست دوم,2026-09-03 15:30:36
other_46,esam,46,دست دوم,2026-09-03 15:30:36
samsung_galaxy_z_flip,torob,345000,نو,2026-09-03 15:30:36
other_128gb_phone_3a_5g,torob,143700000,نو,2026-09-03 15:30:36
lenovo_legion_5_1tb,torob,318000000,نو,2026-09-03 15:30:36
asus_rog_strix,torob,292000000,نو,2026-09-03 15:30:36
other_50_gs_ultimate,digikala,7590000,نو,2026-09-03 15:50:19
other_hk9_pro_plus,digikala,7194000,نو,2026-09-03 15:50:19
other_race_titanium_ss050932000,digikala,130107000,نو,2026-09-03 15:50:19
other_cpu_fan_f35,digikala,4780000,نو,2026-09-03 15:50:19
samsung_galaxy_a06_64gb,digikala,50999000,نو,2026-09-03 15:50:19
other_512gb_ace_a58_512,digikala,13400000,نو,2026-09-03 15:50:19
other_msa1,digikala,19900000,نو,2026-09-03 15:50:19
samsung_galaxy,digikala,50500000,نو,2026-09-03 15:50:19
apple_iphone_17_pro_max,digikala,467570000,نو,2026-09-03 15:50:19
asus_vivobook_16_32gb,digikala,213000000,نو,2026-09-03 15:50:19
samsung_galaxy,digikala,3799000,نو,2026-09-03 15:50:19
other_gtws,digikala,7500000,نو,2026-09-03 15:50:19
lenovo_256gb_15_v15_g4,digikala,109000000,نو,2026-09-03 15:50:19
asus_rog_strix_ram48gb_1tb,digikala,573000000,نو,2026-09-03 15:50:19
other_22_atom_s1,digikala,102000000,نو,2026-09-03 15:50:19
hp_2tb_15_15_fd0130wm,digikala,156990000,نو,2026-09-03 15:50:19
xiaomi_xiaomi,digikala,9600000,نو,2026-09-03 15:50:19
other_256gb_bond_5g_256,digikala,55999000,نو,2026-09-03 15:50:19
lenovo_512gb_16_thinkbook_16,digikala,144000000,نو,2026-09-03 15:50:19
lenovo_16_thinkbook_16,digikala,320000000,نو,2026-09-03 15:50:19
asus_tuf_gaming_1tb,digikala,260000000,نو,2026-09-03 15:50:19
other_free_60_uc,digikala,54900000,نو,2026-09-03 15:50:19
asus_750_prime_bronze,digikala,17000000,نو,2026-09-03 15:50:19
other_256gb_sata_256,digikala,8800000,نو,2026-09-03 15:50:19
intel_core_i5_13600k,digikala,74999900,نو,2026-09-03 15:50:19
asus_vivobook_15_custom_512gb,digikala,150000000,نو,2026-09-03 15:50:19
other_49_xy_10,digikala,6530000,نو,2026-09-03 15:50:19
other_space_one_pro,digikala,19500000,نو,2026-09-03 15:50:19
samsung_990pro_nvme_pcie,digikala,77944000,نو,2026-09-03 15:50:19
other_45_mars,digikala,12000000,نو,2026-09-03 15:50:19
other_ne40,digikala,11000000,نو,2026-09-03 15:50:19
intel_core_i3_10100,digikala,21799000,نو,2026-09-03 15:50:19
hp_1tb_15_fd0230wm_15,digikala,126990000,نو,2026-09-03 15:50:19
other_23_ma24p_e14,digikala,228900000,نو,2026-09-03 15:50:19
asus_tuf_gaming_custom_ram32gb_32gb,digikala,300000000,نو,2026-09-03 15:50:19
lenovo_ideapad_1_256gb,digikala,109000000,نو,2026-09-03 15:50:19
asus_tuf_gaming_custom_ram44gb_2tb,digikala,343000000,نو,2026-09-03 15:50:19
xiaomi_redmi_note_14s_256gb,digikala,62999000,نو,2026-09-03 15:50:19
other_akb_quick_pearlclip,digikala,7925000,نو,2026-09-03 15:50:19
lenovo_legion_5_1tb,digikala,321000000,نو,2026-09-03 15:50:19
other_nothing_cmf_watch,digikala,12300000,نو,2026-09-03 15:50:19
asus_vivobook_15_custom_512gb,digikala,119990000,نو,2026-09-03 15:50:19
hp_rtx_4050_32gb,digikala,355000000,نو,2026-09-03 15:50:19
other_alb_osaka_light,digikala,6985000,نو,2026-09-03 15:50:19
samsung_galaxy_64gb,digikala,36000000,نو,2026-09-03 15:50:19
amd_rx_580,digikala,121482770,نو,2026-09-03 15:50:19
samsung_galaxy_a26_128gb,digikala,62500000,نو,2026-09-03 15:50:19
other_diamond_white_gaming,digikala,161500000,نو,2026-09-03 15:50:19
amd_32gb_rs_2120_x99,digikala,99000000,نو,2026-09-03 15:50:19
other_32gb_f06_32,digikala,2675000,نو,2026-09-03 15:50:19
hp_victus_15_custom_1tb,digikala,163000000,نو,2026-09-03 15:50:19
samsung_galaxy,digikala,42000000,نو,2026-09-03 15:50:19
other_4tb_barracuda_st4000dm004,digikala,35000000,نو,2026-09-03 15:50:19
other_as81_bodyshape,digikala,4900000,نو,2026-09-03 15:50:19
other_49_zt_max40,digikala,7600000,نو,2026-09-03 15:50:19
other_47_fenix_pro,digikala,267400000,نو,2026-09-03 15:50:19
other_tna_powerfull_bass,digikala,8521000,نو,2026-09-03 15:50:19
other_256gb_sata_iii_e100,digikala,6300000,نو,2026-09-03 15:50:19
other_49_hg99_ultra2,digikala,2510000,نو,2026-09-03 15:50:19
other_naz_distinct_anc58,digikala,6551000,نو,2026-09-03 15:50:19
apple_iphone_17_pro_max,divar,8000000,کارکرده,2026-09-03 15:50:24
apple_iphone_14_pro_max,divar,39000000,کارکرده,2026-09-03 15:50:24
sony_ps5,divar,100000000,در حد نو,2026-09-03 15:50:24
apple_128gb_ipad_air_128g,divar,25000000,در حد نو,2026-09-03 15:50:24
apple_iphone,divar,190000000,کارکرده,2026-09-03 15:50:24
apple_ipad_pro_m4,divar,195000000,در حد نو,2026-09-03 15:50:24
other_12_pro_max,divar,98000000,در حد نو,2026-09-03 15:50:24
apple_iphone_13_pro_max,divar,129500000,کارکرده,2026-09-03 15:50:24
apple_128gb_ipad_11_128g,divar,85000000,در حد نو,2026-09-03 15:50:24
apple_iphone_13_pro_max_256gb,divar,170000000,در حد نو,2026-09-03 15:50:24
apple_iphone_15_pro_max,divar,170000000,کارکرده,2026-09-03 15:50:24
other_55,divar,8000000,در حد نو,2026-09-03 15:50:24
samsung_s24ultra,divar,30000000,در حد نو,2026-09-03 15:50:24
samsung_galaxy_a56_256gb,divar,110000000,کارکرده,2026-09-03 15:50:24
apple_se2,divar,25900000,در حد نو,2026-09-03 15:50:24
other_a11,divar,8000000,کارکرده,2026-09-03 15:50:24
other_cpu_core_i7,divar,4380000,در حد نو,2026-09-03 15:50:24
intel_intel_amp_ryzen,divar,5500000,کارکرده,2026-09-03 15:50:24
apple_macbook_pro_m3,divar,89000000,در حد نو,2026-09-03 15:50:24
apple_iphone_17_pro,divar,235000000,در حد نو,2026-09-03 15:50:24
samsung_galaxy_a56,divar,91500000,نو (پلمپ/آکبند),2026-09-03 15:50:24
apple_macbook_pro_m1,divar,105000000,کارکرده,2026-09-03 15:50:24
samsung_galaxy_a02,divar,8000000,در حد نو,2026-09-03 15:50:24
apple_iphone_17_promax,divar,249000000,در حد نو,2026-09-03 15:50:24
sony_ps5,divar,2000000,در حد نو,2026-09-03 15:50:24
apple_iphone_11_pro_max_256gb,divar,50000000,کارکرده,2026-09-03 15:50:24
amd_rx_5700xt,divar,165000000,در حد نو,2026-09-03 15:50:24
sony_ps5,divar,100000,کارکرده,2026-09-03 15:50:24
apple_macbook_pro,divar,130000000,در حد نو,2026-09-03 15:50:24
amd_rx_470,divar,6200000,کارکرده,2026-09-03 15:50:24
sony_ps5,divar,400000,کارکرده,2026-09-03 15:50:24
sony_ps5_slim,divar,10000,کارکرده,2026-09-03 15:50:24
apple_macbook_pro_m1,divar,118800000,در حد نو,2026-09-03 15:50:24
amd_rx_580,divar,10500000,در حد نو,2026-09-03 15:50:24
amd_rx_470,divar,6200000,کارکرده,2026-09-03 15:50:24
sony_ps5_pro,divar,49000000,در حد نو,2026-09-03 15:50:24
apple_macbook,divar,1000000000,کارکرده,2026-09-03 15:50:24
asus_rog_strix,divar,42500000,در حد نو,2026-09-03 15:50:24
nvidia_rx_580,divar,785000000,کارکرده,2026-09-03 15:50:24
sony_ps5,divar,2000000,کارکرده,2026-09-03 15:50:24
amd_rx_5700xt,divar,165000000,در حد نو,2026-09-03 15:50:24
sony_ps5,divar,500000,کارکرده,2026-09-03 15:50:24
amd_rx_6900xt,divar,101000000,در حد نو,2026-09-03 15:50:24
sony_ps5,divar,100000,کارکرده,2026-09-03 15:50:24
apple_macbook_m1,divar,100000000,در حد نو,2026-09-03 15:50:24
amd_rx_7900xt,divar,165000000,در حد نو,2026-09-03 15:50:24
amd_rx_580,divar,12500000,در حد نو,2026-09-03 15:50:24
sony_ps5,divar,10000,کارکرده,2026-09-03 15:50:24
sony_ps5,divar,500000,کارکرده,2026-09-03 15:50:24
amd_rx_580,divar,12000000,در حد نو,2026-09-03 15:50:24
sony_ps5,divar,50000000,کارکرده,2026-09-03 15:50:24
apple_macbook_pro_m1_pro_14inch,divar,158000000,در حد نو,2026-09-03 15:50:24
amd_rx_6700xt,divar,57000000,در حد نو,2026-09-03 15:50:24
amd_rx_580,divar,8000000,کارکرده,2026-09-03 15:50:24
sony_ps5,divar,150000,کارکرده,2026-09-03 15:50:24
apple_macbook_pro_m2,divar,165000000,در حد نو,2026-09-03 15:50:24
amd_rx_6900xt,divar,92000000,در حد نو,2026-09-03 15:50:24
sony_ps5,divar,100000,کارکرده,2026-09-03 15:50:24
sony_ps5,divar,100000,کارکرده,2026-09-03 15:50:24
apple_macbook_pro_m1_pro,divar,216000000,در حد نو,2026-09-03 15:50:24
apple_macbook_pro_m1,divar,100000000,در حد نو,2026-09-03 15:50:24
amd_rx_6900xt,divar,92000000,در حد نو,2026-09-03 15:50:24
sony_ps5,divar,1000,کارکرده,2026-09-03 15:50:24
amd_rx_580,divar,12000000,کارکرده,2026-09-03 15:50:24
sony_ps5,divar,10000,کارکرده,2026-09-03 15:50:24
sony_ps5,divar,1000,کارکرده,2026-09-03 15:50:24
apple_macbook_pro,divar,17900000,کارکرده,2026-09-03 15:50:24
apple_macbook_pro,divar,17900000,کارکرده,2026-09-03 15:50:24
sony_ps5,divar,150000,کارکرده,2026-09-03 15:50:24
apple_macbook_pro,divar,26000000,در حد نو,2026-09-03 15:50:24
apple_macbook_air_m1,divar,96700000,کارکرده,2026-09-03 15:50:24
amd_rx_6700xt,divar,57000000,در حد نو,2026-09-03 15:50:24
sony_ps5,divar,150000,کارکرده,2026-09-03 15:50:24
apple_macbook_air_m4,divar,3900000,کارکرده,2026-09-03 15:50:24
amd_rx_5700xt,divar,33500000,کارکرده,2026-09-03 15:50:24
sony_ps5,divar,95000000,در حد نو,2026-09-03 15:50:24
sony_ps5,divar,95000000,در حد نو,2026-09-03 15:50:24
apple_macbook_pro,divar,177000000,در حد نو,2026-09-03 15:50:24
amd_rx_5700xt,divar,33500000,کارکرده,2026-09-03 15:50:24
amd_rx_580,divar,12000000,در حد نو,2026-09-03 15:50:24
sony_ps5,divar,1000,کارکرده,2026-09-03 15:50:24
apple_512gb_ipad_pro_m4,divar,200000000,در حد نو,2026-09-03 15:50:24
apple_macbook_air_m4,divar,195000000,در حد نو,2026-09-03 15:50:24
nvidia_rx_580,divar,785000000,کارکرده,2026-09-03 15:50:24
microsoft_xbox,divar,20000000,کارکرده,2026-09-03 15:50:24
apple_macbook_air,divar,49000000,در حد نو,2026-09-03 15:50:24
apple_macbook_air,divar,49000000,در حد نو,2026-09-03 15:50:24
amd_rx_580,divar,11700000,در حد نو,2026-09-03 15:50:24
amd_rx_470,divar,8000000,کارکرده,2026-09-03 15:50:24
apple_macbook,divar,1000000000,توافقی,2026-09-03 15:50:24
apple_macbook_pro,divar,3350000,کارکرده,2026-09-03 15:50:24
sony_ps5,divar,10000,در حد نو,2026-09-03 15:50:24
sony_ps5,divar,9800000,کارکرده,2026-09-03 15:50:24
other_mac_book_pro,divar,198000000,در حد نو,2026-09-03 15:50:24
amd_rx_5700xt,divar,165000000,در حد نو,2026-09-03 15:50:24
sony_ps5,divar,80000000,کارکرده,2026-09-03 15:50:24
sony_ps5,divar,95000000,کارکرده,2026-09-03 15:50:24
amd_rx_570,divar,8500000,در حد نو,2026-09-03 15:50:24
sony_ps5,divar,40000000,کارکرده,2026-09-03 15:50:24
apple_macbook_air,divar,115000000,در حد نو,2026-09-03 15:50:24
nvidia_rx_580,divar,785000000,کارکرده,2026-09-03 15:50:24
sony_ps5_slim,divar,10000,کارکرده,2026-09-03 15:50:24
apple_macbook_pro_m2,divar,180000000,در حد نو,2026-09-03 15:50:24
amd_rx_580,divar,10500000,در حد نو,2026-09-03 15:50:24
amd_rx_470,divar,6200000,کارکرده,2026-09-03 15:50:24
sony_ps5,divar,90000000,کارکرده,2026-09-03 15:50:24
apple_macbook_pro_intel_2019_256gb,divar,86500000,در حد نو,2026-09-03 15:50:24
amd_rx_6800,divar,75000000,در حد نو,2026-09-03 15:50:24
sony_ps5,divar,1000000,کارکرده,2026-09-03 15:50:24
apple_macbook_air_m4,divar,195000000,در حد نو,2026-09-03 15:50:24
amd_rx_580,divar,10500000,در حد نو,2026-09-03 15:50:24
sony_ps5,divar,150000,کارکرده,2026-09-03 15:50:24
sony_ps5,divar,300000,کارکرده,2026-09-03 15:50:24
sony_ps5,divar,40000000,در حد نو,2026-09-03 15:50:24
apple_macbook_air,divar,115000000,در حد نو,2026-09-03 15:50:24
amd_rx_5700xt,divar,165000000,در حد نو,2026-09-03 15:50:24
sony_ps5,divar,2000000,کارکرده,2026-09-03 15:50:24
apple_macbook_pro_intel_2019_256gb,divar,86500000,در حد نو,2026-09-03 15:50:24
amd_rx_470,divar,8000000,کارکرده,2026-09-03 15:50:24
amd_rx_6600,divar,85000000,کارکرده,2026-09-03 15:50:24
sony_ps5,divar,40000000,در حد نو,2026-09-03 15:50:24
apple_macbook_pro_2019,divar,1000,در حد نو,2026-09-03 15:50:24
amd_rx_5700xt,divar,35500000,در حد نو,2026-09-03 15:50:24
sony_ps5,divar,300000,کارکرده,2026-09-03 15:50:24
sony_ps5,divar,100000,کارکرده,2026-09-03 15:50:24
apple_macbook_pro_2019,divar,1000,در حد نو,2026-09-03 15:50:24
amd_rx_580,divar,12300000,کارکرده,2026-09-03 15:50:24
sony_ps5,divar,300000,کارکرده,2026-09-03 15:50:24
sony_ps5,divar,9800000,کارکرده,2026-09-03 15:50:24
sony_sony_z600,esam,9000000,دست دوم,2026-09-03 15:50:26
other_11,esam,260000,دست دوم,2026-09-03 15:50:26
samsung_galaxy_z_fold_512gb,torob,355000000,نو,2026-09-03 15:50:26
apple_macbook_pro_14inch_512gb,torob,394708000,نو,2026-09-03 15:50:26
lenovo_legion_7_1tb,torob,701760000,نو,2026-09-03 15:50:26
other_capsule3_pro,digikala,8902000,نو,2026-09-04 08:29:05
other_32gb_ddr4_3200_signature,digikala,18155900,نو,2026-09-04 08:29:05
other_ddr3_1600_cl11,digikala,1550000,نو,2026-09-04 08:29:05
dell_5070_j4,digikala,61305200,نو,2026-09-04 08:29:05
other_256gb_x8d_256,digikala,84432500,نو,2026-09-04 08:29:05
other_49_ar908_ultra,digikala,9900000,نو,2026-09-04 08:29:05
other_512gb_s70_512,digikala,17500000,نو,2026-09-04 08:29:05
other_watch_fit_classic,digikala,39990000,نو,2026-09-04 08:29:05
samsung_galaxy_s24_ultra_512gb,digikala,315000000,نو,2026-09-04 08:29:05
asus_vivobook_16_32gb,digikala,213000000,نو,2026-09-04 08:29:05
samsung_galaxy,digikala,4200000,نو,2026-09-04 08:29:05
other_xl_bbh01_in,digikala,7895000,نو,2026-09-04 08:29:05
lenovo_ideapad__512gb,digikala,117800000,نو,2026-09-04 08:29:05
asus_rog_strix_ram48gb_1tb,digikala,573000000,نو,2026-09-04 08:29:05
nvidia_gtx_1650,digikala,37500000,نو,2026-09-04 08:29:05
apple_macbook_pro_2026_2tb,digikala,1129900000,نو,2026-09-04 08:29:05
xiaomi_xiaomi,digikala,11000000,نو,2026-09-04 08:29:05
xiaomi_redmi_note_13_pro_512gb,digikala,99900000,نو,2026-09-04 08:29:05
asus_vivobook_14_custom_1tb,digikala,155000000,نو,2026-09-04 08:29:05
asus_tuf_gaming_custom_ram44gb_1tb,digikala,378000000,نو,2026-09-04 08:29:05
other_1tb_16_aspire_lite,digikala,158000000,نو,2026-09-04 08:29:05
lenovo_legion_5_custom_512gb,digikala,441000000,نو,2026-09-04 08:29:05
other_512gb_2242_512,digikala,16400000,نو,2026-09-04 08:29:05
other_64gb_spark_go_64,digikala,31568000,نو,2026-09-04 08:29:05
asus_tuf_gaming_custom_512gb,digikala,382000000,نو,2026-09-04 08:29:05
asus_tuf_gaming_custom_2tb,digikala,435000000,نو,2026-09-04 08:29:05
other_momentum_true_wireless,digikala,79900000,نو,2026-09-04 08:29:05
other_4tb_sata_iii_y20,digikala,105000000,نو,2026-09-04 08:29:05
other_43_optima,digikala,14320000,نو,2026-09-04 08:29:05
other_55687,digikala,14170000,نو,2026-09-04 08:29:05
other_110_2019_ta,digikala,4300000,نو,2026-09-04 08:29:05
asus_1tb_15_expertbook_b1,digikala,186990000,نو,2026-09-04 08:29:05
asus_tuf_gaming_custom_ram44gb_2tb,digikala,407000000,نو,2026-09-04 08:29:05
lenovo_rtx_5050_32gb,digikala,279000000,نو,2026-09-04 08:29:05
asus_rog_zephyrus_custom_512gb,digikala,426890000,نو,2026-09-04 08:29:05
xiaomi_redmi_note_15__256gb,digikala,59999000,نو,2026-09-04 08:29:05
other_smart_version_y20,digikala,3290000,نو,2026-09-04 08:29:05
other_ak_stable_mz,digikala,8321000,نو,2026-09-04 08:29:05
asus_vivobook_15_custom_32gb,digikala,100600000,نو,2026-09-04 08:29:05
other_zmt_inoversa_780,digikala,6985000,نو,2026-09-04 08:29:05
other_soundmaster,digikala,8080860,نو,2026-09-04 08:29:05
asus_rog_strix_custom_ram32gb_32gb,digikala,461000000,نو,2026-09-04 08:29:05
other_gt_av905_frgb,digikala,2900000,نو,2026-09-04 08:29:05
other_jnb_specially_a710,digikala,7385000,نو,2026-09-04 08:29:05
other_46_80,digikala,7990000,نو,2026-09-04 08:29:05
other_52_gear_fit,digikala,3921970,نو,2026-09-04 08:29:05
other_49_ke_36,digikala,7900000,نو,2026-09-04 08:29:05
other_ddr4_8gb,esam,5750000,دست دوم,2026-09-04 08:29:07
other_17,esam,259350,دست دوم,2026-09-04 08:29:07
other_11,esam,780000,دست دوم,2026-09-04 08:29:07
samsung_galaxy_z_fold8_512gb,torob,390000000,نو,2026-09-04 08:29:07
apple_macbook_pro_2023_16inch_512gb,torob,446000000,نو,2026-09-04 08:29:07
lenovo_legion_7_3tb,torob,892440000,نو,2026-09-04 08:29:07
other_ultra_pack_01,digikala,2460000,نو,2026-09-04 10:19:44
samsung_galaxy,digikala,16575000,نو,2026-09-04 10:19:44
other_cll_included_a710,digikala,7268170,نو,2026-09-04 10:19:44
other_quantum_400,digikala,13900000,نو,2026-09-04 10:19:44
other_fs_gaming_pro,digikala,798000000,نو,2026-09-04 10:19:44
other_sata_iii_sa510,digikala,23844000,نو,2026-09-04 10:19:44
glx_c66_16,digikala,2171670,نو,2026-09-04 10:19:44
xiaomi_xiaomi_512gb,digikala,239999000,نو,2026-09-04 10:19:44
other_1tb_ac732_usb_type,digikala,24000000,نو,2026-09-04 10:19:44
samsung_970evo_plus_250,digikala,39200000,نو,2026-09-04 10:19:44
other_hydro_pro_700w,digikala,11700000,نو,2026-09-04 10:19:44
dell_32gb_15_dc15250_15,digikala,115300000,نو,2026-09-04 10:19:44
other_2tb_pcie_gen4_x4,digikala,58000000,نو,2026-09-04 10:19:44
other_gammaxx_ag400_lga1700,digikala,7400000,نو,2026-09-04 10:19:44
asus_tuf_gaming_custom_2tb,digikala,339000000,نو,2026-09-04 10:19:44
other_2tb_15_aspire_lite,digikala,320000000,نو,2026-09-04 10:19:44
asus_vivobook_15_custom_512gb,digikala,187000000,نو,2026-09-04 10:19:44
asus_tuf_gaming_custom_1tb,digikala,267500000,نو,2026-09-04 10:19:44
other_73_aura_pswasw1801,digikala,6994340,نو,2026-09-04 10:19:44
other_210_fa,digikala,6900000,نو,2026-09-04 10:19:44
other_512gb_16_aspire_lite,digikala,143000000,نو,2026-09-04 10:19:44
hp_1tb_15_15_fd0174nia,digikala,195800000,نو,2026-09-04 10:19:44
intel_64gb_skylake_core_i5,digikala,6300000,نو,2026-09-04 10:19:44
lenovo_legion_5_custom_ram64gb_64gb,digikala,544000000,نو,2026-09-04 10:19:44
samsung_galaxy_a06_128gb,digikala,52450000,نو,2026-09-04 10:19:44
other_1tb_pcie_gen4_x4,digikala,26500000,نو,2026-09-04 10:19:44
asus_vivobook_15_custom_512gb,digikala,159990000,نو,2026-09-04 10:19:44
hp_32gb_15_fd0230wm_15,digikala,123000000,نو,2026-09-04 10:19:44
samsung_128gb_ddr3_1600_cl11,digikala,2100000,نو,2026-09-04 10:19:44
samsung_galaxy,digikala,16800000,نو,2026-09-04 10:19:44
other_1tb_nm610_2280,digikala,25850000,نو,2026-09-04 10:19:44
other_os8_ultra_pro,digikala,5100000,نو,2026-09-04 10:19:44
hp_hp02,digikala,7200000,نو,2026-09-04 10:19:44
asus_custom_256gb,digikala,120000000,نو,2026-09-04 10:19:44
lenovo_rtx_5050_64gb,digikala,377000000,نو,2026-09-04 10:19:44
other_method_360_anc,digikala,29900000,نو,2026-09-04 10:19:44
asus_tuf_gaming_32gb,digikala,189000000,نو,2026-09-04 10:19:44
nvidia_rtx_5060_24gb,digikala,323000000,نو,2026-09-04 10:19:44
lenovo_rtx_3050_16gb,digikala,201900000,نو,2026-09-04 10:19:44
other_mos_feature_a885,digikala,6998000,نو,2026-09-04 10:19:44
other_soundcore_c50i,digikala,13680000,نو,2026-09-04 10:19:44
other_emd_gofree2_plus,digikala,8952000,نو,2026-09-04 10:19:44
nvidia_rtx_3050_16gb,digikala,163990000,نو,2026-09-04 10:19:44
other_alb_sound_lariis,digikala,6852000,نو,2026-09-04 10:19:44
other_bs_pure_bass,digikala,11000000,نو,2026-09-04 10:19:44
asus_proart_lc_420,digikala,46500000,نو,2026-09-04 10:19:44
other_2tb_storejet_25h3_usb,digikala,17500000,نو,2026-09-04 10:19:44
hp_512gb_27_hp_aio,digikala,276800000,نو,2026-09-04 10:19:44
intel_pentium_g4400,digikala,495000,نو,2026-09-04 10:19:44
asus_rtx_4050_8gb,digikala,231900000,نو,2026-09-04 10:19:44
other_2021,digikala,260000,نو,2026-09-04 10:19:44
xiaomi_xiaomi,digikala,3800000,نو,2026-09-04 10:19:44
other_1tb_shield_t300s_usb,digikala,21500000,نو,2026-09-04 10:19:44
other_02_ws_85ultra3,digikala,4500000,نو,2026-09-04 10:19:44
other_nt14_gn,digikala,7050000,نو,2026-09-04 10:19:44
other_ticwatch_gth,digikala,21100000,نو,2026-09-04 10:19:44
other_ldy_aequr_g10,digikala,8200000,نو,2026-09-04 10:19:44
other_128gb_u202_128_usb,digikala,6000000,نو,2026-09-04 10:19:44
other_40_x50_mini,digikala,2407400,نو,2026-09-04 10:19:44
other_bin_soft_freepods,digikala,6532000,نو,2026-09-04 10:19:44
samsung_galaxy_a56,divar,115000000,کارکرده,2026-09-04 10:19:49
samsung_galaxy_a16,divar,43500000,در حد نو,2026-09-04 10:19:49
apple_iphone_12_pro_max,divar,103000000,در حد نو,2026-09-04 10:19:49
other_16_pro_max,divar,235000000,در حد نو,2026-09-04 10:19:49
lenovo_legion,divar,100000000,کارکرده,2026-09-04 10:19:49
apple_iphone_x,divar,21000000,کارکرده,2026-09-04 10:19:49
other_a07,divar,36500000,در حد نو,2026-09-04 10:19:49
amd_rx_580,divar,41300000,کارکرده,2026-09-04 10:19:49
samsung_galaxy_a71_128gb,divar,28000000,در حد نو,2026-09-04 10:19:49
samsung_galaxy_a17_128gb,divar,59000000,در حد نو,2026-09-04 10:19:49
apple_macbook_pro,divar,41600000,در حد نو,2026-09-04 10:19:49
apple_iphone_13_pro_256gb,divar,130000000,در حد نو,2026-09-04 10:19:49
sony_ps4,divar,50000,کارکرده,2026-09-04 10:19:49
samsung_s9_plus,divar,24000000,در حد نو,2026-09-04 10:19:49
apple_iphone_15,divar,110000000,در حد نو,2026-09-04 10:19:49
samsung_galaxy_a06,divar,50000000,کارکرده,2026-09-04 10:19:49
apple_iphone_13_128gb,divar,88000000,در حد نو,2026-09-04 10:19:49
other_14,divar,60000000,در حد نو,2026-09-04 10:19:49
apple_iphone_13,divar,25000000,در حد نو,2026-09-04 10:19:49
apple_macbook_pro_16inch,divar,119900000,کارکرده,2026-09-04 10:19:49
samsung_galaxy_s25,divar,250000000,نو (پلمپ/آکبند),2026-09-04 10:19:49
amd_rx_6700xt,divar,70000000,در حد نو,2026-09-04 10:19:49
other_34,divar,35000000,در حد نو,2026-09-04 10:19:49
apple_iphone_13_pro_max,divar,8000000,در حد نو,2026-09-04 10:19:49
apple_iphone_16,divar,50000000,کارکرده,2026-09-04 10:19:49
sony_ps4,divar,35000000,در حد نو,2026-09-04 10:19:49
samsung_galaxy_s25_ultra,divar,225000000,در حد نو,2026-09-04 10:19:49
other_13,divar,55000000,در حد نو,2026-09-04 10:19:49
amd_rx_580,divar,10000000,کارکرده,2026-09-04 10:19:49
sony_ps5,divar,150000,کارکرده,2026-09-04 10:19:49
apple_macbook_pro_2012,divar,10200000,کارکرده,2026-09-04 10:19:49
amd_rx_580,divar,10500000,در حد نو,2026-09-04 10:19:49
sony_ps5,divar,10000,کارکرده,2026-09-04 10:19:49
apple_macbook_pro_2022,divar,159000000,در حد نو,2026-09-04 10:19:49
amd_rx_580,divar,10500000,در حد نو,2026-09-04 10:19:49
amd_rx_580,divar,10500000,در حد نو,2026-09-04 10:19:49
sony_ps5,divar,1300000,در حد نو,2026-09-04 10:19:49
apple_macbook,divar,1000000,کارکرده,2026-09-04 10:19:49
amd_rx_5700xt,divar,21000000,در حد نو,2026-09-04 10:19:49
sony_ps5,divar,7000000,در حد نو,2026-09-04 10:19:49
apple_macbook_pro_m1,divar,120000000,در حد نو,2026-09-04 10:19:49
apple_macbook_pro_2015,divar,38000000,در حد نو,2026-09-04 10:19:49
amd_rx_580,divar,9950000,در حد نو,2026-09-04 10:19:49
sony_ps5,divar,1300000,در حد نو,2026-09-04 10:19:49
amd_rx_6900xt,divar,101000000,در حد نو,2026-09-04 10:19:49
sony_ps5,divar,2000000,کارکرده,2026-09-04 10:19:49
sony_ps5,divar,2000000,کارکرده,2026-09-04 10:19:49
apple_pro,divar,1250000,کارکرده,2026-09-04 10:19:49
sony_ps4,divar,450000,کارکرده,2026-09-04 10:19:49
amd_rx_5700xt,divar,41000000,کارکرده,2026-09-04 10:19:49
sony_ps5,divar,90000000,کارکرده,2026-09-04 10:19:49
amd_rx_5700xt,divar,165000000,در حد نو,2026-09-04 10:19:49
sony_ps5,divar,200000,کارکرده,2026-09-04 10:19:49
sony_ps5,divar,2000000,کارکرده,2026-09-04 10:19:49
sony_ps5,divar,50000,کارکرده,2026-09-04 10:19:49
amd_rx_6800,divar,75000000,در حد نو,2026-09-04 10:19:49
sony_ps5,divar,10000,کارکرده,2026-09-04 10:19:49
sony_ps5,divar,1000,کارکرده,2026-09-04 10:19:49
sony_ps5,divar,10000,کارکرده,2026-09-04 10:19:49
apple_macbook,divar,1000000000,توافقی,2026-09-04 10:19:49
sony_ps5,divar,1000,کارکرده,2026-09-04 10:19:49
apple_macbook_pro_m1_pro,divar,216000000,در حد نو,2026-09-04 10:19:49
sony_ps5,divar,1000,کارکرده,2026-09-04 10:19:49
sony_ps5,divar,100000,کارکرده,2026-09-04 10:19:49
microsoft_xbox,divar,20000000,کارکرده,2026-09-04 10:19:49
sony_ps5,divar,1300000,کارکرده,2026-09-04 10:19:49
apple_macbook_air_m4,divar,3900000,کارکرده,2026-09-04 10:19:49
amd_rx_5700xt,divar,165000000,در حد نو,2026-09-04 10:19:49
sony_ps5,divar,99000000,کارکرده,2026-09-04 10:19:49
sony_ps5_slim,divar,10000,کارکرده,2026-09-04 10:19:49
apple_macbook_pro_m3,divar,89000000,در حد نو,2026-09-04 10:19:49
amd_rx_5700xt,divar,33500000,کارکرده,2026-09-04 10:19:49
microsoft_xbox,divar,20000000,کارکرده,2026-09-04 10:19:49
sony_ps4,divar,40000000,کارکرده,2026-09-04 10:19:49
apple_macbook,divar,99000000,در حد نو,2026-09-04 10:19:49
amd_rx_6700xt,divar,61000000,در حد نو,2026-09-04 10:19:49
sony_ps5,divar,10000,کارکرده,2026-09-04 10:19:49
sony_ps5,divar,99000000,کارکرده,2026-09-04 10:19:49
apple_macbook_air_2013,divar,10000000,کارکرده,2026-09-04 10:19:49
amd_rx_580,divar,11700000,در حد نو,2026-09-04 10:19:49
sony_ps5,divar,2500000,کارکرده,2026-09-04 10:19:49
apple_macbook_pro_m2,divar,185000000,در حد نو,2026-09-04 10:19:49
sony_ps5,divar,100000,کارکرده,2026-09-04 10:19:49
apple_macbook_air,divar,49000000,در حد نو,2026-09-04 10:19:49
nvidia_rx_580,divar,785000000,کارکرده,2026-09-04 10:19:49
sony_ps5,divar,1500000,کارکرده,2026-09-04 10:19:49
sony_ps5,divar,20000,کارکرده,2026-09-04 10:19:49
sony_ps5,divar,1500000,کارکرده,2026-09-04 10:19:49
apple_macbook_pro_m3_pro_14inch_512gb,divar,325000000,کارکرده,2026-09-04 10:19:49
amd_rx_580,divar,8000000,کارکرده,2026-09-04 10:19:49
sony_ps5,divar,750000,کارکرده,2026-09-04 10:19:49
sony_ps4,divar,35000000,در حد نو,2026-09-04 10:19:49
other_mac_book_pro,divar,198000000,در حد نو,2026-09-04 10:19:49
amd_rx_5700xt,divar,165000000,در حد نو,2026-09-04 10:19:49
amd_rx_6800xt,divar,75500000,کارکرده,2026-09-04 10:19:49
sony_ps4,divar,650000,کارکرده,2026-09-04 10:19:49
amd_rx_5700xt,divar,165000000,در حد نو,2026-09-04 10:19:49
sony_ps5,divar,50000,کارکرده,2026-09-04 10:19:49
lenovo_lenovo,divar,29000000,کارکرده,2026-09-04 10:19:49
apple_macbook_pro,divar,125000000,در حد نو,2026-09-04 10:19:49
sony_ps5_slim,divar,10000,کارکرده,2026-09-04 10:19:49
apple_macbook_pro_intel_2019_256gb,divar,86500000,در حد نو,2026-09-04 10:19:49
apple_macbook_pro_intel_2019_256gb,divar,86500000,در حد نو,2026-09-04 10:19:49
amd_rx_580,divar,79000000,در حد نو,2026-09-04 10:19:49
sony_ps5,divar,100000000,کارکرده,2026-09-04 10:19:49
apple_macbook_air_m4,divar,195000000,در حد نو,2026-09-04 10:19:49
apple_macbook,divar,2000000000,توافقی,2026-09-04 10:19:49
amd_rx_580,divar,11700000,در حد نو,2026-09-04 10:19:49
sony_ps5,divar,100000000,کارکرده,2026-09-04 10:19:49
amd_rx_6800,divar,109000000,کارکرده,2026-09-04 10:19:49
sony_ps5,divar,1500000,در حد نو,2026-09-04 10:19:49
sony_ps5,divar,150000,کارکرده,2026-09-04 10:19:49
sony_ps5,divar,9900000,کارکرده,2026-09-04 10:19:49
other_mac_book_pro,divar,420000000,در حد نو,2026-09-04 10:19:49
amd_rx_6700xt,divar,57000000,در حد نو,2026-09-04 10:19:49
amd_rx_580,divar,79000000,در حد نو,2026-09-04 10:19:49
sony_ps5,divar,7000000,در حد نو,2026-09-04 10:19:49
apple_macbook_pro_m1_pro,divar,223000000,در حد نو,2026-09-04 10:19:49
apple_pro,divar,1450000,کارکرده,2026-09-04 10:19:49
amd_rx_6800,divar,110000000,کارکرده,2026-09-04 10:19:49
sony_ps5,divar,1000000,کارکرده,2026-09-04 10:19:49
apple_macbook_pro_2019,divar,1000,در حد نو,2026-09-04 10:19:49
amd_rx_580,divar,10500000,در حد نو,2026-09-04 10:19:49
amd_rx_6900xt_16gb,divar,88500000,در حد نو,2026-09-04 10:19:49
sony_ps4,divar,68000000,در حد نو,2026-09-04 10:19:49
apple_macbook_pro_2019,divar,140000000,کارکرده,2026-09-04 10:19:49
asus_rog_strix,divar,41500000,در حد نو,2026-09-04 10:19:49
samsung_3600,esam,2250000,نو,2026-09-04 10:19:51
other_500,esam,795000,دست دوم,2026-09-04 10:19:51
other_100,esam,100,دست دوم,2026-09-04 10:19:51
other_100,esam,10,دست دوم,2026-09-04 10:19:51
other_70,esam,1200000,دست دوم,2026-09-04 10:19:51
other_200,esam,50000,دست دوم,2026-09-04 10:19:51
other_meh_imilab_w12,digikala,4950000,نو,2026-09-04 10:24:07
other_dt_ultra,digikala,3980000,نو,2026-09-04 10:24:07
other_ws17_011,digikala,8869050,نو,2026-09-04 10:24:07
other_48_d4f_ss023198000,digikala,79887000,نو,2026-09-04 10:24:07
other_kook888,digikala,2301190,نو,2026-09-04 10:24:07
other_icon_180,digikala,15500000,نو,2026-09-04 10:24:07
other_8300_usb,digikala,3500000,نو,2026-09-04 10:24:07
samsung_128gb_ddr3l_1600_12800,digikala,3400000,نو,2026-09-04 10:24:07
samsung_ddr3_1333_pc3,digikala,3400000,نو,2026-09-04 10:24:07
other_43_titan_rugged,digikala,9990000,نو,2026-09-04 10:24:07
asus_vivobook_15_512gb,digikala,147600000,نو,2026-09-04 10:24:07
dell_512gb_14_latitude_5450,digikala,284900000,نو,2026-09-04 10:24:07
microsoft_1tb_13_surface_pro,digikala,398800000,نو,2026-09-04 10:24:07
other_openfit_air,digikala,29900000,نو,2026-09-04 10:24:07
lenovo_rtx_5050_32gb,digikala,362999000,نو,2026-09-04 10:24:07
hp_512gb_16_omnibook_16by0015dx,digikala,139990000,نو,2026-09-04 10:24:07
asus_vivobook_14_custom_ram40gb_1tb,digikala,201900000,نو,2026-09-04 10:24:07
other_1tb_pcie_gen4_x4,digikala,32950000,نو,2026-09-04 10:24:07
other_mmx_300_pro,digikala,80400000,نو,2026-09-04 10:24:07
lenovo_256gb_v15_g2_ijl,digikala,74000000,نو,2026-09-04 10:24:07
samsung_32gb_ddr4_3200_cl11,digikala,11600000,نو,2026-09-04 10:24:07
other_8tb_exos_st8000nm000a,digikala,74500000,نو,2026-09-04 10:24:07
lenovo_1tb_14_thinkbook_14,digikala,279900000,نو,2026-09-04 10:24:07
other_256gb_sata_256,digikala,8500000,نو,2026-09-04 10:24:07
other_2018_106_fa,digikala,2999000,نو,2026-09-04 10:24:07
asus_tuf_gaming_custom_ram32gb_32gb,digikala,424000000,نو,2026-09-04 10:24:07
other_256gb_pulse_pro_256,digikala,35200000,نو,2026-09-04 10:24:07
samsung_galaxy,digikala,5900000,نو,2026-09-04 10:24:07
other_46_xwatch_3c,digikala,3696000,نو,2026-09-04 10:24:07
other_cll_smart_active,digikala,14940000,نو,2026-09-04 10:24:07
other_open_dots_air,digikala,34000000,نو,2026-09-04 10:24:07
lenovo_2tb_15_v15_g4,digikala,158000000,نو,2026-09-04 10:24:07
asus_512gb_15_expertbook_b1,digikala,302000000,نو,2026-09-04 10:24:07
asus_256gb_pb63_core_i5,digikala,192000000,نو,2026-09-04 10:24:07
asus_vivobook_14_custom_2tb,digikala,174000000,نو,2026-09-04 10:24:07
asus_custom_512gb,digikala,134500000,نو,2026-09-04 10:24:07
asus_vivobook_14_custom_1tb,digikala,146000000,نو,2026-09-04 10:24:07
xiaomi_xiaomi,digikala,3800000,نو,2026-09-04 10:24:07
other_mon_ultimate_safe,digikala,9921000,نو,2026-09-04 10:24:07
other_plus_ng_platform,digikala,9321000,نو,2026-09-04 10:24:07
asus_tuf_gaming_custom_ram64gb_2tb,digikala,475000000,نو,2026-09-04 10:24:07
other_hdi_placement_shk4,digikala,7852000,نو,2026-09-04 10:24:07
asus_tuf_gaming_custom_2tb,digikala,305000000,نو,2026-09-04 10:24:07
asus_512gb,digikala,91000000,نو,2026-09-04 10:24:07
other_bgh_best_bluetooth,digikala,8521000,نو,2026-09-04 10:24:07
nvidia_nvidia_geforce_rtx,digikala,70000000,نو,2026-09-04 10:24:07
other_fg_730,digikala,9200000,نو,2026-09-04 10:24:07
other_42_w3_hexa,digikala,9257400,نو,2026-09-04 10:24:07
other_47_gx_classicfit,digikala,25700000,نو,2026-09-04 10:24:07
other_beoplay_hx_timber,digikala,140000000,نو,2026-09-04 10:24:07
other_boreas_62_bk,digikala,12800000,نو,2026-09-04 10:24:07
asus_vivobook_15_custom_32gb,digikala,122000000,نو,2026-09-04 10:24:07
other_ddr4_2400_cl17,digikala,4980000,نو,2026-09-04 10:24:07
other_512gb_volcan_512,digikala,14500000,نو,2026-09-04 10:24:07
other_49_ft9_pro,digikala,3900000,نو,2026-09-04 10:24:08
other_watch_ultr,digikala,6449000,نو,2026-09-04 10:24:08
other_q8,digikala,12000000,نو,2026-09-04 10:24:08
other_be47_usb_type,digikala,7497000,نو,2026-09-04 10:24:08
other_128gb_sata_iii_p210,digikala,5500000,نو,2026-09-04 10:24:08
other_ser_combined_gp17,digikala,2000000,نو,2026-09-04 10:24:08
samsung_galaxy,digikala,3200000,نو,2026-09-04 10:24:08
other_nitro,divar,70000000,کارکرده,2026-09-04 10:24:11
other_a56,divar,90000000,در حد نو,2026-09-04 10:24:11
apple_iphone_14_pro_256gb,divar,145000000,کارکرده,2026-09-04 10:24:11
amd_rx_580,divar,12800000,در حد نو,2026-09-04 10:24:11
samsung_128gb_samsung_a05s_128g,divar,28000000,در حد نو,2026-09-04 10:24:11
microsoft_xbox,divar,2000,کارکرده,2026-09-04 10:24:11
other_a13,divar,18000000,کارکرده,2026-09-04 10:24:11
sony_ps5,divar,50000,کارکرده,2026-09-04 10:24:11
samsung_galaxy_a36,divar,1900000,کارکرده,2026-09-04 10:24:11
other_item_9e48f854,divar,25000000,در حد نو,2026-09-04 10:24:11
amd_rx_580,divar,14650000,در حد نو,2026-09-04 10:24:11
other_256gb_s26ultra_256_512,divar,189000000,کارکرده,2026-09-04 10:24:11
apple_macbook_pro_intel_2019,divar,119500000,در حد نو,2026-09-04 10:24:11
other_256gb_36_5g_256,divar,94000000,نو (پلمپ/آکبند),2026-09-04 10:24:11
apple_iphone_13,divar,8000000,کارکرده,2026-09-04 10:24:11
xiaomi_xiaomi,divar,7000000,در حد نو,2026-09-04 10:24:11
other_13pro_max_13pro,divar,127000000,کارکرده,2026-09-04 10:24:11
other_s24_fe,divar,113000000,در حد نو,2026-09-04 10:24:11
other_a14,divar,11500000,کارکرده,2026-09-04 10:24:11
amd_rx_580,divar,6500000,در حد نو,2026-09-04 10:24:11
apple_macbook_pro,divar,212500000,کارکرده,2026-09-04 10:24:11
apple_iphone,divar,83000000,در حد نو,2026-09-04 10:24:11
other_a2core,divar,6500000,در حد نو,2026-09-04 10:24:11
apple_iphone_13_128gb,divar,90000000,در حد نو,2026-09-04 10:24:11
other_2016_j3,divar,4300000,در حد نو,2026-09-04 10:24:11
apple_iphone_13,divar,80000000,کارکرده,2026-09-04 10:24:11
samsung_galaxy_a56,divar,72500000,در حد نو,2026-09-04 10:24:11
amd_rx_580,divar,10500000,در حد نو,2026-09-04 10:24:11
sony_ps5,divar,1000,کارکرده,2026-09-04 10:24:11
sony_ps5,divar,500000,کارکرده,2026-09-04 10:24:11
apple_iphone,divar,14000000,کارکرده,2026-09-04 10:24:11
asus_rog_strix,divar,42500000,در حد نو,2026-09-04 10:24:11
sony_ps5,divar,2000000,کارکرده,2026-09-04 10:24:11
apple_macbook_pro_m4_pro,divar,430000000,کارکرده,2026-09-04 10:24:11
apple_macbook_air_m3,divar,190000000,کارکرده,2026-09-04 10:24:11
amd_rx_6700xt,divar,59000000,در حد نو,2026-09-04 10:24:11
sony_ps5,divar,100000,کارکرده,2026-09-04 10:24:11
sony_ps5,divar,90000000,کارکرده,2026-09-04 10:24:11
apple_macbook_air_m2,divar,165000000,در حد نو,2026-09-04 10:24:11
amd_rx_5700xt,divar,165000000,در حد نو,2026-09-04 10:24:11
sony_ps5,divar,2000000,کارکرده,2026-09-04 10:24:11
sony_ps5,divar,10000,کارکرده,2026-09-04 10:24:11
amd_rx_580,divar,10500000,در حد نو,2026-09-04 10:24:11
sony_ps5,divar,2000000,کارکرده,2026-09-04 10:24:11
amd_rx_6800,divar,180000000,کارکرده,2026-09-04 10:24:11
sony_ps5,divar,400000,کارکرده,2026-09-04 10:24:11
apple_macbook,divar,1000,کارکرده,2026-09-04 10:24:11
amd_rx_6800,divar,180000000,کارکرده,2026-09-04 10:24:11
sony_ps5,divar,999000000,کارکرده,2026-09-04 10:24:11
sony_ps5,divar,100000,کارکرده,2026-09-04 10:24:11
sony_ps5,divar,90000000,کارکرده,2026-09-04 10:24:11
sony_ps5,divar,2000000,کارکرده,2026-09-04 10:24:11
amd_rx_580,divar,12000000,کارکرده,2026-09-04 10:24:11
sony_ps5,divar,888888888,کارکرده,2026-09-04 10:24:11
apple_macbook_pro,divar,220000000,کارکرده,2026-09-04 10:24:11
amd_rx_5700xt,divar,33500000,کارکرده,2026-09-04 10:24:11
sony_ps5_slim,divar,10000,کارکرده,2026-09-04 10:24:11
sony_ps5,divar,888888888,کارکرده,2026-09-04 10:24:11
amd_rx_6800,divar,169000000,کارکرده,2026-09-04 10:24:11
sony_ps5,divar,99000000,کارکرده,2026-09-04 10:24:11
sony_ps5,divar,100000,کارکرده,2026-09-04 10:24:11
apple_macbook_air_m1,divar,96700000,کارکرده,2026-09-04 10:24:11
amd_rx_6800,divar,75000000,در حد نو,2026-09-04 10:24:11
sony_ps5,divar,100000000,کارکرده,2026-09-04 10:24:11
apple_macbook_pro_m3_pro_14inch_512gb,divar,325000000,کارکرده,2026-09-04 10:24:11
other_pro2,divar,600000,کارکرده,2026-09-04 10:24:11
sony_ps5,divar,98000000,در حد نو,2026-09-04 10:24:11
sony_ps5,divar,100000,کارکرده,2026-09-04 10:24:11
apple_macbook_pro,divar,44800000,در حد نو,2026-09-04 10:24:11
amd_rx_580,divar,12000000,در حد نو,2026-09-04 10:24:11
amd_rx_6700xt,divar,57000000,در حد نو,2026-09-04 10:24:11
sony_ps5,divar,1000,کارکرده,2026-09-04 10:24:11
apple_macbook_pro_m3,divar,89000000,در حد نو,2026-09-04 10:24:11
amd_rx_6900xt,divar,92000000,در حد نو,2026-09-04 10:24:11
sony_ps5,divar,100000,کارکرده,2026-09-04 10:24:11
apple_macbook_pro_m1_pro_14inch,divar,158000000,در حد نو,2026-09-04 10:24:11
apple_macbook_pro_m1_pro_14inch,divar,158000000,در حد نو,2026-09-04 10:24:11
amd_rx_580,divar,12000000,کارکرده,2026-09-04 10:24:11
sony_ps5,divar,150000,کارکرده,2026-09-04 10:24:11
apple_macbook_2019,divar,75000000,در حد نو,2026-09-04 10:24:11
apple_macbook_air_2019,divar,65000000,در حد نو,2026-09-04 10:24:11
amd_rx_7900xt,divar,160000000,در حد نو,2026-09-04 10:24:11
sony_ps5,divar,50000,کارکرده,2026-09-04 10:24:11
sony_ps5,divar,100000000,کارکرده,2026-09-04 10:24:11
apple_iphone,divar,2000000,کارکرده,2026-09-04 10:24:11
apple_macbook_pro,divar,17900000,کارکرده,2026-09-04 10:24:11
amd_rx_5700xt,divar,165000000,در حد نو,2026-09-04 10:24:11
amd_rx_580,divar,12000000,کارکرده,2026-09-04 10:24:11
sony_ps4,divar,68000000,در حد نو,2026-09-04 10:24:11
apple_macbook_air_m1,divar,96700000,کارکرده,2026-09-04 10:24:11
amd_rx_580,divar,15000000,کارکرده,2026-09-04 10:24:11
sony_ps5,divar,1000,کارکرده,2026-09-04 10:24:11
amd_rx_6800xt,divar,75500000,کارکرده,2026-09-04 10:24:11
sony_ps5,divar,20000000,کارکرده,2026-09-04 10:24:11
apple_macbook_air_m1,divar,96700000,کارکرده,2026-09-04 10:24:11
amd_rx_580,divar,12000000,در حد نو,2026-09-04 10:24:11
sony_ps5,divar,20000000,کارکرده,2026-09-04 10:24:11
apple_macbook_air_m2,divar,155000000,در حد نو,2026-09-04 10:24:11
amd_rx_5700xt,divar,33500000,کارکرده,2026-09-04 10:24:11
sony_ps5,divar,39900000,کارکرده,2026-09-04 10:24:11
amd_rx_580,divar,55200000,در حد نو,2026-09-04 10:24:11
sony_ps5,divar,1500000,کارکرده,2026-09-04 10:24:11
sony_ps5,divar,1500000,کارکرده,2026-09-04 10:24:11
microsoft_xbox,divar,4000000,کارکرده,2026-09-04 10:24:11
apple_macbook_air,divar,115000000,در حد نو,2026-09-04 10:24:11
amd_rx_6600,divar,35900000,در حد نو,2026-09-04 10:24:11
sony_ps5,divar,98000000,کارکرده,2026-09-04 10:24:11
sony_ps5,divar,49000000,در حد نو,2026-09-04 10:24:11
apple_macbook,divar,2000000000,توافقی,2026-09-04 10:24:11
other_i5_12400f,divar,83900000,در حد نو,2026-09-04 10:24:11
sony_ps5,divar,150000,کارکرده,2026-09-04 10:24:11
amd_rx_470,divar,8000000,کارکرده,2026-09-04 10:24:11
amd_rx_6600,divar,35900000,در حد نو,2026-09-04 10:24:11
sony_ps5_slim,divar,42000000,کارکرده,2026-09-04 10:24:11
apple_macbook_pro_m1_pro,divar,223000000,در حد نو,2026-09-04 10:24:11
lenovo_lenovo,divar,29000000,کارکرده,2026-09-04 10:24:11
amd_rx_6800,divar,75000000,در حد نو,2026-09-04 10:24:11
sony_ps5,divar,40000000,در حد نو,2026-09-04 10:24:11
apple_macbook_pro_m4_pro,divar,374000000,کارکرده,2026-09-04 10:24:11
asus_rog_strix,divar,41500000,در حد نو,2026-09-04 10:24:11
amd_rx_580,divar,10500000,در حد نو,2026-09-04 10:24:11
sony_ps5_slim,divar,10000,کارکرده,2026-09-04 10:24:11
apple_macbook_pro_m4_pro,divar,380000000,کارکرده,2026-09-04 10:24:11
other_pro2,divar,600000,کارکرده,2026-09-04 10:24:11
amd_rx_6600,divar,35900000,در حد نو,2026-09-04 10:24:11
other_onmax,esam,699000,دست دوم,2026-09-04 10:24:13
other_10,esam,68000,دست دوم,2026-09-04 10:24:13
other_11,esam,260000,دست دوم,2026-09-04 10:24:13
sony_sony_p990,esam,22500000,دست دوم,2026-09-04 10:24:13
other_15,esam,20000,دست دوم,2026-09-04 10:24:13
other_10,esam,359000,دست دوم,2026-09-04 10:24:13
apple_iphone_13_pro_max_256gb,torob,112000000,نو,2026-09-04 10:24:13
xiaomi_redmi_note_14_pro_512gb,torob,91500000,نو,2026-09-04 10:24:13
apple_macbook_air_m1_128gb,torob,64000000,نو,2026-09-04 10:24:13
lenovo_ideapad_1_1tb,torob,86050000,نو,2026-09-04 10:24:13
apple_iphone_15_pro_max_256gb,torob,188999000,نو,2026-09-05 11:29:15
xiaomi_xiaomi_512gb,torob,150000000,نو,2026-09-05 11:29:15
apple_macbook_pro_m3,torob,1020000,نو,2026-09-05 11:29:15
lenovo_rtx_3050_24gb,torob,225000000,نو,2026-09-05 11:29:15
other_43_ss050495000,digikala,48400000,نو,2026-09-05 14:28:27
asus_zenbook_14_1tb,digikala,423990000,نو,2026-09-05 14:28:29
other_ef_pure_3s,digikala,14124110,نو,2026-09-05 14:28:33
intel_core_i7_12700kf,digikala,63071800,نو,2026-09-05 14:28:42
other_ath_cks30tw,digikala,29500000,نو,2026-09-05 14:28:46
samsung_galaxy_a07_64gb,digikala,52300000,نو,2026-09-05 14:28:46
asus_vivobook_15_custom_2tb,digikala,186000000,نو,2026-09-05 14:28:46
lenovo_512gb_15_v15_g5,digikala,134490000,نو,2026-09-05 14:28:46
apple_macbook_pro_2026_1tb,digikala,595960000,نو,2026-09-05 14:28:46
other_32gb_ddr4_3200_cl22,digikala,12900000,نو,2026-09-05 14:28:46
other_zeus_h510_pro,digikala,16700000,نو,2026-09-05 14:28:46
xiaomi_xiaomi_256gb,digikala,51830000,نو,2026-09-05 14:28:46
samsung_galaxy_s10_256gb,digikala,153300000,نو,2026-09-05 14:28:46
other_h610m_v2_rev,digikala,19120000,نو,2026-09-05 14:28:46
lenovo_ideapad__512gb,digikala,166000000,نو,2026-09-05 14:28:46
microsoft_256gb_13_surface_pro,digikala,388200000,نو,2026-09-05 14:28:47
other_openfit2_plus,digikala,59000000,نو,2026-09-05 14:28:47
asus_rog_strix_custom_ram44gb_512gb,digikala,479000000,نو,2026-09-05 14:28:47
sony_ps5_pro,digikala,318000000,نو,2026-09-05 14:28:47
lenovo_rtx_3050_32gb,digikala,301000000,نو,2026-09-05 14:28:47
other_1tb_pcie_gen4_x4,digikala,26500000,نو,2026-09-05 14:28:47
other_mmx_300_2nd,digikala,69750000,نو,2026-09-05 14:28:47
lenovo_512gb_15_v15_g4,digikala,132000000,نو,2026-09-05 14:28:47
other_ddr3_1600_kvr,digikala,1850000,نو,2026-09-05 14:28:47
other_sa_tw_p20,digikala,15600000,نو,2026-09-05 14:28:47
asus_tuf_gaming_512gb,digikala,318000000,نو,2026-09-05 14:28:47
samsung_galaxy,digikala,9600000,نو,2026-09-05 14:28:47
intel_core_i3_10100,digikala,24850000,نو,2026-09-05 14:28:47
asus_rog_strix_custom_ram40gb_2tb,digikala,628000000,نو,2026-09-05 14:28:47
xiaomi_poco_f6_pro_512gb,digikala,132000000,نو,2026-09-05 14:28:47
other_32gb_ddr4_aegis_3200,digikala,14000000,نو,2026-09-05 14:28:47
other_39_ksc_1124,digikala,5967600,نو,2026-09-05 14:28:47
other_w200bt,digikala,7500000,نو,2026-09-05 14:28:47
other_hf_684,digikala,3500000,نو,2026-09-05 14:28:47
asus_rog_strix_custom_ram48gb_4tb,digikala,883000000,نو,2026-09-05 14:28:47
asus_tuf_gaming_custom_ram64gb_2tb,digikala,480000000,نو,2026-09-05 14:28:47
lenovo_legion_5_custom_ram32gb_4tb,digikala,391000000,نو,2026-09-05 14:28:47
asus_vivobook_15_32gb,digikala,95900000,نو,2026-09-05 14:28:47
asus_32gb,digikala,78700000,نو,2026-09-05 14:28:47
other_hdt_st1_watch,digikala,8985000,نو,2026-09-05 14:28:47
other_ghn_bowie_35,digikala,8989000,نو,2026-09-05 14:28:47
asus_vivobook_16_custom_2tb,digikala,196400000,نو,2026-09-05 14:28:47
other_fn_with_710,digikala,7845320,نو,2026-09-05 14:28:47
lenovo_rtx_5050_32gb,digikala,336000000,نو,2026-09-05 14:28:47
other_2018_106_ar,digikala,2590000,نو,2026-09-05 14:28:47
asus_rog_strix_custom_1tb,digikala,461000000,نو,2026-09-05 14:28:47
other_plus_kat_maximum,digikala,8965000,نو,2026-09-05 14:28:47
intel_rocket_lake_core,digikala,45000000,نو,2026-09-05 14:28:48
other_tune_530bt,digikala,7000000,نو,2026-09-05 14:28:48
other_h610m_h2_d4,digikala,15400000,نو,2026-09-05 14:28:48
asus_vivobook_15_custom_1tb,digikala,160000000,نو,2026-09-05 14:28:48
samsung_galaxy_s11_ultra,digikala,4800000,نو,2026-09-05 14:28:48
other_256gb_256,digikala,19000000,نو,2026-09-05 14:28:48
other_49_ws85_ultera3,digikala,4377000,نو,2026-09-05 14:28:48
other_zetime,digikala,6900000,نو,2026-09-05 14:28:48
other_49_enable_pop,digikala,15985000,نو,2026-09-05 14:28:48
other_tne_soft_g10,digikala,7986000,نو,2026-09-05 14:28:48
other_44_ultra_max,digikala,2399000,نو,2026-09-05 14:28:48
other_atn_best_t75,digikala,6531400,نو,2026-09-05 14:28:48
samsung_galaxy,digikala,3250000,نو,2026-09-05 14:28:48
apple_macbook_pro_2017,divar,84500000,در حد نو,2026-09-05 14:28:52
asus_rtx_5050,divar,230000000,نو (پلمپ/آکبند),2026-09-05 14:28:54
apple_iphone,divar,98000000,در حد نو,2026-09-05 14:28:54
apple_iphone_17,divar,18500000,کارکرده,2026-09-05 14:28:54
amd_rx_580,divar,69500000,کارکرده,2026-09-05 14:28:55
apple_macbook,divar,43000000,در حد نو,2026-09-05 14:28:55
intel_g620_cpu_intel,divar,500000,کارکرده,2026-09-05 14:28:55
apple_macbook_air_m4,divar,3900000,کارکرده,2026-09-05 14:28:55
microsoft_xbox,divar,2000,کارکرده,2026-09-05 14:28:55
samsung_a30s,divar,15000000,کارکرده,2026-09-05 14:28:55
samsung_galaxy_a36,divar,1900000,کارکرده,2026-09-05 14:28:55
amd_rx_580,divar,11000000,در حد نو,2026-09-05 14:28:55
sony_ps5,divar,2500000,کارکرده,2026-09-05 14:28:55
other_13promax256zaa,divar,145000000,کارکرده,2026-09-05 14:28:55
other_j2,divar,3750000,کارکرده,2026-09-05 14:28:55
apple_iphone_17,divar,20000000,کارکرده,2026-09-05 14:28:55
apple_iphone_11,divar,30000000,کارکرده,2026-09-05 14:28:55
other_11,divar,8500000,کارکرده,2026-09-05 14:28:55
amd_rx_580,divar,13000000,نو (پلمپ/آکبند),2026-09-05 14:28:55
apple_macbook_air_m3_256gb,divar,167000000,کارکرده,2026-09-05 14:28:55
samsung_galaxy,divar,7500000,در حد نو,2026-09-05 14:28:55
apple_iphone_xs_max,divar,46000000,در حد نو,2026-09-05 14:28:55
sony_ps5,divar,1000,کارکرده,2026-09-05 14:28:55
apple_iphone_16,divar,50000000,کارکرده,2026-09-05 14:28:55
other_plus,divar,10000000,در حد نو,2026-09-05 14:28:55
apple_macbook_pro_2019_64gb,divar,125000000,کارکرده,2026-09-05 14:28:55
amd_rx_5700xt,divar,41000000,کارکرده,2026-09-05 14:28:55
microsoft_xbox,divar,20000000,کارکرده,2026-09-05 14:28:55
apple_macbook_pro_2015,divar,38000000,در حد نو,2026-09-05 14:28:55
amd_rx_580,divar,10500000,در حد نو,2026-09-05 14:28:55
sony_ps5,divar,100000000,کارکرده,2026-09-05 14:28:55
apple_macbook_pro_2022,divar,159000000,در حد نو,2026-09-05 14:28:55
apple_macbook_pro_intel,divar,25000000,کارکرده,2026-09-05 14:28:55
amd_rx_5700xt,divar,21000000,در حد نو,2026-09-05 14:28:55
sony_ps5_slim,divar,10000,کارکرده,2026-09-05 14:28:55
apple_macbook_pro_m4_pro,divar,430000000,کارکرده,2026-09-05 14:28:55
apple_macbook_pro_intel,divar,25000000,کارکرده,2026-09-05 14:28:55
amd_rx_6800,divar,198000000,کارکرده,2026-09-05 14:28:55
sony_ps5,divar,500000,کارکرده,2026-09-05 14:28:55
sony_ps5_pro,divar,49000000,در حد نو,2026-09-05 14:28:55
apple_macbook_pro,divar,12000000,کارکرده,2026-09-05 14:28:55
amd_rx_7900xt,divar,165000000,در حد نو,2026-09-05 14:28:55
sony_ps5,divar,1000000,کارکرده,2026-09-05 14:28:55
sony_ps5,divar,1000000,کارکرده,2026-09-05 14:28:55
amd_rx_580,divar,9950000,در حد نو,2026-09-05 14:28:55
sony_ps4,divar,40000000,کارکرده,2026-09-05 14:28:55
apple_macbook_air_m2,divar,165000000,در حد نو,2026-09-05 14:28:55
amd_rx_470,divar,6200000,کارکرده,2026-09-05 14:28:55
sony_ps5,divar,150000,کارکرده,2026-09-05 14:28:55
amd_rx_6700xt,divar,59000000,در حد نو,2026-09-05 14:28:55
sony_ps5,divar,90000000,کارکرده,2026-09-05 14:28:55
sony_ps5,divar,3000000,در حد نو,2026-09-05 14:28:55
amd_rx_580,divar,10500000,در حد نو,2026-09-05 14:28:55
sony_ps5,divar,400000,کارکرده,2026-09-05 14:28:55
apple_macbook_pro_m1,divar,100000000,در حد نو,2026-09-05 14:28:55
amd_rx_5700xt,divar,33500000,کارکرده,2026-09-05 14:28:55
sony_ps5,divar,99000000,کارکرده,2026-09-05 14:28:55
apple_macbook_pro_m2,divar,165000000,در حد نو,2026-09-05 14:28:55
amd_rx_5700xt,divar,165000000,در حد نو,2026-09-05 14:28:55
amd_rx_6800,divar,75000000,در حد نو,2026-09-05 14:28:55
sony_ps5,divar,50000,کارکرده,2026-09-05 14:28:55
sony_ps5,divar,100000,کارکرده,2026-09-05 14:28:55
apple_macbook_pro,divar,350000000,کارکرده,2026-09-05 14:28:55
amd_rx_580,divar,12000000,کارکرده,2026-09-05 14:28:55
sony_ps5,divar,1000,کارکرده,2026-09-05 14:28:55
apple_macbook_pro,divar,220000000,کارکرده,2026-09-05 14:28:55
apple_iphone,divar,14000000,کارکرده,2026-09-05 14:28:55
amd_rx_6700xt,divar,61000000,در حد نو,2026-09-05 14:28:55
sony_ps5,divar,50000,کارکرده,2026-09-05 14:28:55
amd_rx_580,divar,12000000,در حد نو,2026-09-05 14:28:55
sony_ps5,divar,100000,کارکرده,2026-09-05 14:28:55
apple_macbook_pro,divar,44800000,در حد نو,2026-09-05 14:28:55
amd_rx_580,divar,10500000,در حد نو,2026-09-05 14:28:55
amd_rx_580,divar,11700000,در حد نو,2026-09-05 14:28:55
sony_ps5,divar,150000,کارکرده,2026-09-05 14:28:55
apple_macbook_2019,divar,75000000,در حد نو,2026-09-05 14:28:55
amd_rx_6800xt,divar,75500000,کارکرده,2026-09-05 14:28:55
amd_rx_6700xt,divar,57000000,در حد نو,2026-09-05 14:28:55
sony_ps5,divar,888888888,کارکرده,2026-09-05 14:28:55
apple_macbook_air_m4,divar,195000000,در حد نو,2026-09-05 14:28:55
amd_rx_590,divar,16500000,در حد نو,2026-09-05 14:28:55
sony_ps5,divar,80000000,کارکرده,2026-09-05 14:28:55
apple_macbook_pro_m2,divar,165000000,در حد نو,2026-09-05 14:28:55
apple_macbook_pro_m2,divar,165000000,در حد نو,2026-09-05 14:28:55
amd_rx_6900xt,divar,92000000,در حد نو,2026-09-05 14:28:55
sony_ps5,divar,1000,کارکرده,2026-09-05 14:28:55
sony_ps5,divar,100000,کارکرده,2026-09-05 14:28:55
apple_macbook,divar,1000000000,توافقی,2026-09-05 14:28:55
amd_rx_580,divar,12000000,کارکرده,2026-09-05 14:28:55
amd_rx_6700xt,divar,61000000,در حد نو,2026-09-05 14:28:55
sony_ps5,divar,1800000,کارکرده,2026-09-05 14:28:55
apple_macbook_pro,divar,350000000,کارکرده,2026-09-05 14:28:55
amd_rx_6900xt,divar,92000000,در حد نو,2026-09-05 14:28:55
amd_rx_6600,divar,35900000,در حد نو,2026-09-05 14:28:55
sony_ps5,divar,50000,کارکرده,2026-09-05 14:28:55
amd_rx_6800xt,divar,75500000,کارکرده,2026-09-05 14:28:55
sony_ps5,divar,1000,کارکرده,2026-09-05 14:28:55
amd_rx_580,divar,12000000,در حد نو,2026-09-05 14:28:55
amd_rx_580,divar,54900000,در حد نو,2026-09-05 14:28:55
sony_ps5,divar,90000000,کارکرده,2026-09-05 14:28:55
apple_macbook_pro,divar,3350000,کارکرده,2026-09-05 14:28:55
samsung_level_u2_eo,divar,10800000,کارکرده,2026-09-05 14:28:55
sony_ps5,divar,10000,در حد نو,2026-09-05 14:28:55
amd_rx_5700xt,divar,165000000,در حد نو,2026-09-05 14:28:55
sony_ps5,divar,1000000,کارکرده,2026-09-05 14:28:55
apple_macbook_air_m1_256gb,divar,110700000,کارکرده,2026-09-05 14:28:55
apple_macbook_pro_m3_512gb,divar,330000000,کارکرده,2026-09-05 14:28:55
microsoft_xbox,divar,4000000,کارکرده,2026-09-05 14:28:55
apple_macbook_air,divar,12600000,کارکرده,2026-09-05 14:28:55
apple_macbook_pro,divar,125000000,در حد نو,2026-09-05 14:28:55
amd_rx_6800,divar,75000000,در حد نو,2026-09-05 14:28:55
sony_ps5,divar,1500000,کارکرده,2026-09-05 14:28:55
sony_ps5,divar,1000000,کارکرده,2026-09-05 14:28:55
other_i5_12400f,divar,83900000,در حد نو,2026-09-05 14:28:55
sony_ps5,divar,50000,کارکرده,2026-09-05 14:28:55
sony_ps5,divar,90000000,کارکرده,2026-09-05 14:28:55
amd_rx_580,divar,10500000,در حد نو,2026-09-05 14:28:55
sony_ps5,divar,7000000,در حد نو,2026-09-05 14:28:55
sony_ps5,divar,40000000,در حد نو,2026-09-05 14:28:55
sony_ps5,divar,40000000,کارکرده,2026-09-05 14:28:55
apple_macbook_air,divar,12600000,کارکرده,2026-09-05 14:28:55
amd_rx_470,divar,6200000,کارکرده,2026-09-05 14:28:55
sony_ps5,divar,900000,کارکرده,2026-09-05 14:28:55
apple_macbook_air,divar,12600000,کارکرده,2026-09-05 14:28:55
apple_macbook_pro_m1_pro,divar,223000000,در حد نو,2026-09-05 14:28:55
amd_rx_6600,divar,85000000,کارکرده,2026-09-05 14:28:55
apple_macbook,divar,38000000,در حد نو,2026-09-05 14:28:55
amd_rx_580,divar,10500000,در حد نو,2026-09-05 14:28:55
amd_rx_5700xt,divar,35500000,در حد نو,2026-09-05 14:28:55
sony_ps5,divar,300000,کارکرده,2026-09-05 14:28:55
apple_macbook_2018,divar,90000000,در حد نو,2026-09-05 14:28:55
hp_hp_pavilion,esam,113000000,دست دوم,2026-09-05 14:28:58
other_10,esam,1,دست دوم,2026-09-05 14:28:58
hp_hp_probook_470,esam,48000000,دست دوم,2026-09-05 14:28:58
other_17,esam,149000,دست دوم,2026-09-05 14:28:58
other_200,esam,200,دست دوم,2026-09-05 14:28:58
sony_w550i,esam,3000000,دست دوم,2026-09-05 14:28:58
other_10,esam,4500000,دست دوم,2026-09-05 14:28:58
asus_tuf,esam,108000000,دست دوم,2026-09-05 14:28:59
lenovo_loq_15irx9,esam,225000000,دست دوم,2026-09-05 14:28:59
apple_macbook_intel,esam,32600000,دست دوم,2026-09-05 14:28:59
apple_iphone_13_pro_256gb,torob,149000000,نو,2026-09-05 14:29:00
xiaomi_redmi_14c_256gb,torob,47200000,نو,2026-09-05 14:29:00
apple_macbook_pro_m1,torob,5000000,نو,2026-09-05 14:29:00
lenovo_rtx_5050_24gb,torob,260000000,نو,2026-09-05 14:29:00
other_47_s370i,digikala,8727160,نو,2026-09-05 16:20:23
other_fn_included_at,digikala,6781320,نو,2026-09-05 16:20:23
other_1tb_canvio_basics_usb,digikala,20627200,نو,2026-09-05 16:20:23
xiaomi_redmi_note_15_pro_256gb,digikala,78499000,نو,2026-09-05 16:20:23
samsung_galaxy_a11_128gb,digikala,93000000,نو,2026-09-05 16:20:23
lenovo_512gb_ps8_512_usb,digikala,15500000,نو,2026-09-05 16:20:23
samsung_galaxy,digikala,4445000,نو,2026-09-05 16:20:23
other_verio_200,digikala,48300000,نو,2026-09-05 16:20:23
lenovo_legion_5_custom_2tb,digikala,444000000,نو,2026-09-05 16:20:23
nvidia_rtx_3050_16gb,digikala,230000000,نو,2026-09-05 16:20:23
sony_ps5_pro,digikala,320000000,نو,2026-09-05 16:20:23
other_5300_4g_16,digikala,6699000,نو,2026-09-05 16:20:23
asus_1tb_15_expertbook_b1,digikala,243000000,نو,2026-09-05 16:20:23
lenovo_512gb_16_thinkbook_16,digikala,150000000,نو,2026-09-05 16:20:23
other_32gb_ddr4_16_3200,digikala,24150000,نو,2026-09-05 16:20:23
other_5tb_armor_a85,digikala,78000000,نو,2026-09-05 16:20:23
samsung_ddr3_1333_10600s,digikala,3700000,نو,2026-09-05 16:20:23
microsoft_13_surface_pro,digikala,786490000,نو,2026-09-05 16:20:23
hp_256gb_15_fd0133wm_15,digikala,112600000,نو,2026-09-05 16:20:23
microsoft_256gb_13_surface_pro,digikala,388200000,نو,2026-09-05 16:20:23
asus_1tb_nuc15crhc7_core_240h,digikala,233200000,نو,2026-09-05 16:20:23
nvidia_rtx_3050_12gb,digikala,184999000,نو,2026-09-05 16:20:23
other_store_go_usb,digikala,22600000,نو,2026-09-05 16:20:23
other_notous_400_pwm,digikala,7450000,نو,2026-09-05 16:20:23
nvidia_rtx_5050_16gb,digikala,289890000,نو,2026-09-05 16:20:23
other_256gb_x6c_256,digikala,56320000,نو,2026-09-05 16:20:23
other_256gb_pcie_gen3_x4,digikala,10690000,نو,2026-09-05 16:20:23
asus_vivobook_15_custom_1tb,digikala,160999000,نو,2026-09-05 16:20:23
samsung_galaxy,digikala,6100000,نو,2026-09-05 16:20:23
other_64gb_spark_go_64,digikala,31568000,نو,2026-09-05 16:20:23
asus_rog_strix_custom_ram44gb_4tb,digikala,687000000,نو,2026-09-05 16:20:23
xiaomi_xiaomi,digikala,17119000,نو,2026-09-05 16:20:23
other_512gb_falcon_512,digikala,11200000,نو,2026-09-05 16:20:23
other_44_mos_fidelity,digikala,14690000,نو,2026-09-05 16:20:23
other_1000_pq1000p,digikala,34500000,نو,2026-09-05 16:20:23
asus_vivobook_15_custom_1tb,digikala,127000000,نو,2026-09-05 16:20:23
intel_512gb_27_gt627_core,digikala,192500000,نو,2026-09-05 16:20:23
asus_tuf_gaming_custom_ram44gb_512gb,digikala,393000000,نو,2026-09-05 16:20:23
lenovo_legion_5_custom_512gb,digikala,282000000,نو,2026-09-05 16:20:23
asus_rog_strix_custom_ram32gb_1tb,digikala,468999000,نو,2026-09-05 16:20:23
asus_1tb_15_expertbook_p1,digikala,108900000,نو,2026-09-05 16:20:23
other_43_tsw_gt6,digikala,6935500,نو,2026-09-05 16:20:23
other_gt806,digikala,8950000,نو,2026-09-05 16:20:23
asus_tuf_gaming_custom_512gb,digikala,182990000,نو,2026-09-05 16:20:23
other_apy_range_bass,digikala,7726000,نو,2026-09-05 16:20:23
asus_tuf_gaming_custom_ram44gb_1tb,digikala,340000000,نو,2026-09-05 16:20:23
asus_vivobook_14_256gb,digikala,64000000,نو,2026-09-05 16:20:23
other_skt_boom_op,digikala,8965000,نو,2026-09-05 16:20:23
apple_series_aluminum_45mm,digikala,57700000,نو,2026-09-05 16:20:23
asus_2tb_15_expertbook_b1,digikala,269990000,نو,2026-09-05 16:20:23
razer_kraken_essential,digikala,7194130,نو,2026-09-05 16:20:23
sony_ps5_slim,digikala,134000000,نو,2026-09-05 16:20:23
other_1tb_core_i5_3470,digikala,24700000,نو,2026-09-05 16:20:23
amd_7700x_tray,digikala,52700000,نو,2026-09-05 16:20:23
asus_1tb_15_expertbook_b1,digikala,155990000,نو,2026-09-05 16:20:23
other_gp_gstfs31240gntd_240,digikala,8400000,نو,2026-09-05 16:20:23
dell_12tb_sas_mg07sca12tey_12,digikala,490000000,نو,2026-09-05 16:20:23
other_apy_optimizer_kr,digikala,5500000,نو,2026-09-05 16:20:23
other_kdt_grand_kameni,digikala,9880000,نو,2026-09-05 16:20:23
other_naz_best_handsfree,digikala,6951000,نو,2026-09-05 16:20:23
other_128gb_sata_vs_601,digikala,5290000,نو,2026-09-05 16:20:23
other_45_x62,digikala,1955000,نو,2026-09-05 16:20:23
apple_iphone_16,divar,17000000,کارکرده,2026-09-05 16:20:27
apple_iphone_16,divar,205000000,در حد نو,2026-09-05 16:20:27
apple_macbook_air_m2,divar,170000000,در حد نو,2026-09-05 16:20:27
other_a21s,divar,17500000,کارکرده,2026-09-05 16:20:27
apple_iphone_15_pro_max,divar,190000000,در حد نو,2026-09-05 16:20:27
apple_iphone_16,divar,155000000,کارکرده,2026-09-05 16:20:27
samsung_gt5212,divar,2500000,کارکرده,2026-09-05 16:20:27
other_64gb_64,divar,7000000,کارکرده,2026-09-05 16:20:27
apple_iphone_12_pro_256gb,divar,25000000,در حد نو,2026-09-05 16:20:27
other_14_pro,divar,192000000,در حد نو,2026-09-05 16:20:27
apple_iphone_16_128gb,divar,290000000,کارکرده,2026-09-05 16:20:27
asus_tuf_gaming,divar,130000000,در حد نو,2026-09-05 16:20:27
apple_iphone_12_128gb,divar,50000000,کارکرده,2026-09-05 16:20:27
other_55,divar,8000000,در حد نو,2026-09-05 16:20:27
apple_iphone_17,divar,40000000,کارکرده,2026-09-05 16:20:27
apple_iphone_15_pro_max,divar,178500000,در حد نو,2026-09-05 16:20:27
samsung_galaxy_s23_256gb,divar,210000000,کارکرده,2026-09-05 16:20:27
sony_ps5,divar,10500000,کارکرده,2026-09-05 16:20:27
apple_macbook_pro_m1,divar,128000000,کارکرده,2026-09-05 16:20:27
apple_macbook_air_m4_13inch_256gb,divar,242000000,در حد نو,2026-09-05 16:20:27
other_iphobe_16_pro,divar,185000000,کارکرده,2026-09-05 16:20:27
samsung_galaxy_a55,divar,87500000,کارکرده,2026-09-05 16:20:27
sony_ps5,divar,3000000,در حد نو,2026-09-05 16:20:27
other_256gb_13_256,divar,109000000,در حد نو,2026-09-05 16:20:27
amd_rx_590,divar,16000000,کارکرده,2026-09-05 16:20:27
apple_iphone_11_pro_max,divar,59900000,نو (پلمپ/آکبند),2026-09-05 16:20:27
amd_cpu_ryzen,divar,57000000,در حد نو,2026-09-05 16:20:27
sony_ps5,divar,8000000,کارکرده,2026-09-05 16:20:27
sony_ps5,divar,100000000,کارکرده,2026-09-05 16:20:27
sony_ps5,divar,2000000,کارکرده,2026-09-05 16:20:27
apple_macbook_pro_2021,divar,210000000,در حد نو,2026-09-05 16:20:27
amd_rx_5700xt,divar,41000000,کارکرده,2026-09-05 16:20:27
sony_ps5,divar,1000,کارکرده,2026-09-05 16:20:27
apple_macbook_pro,divar,130000000,در حد نو,2026-09-05 16:20:27
amd_rx_580,divar,10000000,کارکرده,2026-09-05 16:20:27
sony_ps5,divar,400000,کارکرده,2026-09-05 16:20:27
sony_ps5,divar,100000,کارکرده,2026-09-05 16:20:27
apple_macbook,divar,1000000000,توافقی,2026-09-05 16:20:27
amd_rx_6700xt,divar,59000000,در حد نو,2026-09-05 16:20:27
sony_ps5,divar,2000000,کارکرده,2026-09-05 16:20:27
sony_ps5,divar,80000000,کارکرده,2026-09-05 16:20:27
apple_macbook_pro_2015,divar,38000000,در حد نو,2026-09-05 16:20:27
nvidia_rx_580,divar,785000000,کارکرده,2026-09-05 16:20:27
amd_rx_6700xt,divar,59000000,در حد نو,2026-09-05 16:20:27
sony_ps5,divar,2000000,کارکرده,2026-09-05 16:20:27
sony_ps5,divar,100000,کارکرده,2026-09-05 16:20:27
apple_macbook_air_m3,divar,190000000,کارکرده,2026-09-05 16:20:27
amd_rx_5700xt,divar,21000000,در حد نو,2026-09-05 16:20:27
sony_ps5,divar,2000000,کارکرده,2026-09-05 16:20:27
sony_ps5,divar,1500000,کارکرده,2026-09-05 16:20:27
sony_ps5,divar,18000000,کارکرده,2026-09-05 16:20:27
amd_rx_580,divar,8000000,کارکرده,2026-09-05 16:20:27
sony_ps5,divar,1200000,کارکرده,2026-09-05 16:20:27
apple_macbook_pro_m2,divar,165000000,در حد نو,2026-09-05 16:20:27
amd_rx_580,divar,12000000,کارکرده,2026-09-05 16:20:27
microsoft_xbox,divar,1000,کارکرده,2026-09-05 16:20:27
microsoft_xbox,divar,1000,کارکرده,2026-09-05 16:20:27
apple_macbook_pro,divar,44800000,در حد نو,2026-09-05 16:20:27
amd_rx_6800xt,divar,75500000,کارکرده,2026-09-05 16:20:27
sony_ps5,divar,1300000,کارکرده,2026-09-05 16:20:27
sony_ps5,divar,98000000,در حد نو,2026-09-05 16:20:27
apple_macbook_pro,divar,177000000,در حد نو,2026-09-05 16:20:27
apple_macbook_pro_m2,divar,165000000,در حد نو,2026-09-05 16:20:27
amd_rx_580,divar,12000000,کارکرده,2026-09-05 16:20:27
sony_ps5,divar,10000,کارکرده,2026-09-05 16:20:27
apple_macbook_pro,divar,350000000,کارکرده,2026-09-05 16:20:27
apple_macbook_air_m1,divar,96700000,کارکرده,2026-09-05 16:20:27
amd_rx_580,divar,10500000,در حد نو,2026-09-05 16:20:27
sony_ps5,divar,150000,کارکرده,2026-09-05 16:20:27
amd_rx_5700xt,divar,165000000,در حد نو,2026-09-05 16:20:27
sony_ps5,divar,80000000,کارکرده,2026-09-05 16:20:27
apple_macbook_pro_m3_pro_14inch_512gb,divar,325000000,کارکرده,2026-09-05 16:20:27
amd_rx_580,divar,11700000,در حد نو,2026-09-05 16:20:27
sony_ps5,divar,150000,کارکرده,2026-09-05 16:20:27
apple_macbook_pro,divar,26000000,در حد نو,2026-09-05 16:20:27
amd_rx_580,divar,12000000,در حد نو,2026-09-05 16:20:27
sony_ps5,divar,80000000,کارکرده,2026-09-05 16:20:27
amd_rx_580,divar,10500000,در حد نو,2026-09-05 16:20:27
microsoft_xbox,divar,20000000,کارکرده,2026-09-05 16:20:27
apple_macbook_air_m4,divar,195000000,در حد نو,2026-09-05 16:20:27
apple_macbook_air_m4,divar,195000000,در حد نو,2026-09-05 16:20:27
amd_rx_580,divar,15000000,کارکرده,2026-09-05 16:20:27
amd_rx_580,divar,11500000,در حد نو,2026-09-05 16:20:27
apple_macbook_pro,divar,177000000,در حد نو,2026-09-05 16:20:27
sony_ps5,divar,1000,کارکرده,2026-09-05 16:20:27
apple_macbook_2019,divar,75000000,در حد نو,2026-09-05 16:20:27
apple_macbook_air_m1,divar,96700000,کارکرده,2026-09-05 16:20:27
amd_rx_6700xt,divar,57000000,در حد نو,2026-09-05 16:20:27
microsoft_xbox,divar,1000,کارکرده,2026-09-05 16:20:27
amd_rx_6600,divar,35900000,در حد نو,2026-09-05 16:20:27
apple_macbook_air_2018,divar,57000000,در حد نو,2026-09-05 16:20:27
sony_ps5,divar,1000,کارکرده,2026-09-05 16:20:27
apple_macbook_air_m4,divar,195000000,در حد نو,2026-09-05 16:20:27
apple_macbook_air_m2,divar,155000000,در حد نو,2026-09-05 16:20:27
amd_rx_580,divar,79000000,در حد نو,2026-09-05 16:20:27
sony_ps5,divar,98000000,کارکرده,2026-09-05 16:20:27
other_i5_12400f,divar,83900000,در حد نو,2026-09-05 16:20:27
sony_ps5,divar,1000000,کارکرده,2026-09-05 16:20:27
apple_macbook,divar,2000000000,توافقی,2026-09-05 16:20:27
other_i5_12400f,divar,83900000,در حد نو,2026-09-05 16:20:27
sony_ps5,divar,1000000,کارکرده,2026-09-05 16:20:27
apple_macbook_air_m4,divar,195000000,در حد نو,2026-09-05 16:20:27
amd_rx_580,divar,1000,در حد نو,2026-09-05 16:20:27
amd_rx_580,divar,1000,در حد نو,2026-09-05 16:20:27
sony_ps5,divar,90000000,کارکرده,2026-09-05 16:20:27
apple_macbook_air_2017,divar,38000000,در حد نو,2026-09-05 16:20:27
amd_rx_580,divar,10500000,در حد نو,2026-09-05 16:20:27
sony_ps5,divar,98000000,کارکرده,2026-09-05 16:20:27
sony_ps5,divar,150000,کارکرده,2026-09-05 16:20:27
sony_ps5_slim,divar,42000000,کارکرده,2026-09-05 16:20:27
amd_rx_570,divar,8500000,در حد نو,2026-09-05 16:20:27
microsoft_xbox,divar,300000,کارکرده,2026-09-05 16:20:27
sony_ps5,divar,40000000,کارکرده,2026-09-05 16:20:27
apple_macbook_pro_m4_pro,divar,374000000,کارکرده,2026-09-05 16:20:27
amd_rx_580,divar,79000000,در حد نو,2026-09-05 16:20:27
amd_rx_580,divar,79000000,در حد نو,2026-09-05 16:20:27
sony_ps5,divar,90000000,کارکرده,2026-09-05 16:20:27
amd_rx_5700xt,divar,35500000,در حد نو,2026-09-05 16:20:27
sony_ps4,divar,40000000,کارکرده,2026-09-05 16:20:27
sony_ps5,divar,40000000,کارکرده,2026-09-05 16:20:27
apple_macbook_pro_2019,divar,140000000,کارکرده,2026-09-05 16:20:27
other_vr_box,esam,877000,دست دوم,2026-09-05 16:20:28
hp_hp_porobook_650,esam,46000000,دست دوم,2026-09-05 16:20:28
other_46,esam,46,دست دوم,2026-09-05 16:20:28
apple_iphone,torob,520000,نو,2026-09-05 16:20:29
xiaomi_redmi_note_12_pro_256gb,torob,66850000,نو,2026-09-05 16:20:29
asus_rog_zephyrus_512gb,torob,140519960,نو,2026-09-05 16:20:29
hp_1tb,torob,535000000,نو,2026-09-05 16:20:29
other_h9,digikala,9910000,نو,2026-09-05 22:24:42
other_erf_bass_35,digikala,8128120,نو,2026-09-05 22:24:42
samsung_galaxy_a11,digikala,13775000,نو,2026-09-05 22:24:42
asus_vivobook_15_512gb,digikala,153000000,نو,2026-09-05 22:24:42
other_32gb_b210_32_32,digikala,1550000,نو,2026-09-05 22:24:42
other_1tb_sata_wd10purz,digikala,9190000,نو,2026-09-05 22:24:42
other_1tb_pcie_gen4_x4,digikala,38950000,نو,2026-09-05 22:24:42
other_kdu_mz10_lanet,digikala,8790000,نو,2026-09-05 22:24:42
lenovo_512gb_15_v15_g5,digikala,151600000,نو,2026-09-05 22:24:42
hp_1tb_16_omnibook_flip,digikala,239000000,نو,2026-09-05 22:24:42
other_sep710wh,digikala,12000000,نو,2026-09-05 22:24:42
samsung_galaxy_a27_128gb,digikala,96500000,نو,2026-09-05 22:24:42
asus_tuf_gaming_custom_ram64gb_1tb,digikala,506000000,نو,2026-09-05 22:24:42
lenovo_14_thinkbook_14,digikala,218000000,نو,2026-09-05 22:24:42
other_1tb_volcan_1tb,digikala,24000000,نو,2026-09-05 22:24:42
samsung_galaxy_a16_128gb,digikala,73999000,نو,2026-09-05 22:24:42
other_b860_eagle_wifi6e,digikala,81620000,نو,2026-09-05 22:24:42
razer_blackshark_v3,digikala,38000000,نو,2026-09-05 22:24:42
nvidia_nvidia_gv_n4060gaming,digikala,132000000,نو,2026-09-05 22:24:42
other_tws,digikala,8500000,نو,2026-09-05 22:24:42
asus_tuf_gaming_custom_1tb,digikala,352290000,نو,2026-09-05 22:24:42
other_512gb_x8d_512,digikala,86756100,نو,2026-09-05 22:24:42
other_live_670nc,digikala,22500000,نو,2026-09-05 22:24:42
hp_1tb_15_fd1134nia_15,digikala,119390000,نو,2026-09-05 22:24:42
other_tune_305c_usb,digikala,7194000,نو,2026-09-05 22:24:42
other_m2_pro,digikala,22000000,نو,2026-09-05 22:24:42
other_g700_gold,digikala,18700000,نو,2026-09-05 22:24:42
asus_rog_strix_custom_ram48gb_2tb,digikala,644000000,نو,2026-09-05 22:24:43
other_38_hsw266z,digikala,6000000,نو,2026-09-05 22:24:43
xiaomi_xiaomi,digikala,3800000,نو,2026-09-05 22:24:43
other_mis_optima_punching,digikala,14770000,نو,2026-09-05 22:24:43
other_pc_gaming_i5,digikala,142500000,نو,2026-09-05 22:24:43
asus_vivobook_14_custom_32gb,digikala,153000000,نو,2026-09-05 22:24:43
asus_tuf_gaming_custom_ram64gb_2tb,digikala,417000000,نو,2026-09-05 22:24:43
lenovo_legion_5_custom_2tb,digikala,313000000,نو,2026-09-05 22:24:43
asus_rog_strix_custom_ram64gb_2tb,digikala,656000000,نو,2026-09-05 22:24:43
asus_512gb_15_expertbook_b1,digikala,195800000,نو,2026-09-05 22:24:43
other_07_communicate_46,digikala,9100000,نو,2026-09-05 22:24:43
other_mst_necklace_durable,digikala,8985000,نو,2026-09-05 22:24:43
asus_vivobook_16_1tb,digikala,211900000,نو,2026-09-05 22:24:43
other_doc_external_shark,digikala,7852000,نو,2026-09-05 22:24:43
glx_t352,digikala,5000000,نو,2026-09-05 22:24:43
asus_rog_strix_custom_512gb,digikala,350000000,نو,2026-09-05 22:24:43
other_plus_bg_bullet,digikala,8985000,نو,2026-09-05 22:24:43
asus_1tb_15_expertbook_p1,digikala,224500000,نو,2026-09-05 22:24:43
apple_iphone_17_256gb,divar,275000000,کارکرده,2026-09-05 22:24:47
other_13_pro_max,divar,130000000,کارکرده,2026-09-05 22:24:47
samsung_galaxy_a32,divar,27500000,در حد نو,2026-09-05 22:24:47
apple_iphone_16,divar,153000000,در حد نو,2026-09-05 22:24:47
samsung_galaxy_s26_ultra_256gb,divar,203900000,کارکرده,2026-09-05 22:24:47
other_se2020,divar,27000000,در حد نو,2026-09-05 22:24:47
other_item_d99aadd2,divar,100000,کارکرده,2026-09-05 22:24:47
samsung_item_648d68cd,divar,78200000,کارکرده,2026-09-05 22:24:47
xiaomi_redmi_note_15,divar,1000000,کارکرده,2026-09-05 22:24:47
amd_rx_6900xt,divar,120000000,در حد نو,2026-09-05 22:24:48
samsung_galaxy_a54,divar,55000000,در حد نو,2026-09-05 22:24:48
samsung_galaxy_a54,divar,48500000,کارکرده,2026-09-05 22:24:48
sony_ps5,divar,60000000,توافقی,2026-09-05 22:24:48
samsung_galaxy_a07,divar,50500000,کارکرده,2026-09-05 22:24:48
apple_10_kw77_max,divar,1880000,کارکرده,2026-09-05 22:24:48
apple_macbook_air_2019,divar,60000000,کارکرده,2026-09-05 22:24:48
sony_ps5,divar,39600000,کارکرده,2026-09-05 22:24:48
other_a51,divar,11500000,کارکرده,2026-09-05 22:24:48
apple_se2,divar,25900000,در حد نو,2026-09-05 22:24:48
other_s23_ultra,divar,118500000,در حد نو,2026-09-05 22:24:48
samsung_item_648d68cd,divar,1500000,کارکرده,2026-09-05 22:24:48
sony_ps5,divar,600000,کارکرده,2026-09-05 22:24:48
apple_macbook_pro,divar,68800000,در حد نو,2026-09-05 22:24:48
apple_macbook_pro,divar,60000000,در حد نو,2026-09-05 22:24:48
apple_iphone_15_pro_max_256gb,divar,185000000,در حد نو,2026-09-05 22:24:48
amd_rx_6800xt,divar,100000000,در حد نو,2026-09-05 22:24:48
other_note_20_ultra,divar,67000000,کارکرده,2026-09-05 22:24:48
apple_iphone_17,divar,75000000,کارکرده,2026-09-05 22:24:48
microsoft_xbox,divar,20000000,کارکرده,2026-09-05 22:24:48
sony_ps5,divar,400000,کارکرده,2026-09-05 22:24:48
apple_macbook_pro_intel,divar,25000000,کارکرده,2026-09-05 22:24:48
nvidia_rx_580,divar,785000000,کارکرده,2026-09-05 22:24:48
sony_ps5,divar,500000,کارکرده,2026-09-05 22:24:48
sony_ps5_pro,divar,49000000,در حد نو,2026-09-05 22:24:48
apple_macbook_pro_intel,divar,25000000,کارکرده,2026-09-05 22:24:48
amd_rx_580,divar,12500000,در حد نو,2026-09-05 22:24:48
sony_ps5,divar,1000,کارکرده,2026-09-05 22:24:48
sony_ps5,divar,1000000,کارکرده,2026-09-05 22:24:48
apple_macbook_pro,divar,87000000,کارکرده,2026-09-05 22:24:48
amd_rx_580,divar,10000000,در حد نو,2026-09-05 22:24:48
amd_rx_580,divar,10500000,در حد نو,2026-09-05 22:24:48
sony_ps5,divar,500000,کارکرده,2026-09-05 22:24:48
asus_rog_strix,divar,42500000,در حد نو,2026-09-05 22:24:48
sony_ps5,divar,90000000,کارکرده,2026-09-05 22:24:48
sony_ps5,divar,7000000,در حد نو,2026-09-05 22:24:48
apple_macbook_pro,divar,35000000,در حد نو,2026-09-05 22:24:48
amd_rx_5700xt,divar,41000000,کارکرده,2026-09-05 22:24:48
asus_rog_strix,divar,42500000,در حد نو,2026-09-05 22:24:48
sony_ps5,divar,50000,کارکرده,2026-09-05 22:24:48
asus_rog_strix,divar,41500000,در حد نو,2026-09-05 22:24:48
sony_ps5,divar,90000000,کارکرده,2026-09-05 22:24:48
amd_rx_580,divar,15000000,کارکرده,2026-09-05 22:24:48
sony_ps5,divar,1000000,کارکرده,2026-09-05 22:24:48
apple_macbook_pro_m3,divar,89000000,در حد نو,2026-09-05 22:24:48
amd_rx_580,divar,11500000,در حد نو,2026-09-05 22:24:48
amd_rx_6800,divar,75000000,در حد نو,2026-09-05 22:24:48
sony_ps5,divar,100000,کارکرده,2026-09-05 22:24:48
sony_ps5,divar,50000,کارکرده,2026-09-05 22:24:48
microsoft_xbox,divar,20000000,کارکرده,2026-09-05 22:24:48
apple_macbook_pro_m1_pro,divar,216000000,در حد نو,2026-09-05 22:24:48
apple_macbook_pro,divar,177000000,در حد نو,2026-09-05 22:24:48
amd_rx_580,divar,10500000,در حد نو,2026-09-05 22:24:48
sony_ps5,divar,99000000,کارکرده,2026-09-05 22:24:48
apple_macbook,divar,99000000,در حد نو,2026-09-05 22:24:48
apple_macbook,divar,1000000000,توافقی,2026-09-05 22:24:48
amd_rx_5700xt,divar,33500000,کارکرده,2026-09-05 22:24:48
sony_ps5,divar,1000,کارکرده,2026-09-05 22:24:48
sony_ps5,divar,100000,کارکرده,2026-09-05 22:24:48
sony_ps5,divar,1300000,کارکرده,2026-09-05 22:24:48
apple_macbook_pro,divar,350000000,کارکرده,2026-09-05 22:24:48
apple_macbook_air_m1,divar,96700000,کارکرده,2026-09-05 22:24:48
amd_rx_580,divar,10500000,در حد نو,2026-09-05 22:24:48
sony_ps5,divar,1300000,کارکرده,2026-09-05 22:24:48
apple_macbook_pro_m1,divar,100000000,در حد نو,2026-09-05 22:24:48
apple_macbook_air_2013,divar,10000000,کارکرده,2026-09-05 22:24:48
amd_rx_5700xt,divar,165000000,در حد نو,2026-09-05 22:24:48
sony_ps5,divar,50000,کارکرده,2026-09-05 22:24:48
sony_ps5,divar,1000,کارکرده,2026-09-05 22:24:48
apple_macbook_pro_m2,divar,165000000,در حد نو,2026-09-05 22:24:48
microsoft_xbox,divar,1000,کارکرده,2026-09-05 22:24:48
sony_ps5,divar,99000000,کارکرده,2026-09-05 22:24:48
apple_macbook_pro_m3,divar,89000000,در حد نو,2026-09-05 22:24:48
amd_rx_580,divar,11500000,در حد نو,2026-09-05 22:24:48
amd_rx_6700xt,divar,61000000,در حد نو,2026-09-05 22:24:48
sony_ps5,divar,150000,کارکرده,2026-09-05 22:24:48
apple_macbook_pro,divar,17900000,کارکرده,2026-09-05 22:24:48
apple_macbook_pro_m2,divar,165000000,در حد نو,2026-09-05 22:24:48
other_1616,esam,2500000,دست دوم,2026-09-05 22:24:50
other_1209,esam,1800000,دست دوم,2026-09-05 22:24:50
apple_iphone_17_pro_max_256gb,torob,397990000,نو,2026-09-05 22:24:51
xiaomi_redmi_note_13_pro_256gb,torob,80989000,نو,2026-09-05 22:24:51
asus_rog_zephyrus_1tb,torob,949970000,نو,2026-09-05 22:24:51
hp_omen_16_1tb,torob,275000000,نو,2026-09-05 22:24:51
other_hk9_mini_plus,digikala,5500000,نو,2026-09-06 06:40:18
other_quietcomfort_headohones,digikala,55000000,نو,2026-09-06 06:40:19
other_sata_iii_green,digikala,15100000,نو,2026-09-06 06:40:19
asus_rog,digikala,51980000,نو,2026-09-06 06:40:19
asus_rog_strix_512gb,digikala,717000000,نو,2026-09-06 06:40:19
other_2tb_ac732,digikala,25390000,نو,2026-09-06 06:40:19
apple_macbook_pro_2025_512gb,digikala,459780000,نو,2026-09-06 06:40:19
apple_128gb_13_ipad_air,digikala,212560000,نو,2026-09-06 06:40:19
other_1tb_as724_usb_gen2,digikala,26500000,نو,2026-09-06 06:40:19
apple_40_se_aluminum,digikala,59720000,نو,2026-09-06 06:40:19
samsung_galaxy_s26_ultra_256gb,digikala,344493740,نو,2026-09-06 06:40:19
nvidia_rtx_4050_32gb,digikala,372000000,نو,2026-09-06 06:40:19
asus_tuf_gaming,digikala,21000000,نو,2026-09-06 06:40:19
lenovo_rtx_5050_24gb,digikala,346800000,نو,2026-09-06 06:40:19
asus_vivobook_15_512gb,digikala,134990000,نو,2026-09-06 06:40:19
samsung_ddr3_10600s_1333,digikala,3600000,نو,2026-09-06 06:40:19
sony_ps4_slim,digikala,110000000,نو,2026-09-06 06:40:19
amd_rx_9060xt,digikala,163000000,نو,2026-09-06 06:40:19
other_ddr4_2666_cl19,digikala,10000000,نو,2026-09-06 06:40:19
apple_44_se_aluminum,digikala,65000000,نو,2026-09-06 06:40:19
asus_tuf_gaming_custom_ram64gb_1tb,digikala,483990000,نو,2026-09-06 06:40:19
lenovo_rtx_3050,digikala,257990000,نو,2026-09-06 06:40:19
other_elements_usb_type,digikala,16100000,نو,2026-09-06 06:40:19
samsung_galaxy_a06_64gb,digikala,59900000,نو,2026-09-06 06:40:19
hp_ram64gb_2tb,digikala,557900000,نو,2026-09-06 06:40:19
lenovo_rtx_4050,digikala,278800000,نو,2026-09-06 06:40:19
other_opencomm2_2025_upgrade,digikala,43500000,نو,2026-09-06 06:40:19
apple_macbook_pro_2026_2tb,digikala,629990000,نو,2026-09-06 06:40:19
hp_2tb_14_omnibook_flip,digikala,267900000,نو,2026-09-06 06:40:19
lenovo_rtx_4050_32gb,digikala,435000000,نو,2026-09-06 06:40:19
other_1tb_a20plus_1t_usb,digikala,40500000,نو,2026-09-06 06:40:19
other_44_mos_control,digikala,10502730,نو,2026-09-06 06:40:19
other_space_one_anc,digikala,12800000,نو,2026-09-06 06:40:19
lenovo_rtx_5050_16gb,digikala,264000000,نو,2026-09-06 06:40:19
other_rs_1450_2gb,digikala,14200000,نو,2026-09-06 06:40:19
asus_tuf_gaming_custom_1tb,digikala,262000000,نو,2026-09-06 06:40:19
lenovo_32gb_15_v15_g4,digikala,116000000,نو,2026-09-06 06:40:19
asus_tuf_gaming_custom_2tb,digikala,344000000,نو,2026-09-06 06:40:19
other_47_ms19,digikala,3430000,نو,2026-09-06 06:40:19
other_kbr_t02_anc,digikala,8541000,نو,2026-09-06 06:40:19
asus_vivobook_15_custom_32gb,digikala,138990000,نو,2026-09-06 06:40:19
other_sus_onyx_breathble,digikala,7525000,نو,2026-09-06 06:40:19
asus_vivobook_15_custom_2tb,digikala,167000000,نو,2026-09-06 06:40:19
other_46_kx20_plus,digikala,7100000,نو,2026-09-06 06:40:19
other_bgh_best_bluetooth,digikala,8521000,نو,2026-09-06 06:40:19
other_32gb_ddr4_3200_cl16,digikala,22000000,نو,2026-09-06 06:40:19
sony_ps5_slim,digikala,169400000,نو,2026-09-06 06:40:19
other_cit_0062_corei3,digikala,23500000,نو,2026-09-06 06:40:19
amd_7700x_tray,digikala,52700000,نو,2026-09-06 06:40:19
asus_32gb_15_expertbook_b1,digikala,159990000,نو,2026-09-06 06:40:19
other_42_d90,digikala,3390000,نو,2026-09-06 06:40:19
other_45_rt2,digikala,5990000,نو,2026-09-06 06:40:19
other_32gb_32_glow_sw906,digikala,10026000,نو,2026-09-06 06:40:19
other_major,digikala,7000000,نو,2026-09-06 06:40:19
other_128gb_sata_iii_p210,digikala,5500000,نو,2026-09-06 06:40:19
other_45_10series,digikala,2080000,نو,2026-09-06 06:40:19
amd_rx_580,divar,22500000,کارکرده,2026-09-06 06:40:23
other_256gb_12pro_256,divar,96000000,در حد نو,2026-09-06 06:40:24
apple_iphone,divar,10000000,در حد نو,2026-09-06 06:40:24
apple_iphone_13,divar,95000000,کارکرده,2026-09-06 06:40:24
samsung_galaxy_a06_128gb,divar,34500000,کارکرده,2026-09-06 06:40:24
apple_iphone_16,divar,106000000,نو (پلمپ/آکبند),2026-09-06 06:40:24
apple_iphone_13_128gb,divar,85000000,در حد نو,2026-09-06 06:40:24
apple_iphone_17pro_max,divar,296000000,کارکرده,2026-09-06 06:40:24
sony_ps5,divar,1000000,کارکرده,2026-09-06 06:40:24
apple_ipad,divar,1000,در حد نو,2026-09-06 06:40:24
apple_iphone_13_128gb,divar,30000000,در حد نو,2026-09-06 06:40:24
other_2021_ipadair,divar,65500000,در حد نو,2026-09-06 06:40:24
apple_iphone_16,divar,213000000,کارکرده,2026-09-06 06:40:24
apple_macbook_pro_2013,divar,28000000,کارکرده,2026-09-06 06:40:24
lenovo_legion,divar,190000000,کارکرده,2026-09-06 06:40:24
microsoft_xbox_one_s,divar,2000,کارکرده,2026-09-06 06:40:24
hp_hp_449,divar,2500000,در حد نو,2026-09-06 06:40:24
apple_macbook_air_13inch,divar,80000000,در حد نو,2026-09-06 06:40:24
apple_iphone_13,divar,92000000,در حد نو,2026-09-06 06:40:24
apple_iphone_11_pro_256gb,divar,63000000,کارکرده,2026-09-06 06:40:24
apple_macbook_pro_2024_14inch_512gb,divar,380000000,در حد نو,2026-09-06 06:40:24
apple_macbook_pro_2016_15inch,divar,66700000,کارکرده,2026-09-06 06:40:24
other_item_3ddb3713,divar,7200000,کارکرده,2026-09-06 06:40:24
samsung_128gb_m32_128gig,divar,12900000,کارکرده,2026-09-06 06:40:24
sony_ps5,divar,50000000,در حد نو,2026-09-06 06:40:24
other_17_pro_max,divar,223000000,کارکرده,2026-09-06 06:40:24
xiaomi_xiaomi,divar,27000000,کارکرده,2026-09-06 06:40:24
apple_iphone_14_pro_max_256gb,divar,132000000,کارکرده,2026-09-06 06:40:24
other_cpu_core_i3,divar,1000,در حد نو,2026-09-06 06:40:24
sony_ps4,divar,80000000,کارکرده,2026-09-06 06:40:24
sony_ps5,divar,10000,کارکرده,2026-09-06 06:40:24
sony_ps5,divar,1000000,کارکرده,2026-09-06 06:40:24
amd_rx_7900xt,divar,165000000,در حد نو,2026-09-06 06:40:24
sony_ps5,divar,100000000,کارکرده,2026-09-06 06:40:24
apple_iphone,divar,2000000,کارکرده,2026-09-06 06:40:24
apple_macbook_pro,divar,35000000,در حد نو,2026-09-06 06:40:24
amd_rx_580,divar,7000000,نو (پلمپ/آکبند),2026-09-06 06:40:24
sony_ps5,divar,80000000,کارکرده,2026-09-06 06:40:24
sony_ps5,divar,100000,کارکرده,2026-09-06 06:40:24
apple_macbook_air_m3,divar,190000000,کارکرده,2026-09-06 06:40:24
amd_rx_7900xt,divar,165000000,در حد نو,2026-09-06 06:40:24
sony_ps5,divar,7000000,در حد نو,2026-09-06 06:40:24
sony_ps5,divar,10000,کارکرده,2026-09-06 06:40:24
apple_macbook_pro_2021,divar,210000000,در حد نو,2026-09-06 06:40:24
amd_rx_5700xt,divar,41000000,کارکرده,2026-09-06 06:40:24
sony_ps5,divar,900000,کارکرده,2026-09-06 06:40:24
sony_ps5,divar,2000000,کارکرده,2026-09-06 06:40:24
apple_macbook_air_m3,divar,190000000,کارکرده,2026-09-06 06:40:24
amd_rx_5700xt,divar,41000000,کارکرده,2026-09-06 06:40:24
sony_ps5,divar,1000,کارکرده,2026-09-06 06:40:24
sony_ps5,divar,999000000,کارکرده,2026-09-06 06:40:24
sony_ps5,divar,450000,کارکرده,2026-09-06 06:40:24
asus_rog_strix,divar,41500000,در حد نو,2026-09-06 06:40:24
sony_ps5,divar,50000,کارکرده,2026-09-06 06:40:24
amd_rx_580,divar,15000000,کارکرده,2026-09-06 06:40:24
sony_ps5,divar,100000,کارکرده,2026-09-06 06:40:24
sony_ps4,divar,68000000,در حد نو,2026-09-06 06:40:24
apple_macbook_pro_m3,divar,89000000,در حد نو,2026-09-06 06:40:24
amd_rx_590,divar,16500000,در حد نو,2026-09-06 06:40:24
sony_ps5,divar,2500000,کارکرده,2026-09-06 06:40:24
sony_ps5,divar,1000,کارکرده,2026-09-06 06:40:24
apple_macbook,divar,1000000000,توافقی,2026-09-06 06:40:24
apple_macbook_pro_m3_pro_14inch_512gb,divar,325000000,کارکرده,2026-09-06 06:40:24
amd_rx_6700xt,divar,57000000,در حد نو,2026-09-06 06:40:24
sony_ps5_slim,divar,10000,کارکرده,2026-09-06 06:40:24
apple_macbook_air_m1,divar,96700000,کارکرده,2026-09-06 06:40:24
amd_rx_580,divar,11700000,در حد نو,2026-09-06 06:40:24
sony_ps5,divar,888888888,کارکرده,2026-09-06 06:40:24
amd_rx_580,divar,12000000,کارکرده,2026-09-06 06:40:24
sony_ps5,divar,1000,کارکرده,2026-09-06 06:40:24
apple_macbook_pro_m2,divar,165000000,در حد نو,2026-09-06 06:40:24
amd_rx_580,divar,11700000,در حد نو,2026-09-06 06:40:24
sony_ps5,divar,2500000,کارکرده,2026-09-06 06:40:24
apple_macbook,divar,30000000,در حد نو,2026-09-06 06:40:24
apple_macbook_pro_m1_pro_14inch,divar,158000000,در حد نو,2026-09-06 06:40:24
sony_ps5,divar,99000000,کارکرده,2026-09-06 06:40:24
apple_macbook_2019,divar,75000000,در حد نو,2026-09-06 06:40:24
apple_macbook_air_2019,divar,65000000,در حد نو,2026-09-06 06:40:24
amd_rx_580,divar,12000000,در حد نو,2026-09-06 06:40:24
sony_ps4,divar,68000000,در حد نو,2026-09-06 06:40:24
sony_ps5,divar,95000000,در حد نو,2026-09-06 06:40:24
apple_macbook,divar,5000000,کارکرده,2026-09-06 06:40:24
amd_rx_6700xt,divar,57000000,در حد نو,2026-09-06 06:40:24
amd_rx_6900xt,divar,86500000,در حد نو,2026-09-06 06:40:24
sony_ps5,divar,95000000,در حد نو,2026-09-06 06:40:24
apple_512gb_ipad_pro_m4,divar,200000000,در حد نو,2026-09-06 06:40:24
apple_macbook_air_m4,divar,3900000,کارکرده,2026-09-06 06:40:24
amd_rx_7900xt,divar,160000000,در حد نو,2026-09-06 06:40:24
sony_ps5,divar,150000,کارکرده,2026-09-06 06:40:24
apple_macbook_pro_m1,divar,100000000,در حد نو,2026-09-06 06:40:24
apple_macbook_pro_m1,divar,100000000,در حد نو,2026-09-06 06:40:24
sony_ps5,divar,95000000,در حد نو,2026-09-06 06:40:24
sony_ps5,divar,98000000,کارکرده,2026-09-06 06:40:24
sony_ps5,divar,100000,کارکرده,2026-09-06 06:40:24
apple_macbook_pro_m2,divar,185000000,در حد نو,2026-09-06 06:40:24
apple_macbook,divar,5000000,کارکرده,2026-09-06 06:40:24
amd_rx_6800,divar,75000000,در حد نو,2026-09-06 06:40:24
sony_ps5,divar,39900000,کارکرده,2026-09-06 06:40:24
apple_macbook_pro,divar,3350000,کارکرده,2026-09-06 06:40:24
amd_rx_5700xt,divar,165000000,در حد نو,2026-09-06 06:40:24
sony_ps5,divar,95000000,کارکرده,2026-09-06 06:40:24
sony_ps5,divar,80000000,کارکرده,2026-09-06 06:40:24
sony_ps5,divar,9900000,کارکرده,2026-09-06 06:40:24
other_mac_book_pro,divar,420000000,در حد نو,2026-09-06 06:40:24
amd_rx_580,divar,54900000,در حد نو,2026-09-06 06:40:24
sony_ps5,divar,50000,کارکرده,2026-09-06 06:40:24
apple_macbook_air,divar,115000000,در حد نو,2026-09-06 06:40:24
amd_rx_580,divar,79000000,در حد نو,2026-09-06 06:40:24
amd_rx_580,divar,79000000,در حد نو,2026-09-06 06:40:24
sony_ps5,divar,2000000,کارکرده,2026-09-06 06:40:24
sony_ps5,divar,1000000,کارکرده,2026-09-06 06:40:24
apple_macbook,divar,2000000000,توافقی,2026-09-06 06:40:24
amd_rx_470,divar,8000000,کارکرده,2026-09-06 06:40:24
sony_ps5_slim,divar,42000000,کارکرده,2026-09-06 06:40:24
sony_ps5,divar,1500000,کارکرده,2026-09-06 06:40:24
sony_ps5,divar,300000,کارکرده,2026-09-06 06:40:24
amd_rx_580,divar,1000,در حد نو,2026-09-06 06:40:24
sony_ps5,divar,300000,کارکرده,2026-09-06 06:40:24
sony_ps4,divar,35000000,در حد نو,2026-09-06 06:40:24
apple_macbook,divar,30000000,در حد نو,2026-09-06 06:40:24
other_12,divar,109700000,کارکرده,2026-09-06 06:40:24
amd_rx_570,divar,8500000,در حد نو,2026-09-06 06:40:24
microsoft_xbox,divar,1000,کارکرده,2026-09-06 06:40:24
apple_macbook_pro_intel,divar,18000000,کارکرده,2026-09-06 06:40:24
amd_rx_470,divar,6200000,کارکرده,2026-09-06 06:40:24
sony_ps5,divar,300000,کارکرده,2026-09-06 06:40:24
sony_ps5,divar,100000000,کارکرده,2026-09-06 06:40:24
sony_k320,esam,5500000,دست دوم,2026-09-06 06:40:25
other_14,esam,1845000,دست دوم,2026-09-06 06:40:25
sony_sony_w980,esam,18000000,دست دوم,2026-09-06 06:40:25
other_13,esam,249250,دست دوم,2026-09-06 06:40:25
samsung_galaxy_a12,torob,730000,نو,2026-09-06 06:40:26
other_256gb_moto_g35_5g,torob,34500000,نو,2026-09-06 06:40:26
asus_rtx_3050_8gb,torob,153000000,نو,2026-09-06 06:40:26
nvidia_rtx_3050_16gb,torob,186000000,نو,2026-09-06 06:40:26
other_tz3770c_turboplus,digikala,65990000,نو,2026-09-06 14:50:35
other_46_alvin,digikala,3990000,نو,2026-09-06 14:50:35
other_85_ak75,digikala,13752970,نو,2026-09-06 14:50:35
other_512gb_si712pw_i7_1260p,digikala,223200000,نو,2026-09-06 14:50:36
samsung_galaxy_s25_fe_256gb,digikala,189279000,نو,2026-09-06 14:50:36
microsoft_512gb_13_surface_pro,digikala,320000000,نو,2026-09-06 14:50:36
samsung_galaxy_a57_256gb,digikala,138400000,نو,2026-09-06 14:50:36
other_48_watch,digikala,6660000,نو,2026-09-06 14:50:36
xiaomi_poco_x7_pro_512gb,digikala,128500000,نو,2026-09-06 14:50:36
samsung_ddr3_1333_pc3,digikala,3500000,نو,2026-09-06 14:50:36
lenovo_ideapad__custom_1tb,digikala,135999000,نو,2026-09-06 14:50:36
other_hd710_usb_type,digikala,24000000,نو,2026-09-06 14:50:36
other_active_max,digikala,38200000,نو,2026-09-06 14:50:36
xiaomi_redmi_note_15_pro_256gb,digikala,125999000,نو,2026-09-06 14:50:36
nvidia_rtx_4050_24gb,digikala,355000000,نو,2026-09-06 14:50:36
asus_prime_b760m_d4,digikala,29500000,نو,2026-09-06 14:50:36
asus_vivobook_15_custom_1tb,digikala,157000000,نو,2026-09-06 14:50:36
asus_vivobook_15_32gb,digikala,137000000,نو,2026-09-06 14:50:36
other_32gb_ddr4_16_3200,digikala,24150000,نو,2026-09-06 14:50:36
other_watch_fit_active,digikala,44300000,نو,2026-09-06 14:50:36
lenovo_ideapad__256gb,digikala,100000000,نو,2026-09-06 14:50:36
asus_prime_b760m,digikala,22000000,نو,2026-09-06 14:50:36
asus_tuf_gaming,digikala,72000000,نو,2026-09-06 14:50:36
other_eli_sport_open,digikala,10630270,نو,2026-09-06 14:50:36
other_openfit2_plus,digikala,59000000,نو,2026-09-06 14:50:36
lenovo_1tb_15_v15_g5,digikala,166000000,نو,2026-09-06 14:50:36
other_epix_gen2,digikala,139800000,نو,2026-09-06 14:50:36
asus_tuf_gaming_custom_ram64gb_64gb,digikala,486000000,نو,2026-09-06 14:50:36
nvidia_rtx_4050_16gb,digikala,261400000,نو,2026-09-06 14:50:36
other_1tb_as2280p4u_1tb_pcie,digikala,27900000,نو,2026-09-06 14:50:36
other_32gb_6303_32_32,digikala,3042000,نو,2026-09-06 14:50:36
samsung_galaxy,digikala,3990000,نو,2026-09-06 14:50:36
samsung_galaxy_a06_128gb,digikala,53600000,نو,2026-09-06 14:50:36
other_256gb_bond_5g_256,digikala,52000000,نو,2026-09-06 14:50:36
other_39_ksc_1124,digikala,5967600,نو,2026-09-06 14:50:36
other_hu,digikala,8190000,نو,2026-09-06 14:50:36
intel_core_ultra_225,digikala,35990000,نو,2026-09-06 14:50:36
hp_ram64gb_2tb,digikala,533500000,نو,2026-09-06 14:50:36
lenovo_legion_5_custom_ram44gb_4tb,digikala,440000000,نو,2026-09-06 14:50:36
nvidia_rtx_4060,digikala,245000000,نو,2026-09-06 14:50:36
asus_tuf_gaming_custom_512gb,digikala,246000000,نو,2026-09-06 14:50:36
other_sg_optimizer_shark,digikala,7985000,نو,2026-09-06 14:50:36
lenovo_legion_5_custom_ram48gb_512gb,digikala,398000000,نو,2026-09-06 14:50:36
other_hdi_ne_free,digikala,6981430,نو,2026-09-06 14:50:36
other_soundmaster,digikala,8080860,نو,2026-09-06 14:50:36
asus_1tb_15_expertbook_b1,digikala,182970000,نو,2026-09-06 14:50:36
other_flex,digikala,7400000,نو,2026-09-06 14:50:36
other_kat_batery_shark,digikala,7923000,نو,2026-09-06 14:50:36
hp_victus_15_512gb,digikala,171500000,نو,2026-09-06 14:50:36
hp_rtx_4050_32gb,digikala,355000000,نو,2026-09-06 14:50:36
samsung_32gb_ddr4_3200_cl22,digikala,33000000,نو,2026-09-06 14:50:36
hp_1tb_27_hp_aio,digikala,322700000,نو,2026-09-06 14:50:36
amd_opteron_6276,digikala,5600000,نو,2026-09-06 14:50:36
asus_rog_strix_ram32gb_1tb,digikala,498970000,نو,2026-09-06 14:50:36
samsung_galaxy_s11_ultra,digikala,5700000,نو,2026-09-06 14:50:36
other_os8_ultra_pro,digikala,3900000,نو,2026-09-06 14:50:36
other_imilab_w02_music,digikala,6690000,نو,2026-09-06 14:50:36
other_gst_active_orginal,digikala,14390000,نو,2026-09-06 14:50:37
other_tel_sound_bass,digikala,7900000,نو,2026-09-06 14:50:37
other_256gb_cruzer_glide_cz60,digikala,6150000,نو,2026-09-06 14:50:37
other_x8_ultra_max,digikala,2500000,نو,2026-09-06 14:50:37
other_naz_distinct_anc58,digikala,6551000,نو,2026-09-06 14:50:37
apple_macbook,divar,1000000,کارکرده,2026-09-06 14:50:40
apple_iphone_16_pro_max_256gb,divar,320000000,کارکرده,2026-09-06 14:50:41
apple_iphone_7,divar,13600000,توافقی,2026-09-06 14:50:41
apple_pro,divar,170000000,کارکرده,2026-09-06 14:50:41
apple_13_pro,divar,140000000,در حد نو,2026-09-06 14:50:41
other_ultra_22,divar,80000000,کارکرده,2026-09-06 14:50:41
apple_iphone_14_pro_max,divar,220000000,کارکرده,2026-09-06 14:50:41
apple_iphone,divar,399000000,توافقی,2026-09-06 14:50:41
asus_tuf,divar,155000000,کارکرده,2026-09-06 14:50:41
apple_iphone_17_pro_max_256gb,divar,420000000,کارکرده,2026-09-06 14:50:41
samsung_galaxy_a07_128gb,divar,54000000,کارکرده,2026-09-06 14:50:41
xiaomi_redmi_note_15,divar,1000000,کارکرده,2026-09-06 14:50:41
other_12,divar,97000000,کارکرده,2026-09-06 14:50:41
other_s21fe,divar,28000000,کارکرده,2026-09-06 14:50:41
samsung_galaxy,divar,85000000,در حد نو,2026-09-06 14:50:41
amd_rx_580,divar,20900000,کارکرده,2026-09-06 14:50:41
other_item_ea7fac12,divar,2950000,کارکرده,2026-09-06 14:50:41
other_a25,divar,35000000,در حد نو,2026-09-06 14:50:41
samsung_samsung_s6_adge,divar,13200000,در حد نو,2026-09-06 14:50:41
samsung_galaxy_a57,divar,1000,کارکرده,2026-09-06 14:50:41
samsung_galaxy_a16,divar,39000000,در حد نو,2026-09-06 14:50:41
samsung_galaxy_a01,divar,7000000,کارکرده,2026-09-06 14:50:41
apple_macbook_pro_intel,divar,43900000,در حد نو,2026-09-06 14:50:41
samsung_galaxy_a55_256gb,divar,91000000,کارکرده,2026-09-06 14:50:41
other_a12,divar,10000,کارکرده,2026-09-06 14:50:41
apple_macbook_pro_m2,divar,155000000,در حد نو,2026-09-06 14:50:41
apple_macbook_air_m2,divar,135000000,کارکرده,2026-09-06 14:50:41
apple_iphone_6,divar,10000000,در حد نو,2026-09-06 14:50:41
samsung_e1272,divar,3100000,کارکرده,2026-09-06 14:50:41
other_i5_9400f,divar,71000000,در حد نو,2026-09-06 14:50:41
samsung_galaxy_s23,divar,135000000,در حد نو,2026-09-06 14:50:41
other_256gb_12_pro_max,divar,103000000,در حد نو,2026-09-06 14:50:41
sony_ps5,divar,100000000,کارکرده,2026-09-06 14:50:41
sony_ps5,divar,1200000,کارکرده,2026-09-06 14:50:41
apple_macbook_pro_m1,divar,118800000,در حد نو,2026-09-06 14:50:41
amd_rx_580,divar,10000000,کارکرده,2026-09-06 14:50:41
sony_ps5,divar,2000000,کارکرده,2026-09-06 14:50:41
microsoft_xbox_one_s,divar,1000,کارکرده,2026-09-06 14:50:41
amd_rx_6700xt,divar,59000000,در حد نو,2026-09-06 14:50:41
amd_rx_470,divar,6200000,کارکرده,2026-09-06 14:50:41
sony_ps5,divar,500000,کارکرده,2026-09-06 14:50:41
apple_macbook_pro_2021,divar,210000000,در حد نو,2026-09-06 14:50:41
amd_rx_5700xt,divar,165000000,در حد نو,2026-09-06 14:50:41
amd_rx_6900xt_16gb,divar,97000000,در حد نو,2026-09-06 14:50:41
sony_ps5,divar,7000000,در حد نو,2026-09-06 14:50:41
apple_macbook_pro_2012,divar,10200000,کارکرده,2026-09-06 14:50:41
apple_macbook_pro_m1,divar,120000000,در حد نو,2026-09-06 14:50:41
amd_rx_6800,divar,198000000,کارکرده,2026-09-06 14:50:41
sony_ps5,divar,1000000,کارکرده,2026-09-06 14:50:41
asus_rog_strix,divar,42500000,در حد نو,2026-09-06 14:50:41
sony_ps5_slim,divar,10000,کارکرده,2026-09-06 14:50:41
amd_rx_580,divar,10500000,در حد نو,2026-09-06 14:50:41
sony_ps5,divar,7000000,در حد نو,2026-09-06 14:50:41
asus_rog_strix,divar,41500000,در حد نو,2026-09-06 14:50:41
sony_ps5,divar,450000,کارکرده,2026-09-06 14:50:41
asus_rog_strix,divar,41500000,در حد نو,2026-09-06 14:50:41
sony_ps5,divar,888888888,کارکرده,2026-09-06 14:50:41
apple_macbook_pro_m2,divar,180000000,در حد نو,2026-09-06 14:50:41
amd_rx_580,divar,11700000,در حد نو,2026-09-06 14:50:41
amd_rx_6700xt,divar,59000000,در حد نو,2026-09-06 14:50:41
sony_ps5,divar,1000,کارکرده,2026-09-06 14:50:41
apple_macbook_pro_m3,divar,89000000,در حد نو,2026-09-06 14:50:41
amd_rx_6800,divar,75000000,در حد نو,2026-09-06 14:50:41
sony_ps5,divar,100000,کارکرده,2026-09-06 14:50:41
sony_ps5,divar,100000,کارکرده,2026-09-06 14:50:41
sony_ps5,divar,10000,کارکرده,2026-09-06 14:50:41
apple_macbook_pro_m1,divar,100000000,در حد نو,2026-09-06 14:50:41
sony_ps5,divar,10000,کارکرده,2026-09-06 14:50:41
sony_ps5,divar,1300000,کارکرده,2026-09-06 14:50:41
apple_macbook_air_m1,divar,96700000,کارکرده,2026-09-06 14:50:41
amd_rx_590,divar,16500000,در حد نو,2026-09-06 14:50:41
sony_ps5,divar,1000,کارکرده,2026-09-06 14:50:41
sony_ps5,divar,50000,کارکرده,2026-09-06 14:50:41
apple_macbook,divar,99000000,در حد نو,2026-09-06 14:50:41
apple_macbook_pro,divar,177000000,در حد نو,2026-09-06 14:50:41
amd_rx_580,divar,8000000,کارکرده,2026-09-06 14:50:41
sony_ps5,divar,100000,کارکرده,2026-09-06 14:50:41
apple_macbook_pro,divar,350000000,کارکرده,2026-09-06 14:50:41
apple_macbook_air_m1,divar,96700000,کارکرده,2026-09-06 14:50:41
amd_rx_6800xt,divar,75500000,کارکرده,2026-09-06 14:50:41
sony_ps5,divar,100000,کارکرده,2026-09-06 14:50:41
apple_macbook,divar,1000000000,توافقی,2026-09-06 14:50:41
amd_rx_6700xt,divar,61000000,در حد نو,2026-09-06 14:50:41
sony_ps5,divar,100000,کارکرده,2026-09-06 14:50:41
sony_ps5,divar,100000000,کارکرده,2026-09-06 14:50:41
apple_macbook_pro,divar,350000000,کارکرده,2026-09-06 14:50:41
amd_rx_7900xt,divar,160000000,در حد نو,2026-09-06 14:50:41
nvidia_rx_580,divar,785000000,کارکرده,2026-09-06 14:50:41
sony_ps5,divar,888888888,کارکرده,2026-09-06 14:50:41
apple_macbook_air,divar,49000000,در حد نو,2026-09-06 14:50:41
apple_macbook,divar,1000000000,توافقی,2026-09-06 14:50:41
amd_rx_580,divar,11700000,در حد نو,2026-09-06 14:50:41
sony_ps4,divar,68000000,در حد نو,2026-09-06 14:50:41
sony_ps5,divar,1000,کارکرده,2026-09-06 14:50:41
apple_macbook_pro_m2,divar,165000000,در حد نو,2026-09-06 14:50:41
sony_ps5,divar,9800000,کارکرده,2026-09-06 14:50:41
sony_ps5,divar,750000,کارکرده,2026-09-06 14:50:41
apple_macbook_air,divar,49000000,در حد نو,2026-09-06 14:50:41
amd_rx_580,divar,12000000,کارکرده,2026-09-06 14:50:41
sony_ps5,divar,50000000,کارکرده,2026-09-06 14:50:41
sony_ps4,divar,650000,کارکرده,2026-09-06 14:50:41
amd_rx_580,divar,54900000,در حد نو,2026-09-06 14:50:41
sony_ps5_pro,divar,1000,کارکرده,2026-09-06 14:50:41
sony_ps5_pro,divar,1000,کارکرده,2026-09-06 14:50:41
amd_rx_470,divar,8000000,کارکرده,2026-09-06 14:50:41
microsoft_xbox,divar,300000,کارکرده,2026-09-06 14:50:41
lenovo_lenovo,divar,29000000,کارکرده,2026-09-06 14:50:41
sony_ps5,divar,49000000,در حد نو,2026-09-06 14:50:41
apple_macbook_pro_2012,divar,22000000,کارکرده,2026-09-06 14:50:41
amd_rx_580,divar,54900000,در حد نو,2026-09-06 14:50:41
sony_ps5,divar,100000000,کارکرده,2026-09-06 14:50:41
apple_macbook_pro_m1_pro,divar,135500000,در حد نو,2026-09-06 14:50:41
apple_macbook_pro_m1_pro,divar,135500000,در حد نو,2026-09-06 14:50:41
other_i5_12400f,divar,83900000,در حد نو,2026-09-06 14:50:41
sony_ps5,divar,98000000,کارکرده,2026-09-06 14:50:41
apple_macbook_air_2017,divar,38000000,در حد نو,2026-09-06 14:50:41
apple_macbook_air_2017,divar,38000000,در حد نو,2026-09-06 14:50:41
sony_ps5,divar,300000,کارکرده,2026-09-06 14:50:41
sony_ps5,divar,1500000,در حد نو,2026-09-06 14:50:41
sony_ps5,divar,150000,کارکرده,2026-09-06 14:50:41
other_mac_book_pro,divar,420000000,در حد نو,2026-09-06 14:50:41
amd_rx_6600,divar,84900000,کارکرده,2026-09-06 14:50:41
sony_ps5,divar,900000,کارکرده,2026-09-06 14:50:41
amd_rx_580,divar,79000000,در حد نو,2026-09-06 14:50:41
amd_rx_6600,divar,85000000,کارکرده,2026-09-06 14:50:41
amd_rx_580,divar,13000000,در حد نو,2026-09-06 14:50:41
sony_ps5,divar,700000,کارکرده,2026-09-06 14:50:41
other_msi_cx620_i5,esam,19000000,دست دوم,2026-09-06 14:50:42
other_10,esam,2700000,دست دوم,2026-09-06 14:50:42
other_100,esam,2490000,نو,2026-09-06 14:50:42
microsoft_surface_pro,esam,73500000,دست دوم,2026-09-06 14:50:42
other_15,esam,3459000,دست دوم,2026-09-06 14:50:42
other_32gb_3220,esam,1800000,دست دوم,2026-09-06 14:50:42
other_11,esam,260000,دست دوم,2026-09-06 14:50:42
other_200,esam,20000,دست دوم,2026-09-06 14:50:42
other_11,esam,259000,دست دوم,2026-09-06 14:50:42
other_htc_chacha_g16,esam,18000000,دست دوم,2026-09-06 14:50:42
other_n8,esam,20000000,دست دوم,2026-09-06 14:50:42
other_47_s370i,digikala,8290000,نو,2026-09-06 17:35:04
other_t1,digikala,13336500,نو,2026-09-06 17:35:04
other_2tb_sn850x_2tb,digikala,66000000,نو,2026-09-06 17:35:04
other_49_suunto_vertical,digikala,152000000,نو,2026-09-06 17:35:04
other_gt2,digikala,7450000,نو,2026-09-06 17:35:04
lenovo_ideapad__custom_1tb,digikala,212000000,نو,2026-09-06 17:35:04
lenovo_32gb_15_v15_g4,digikala,119500000,نو,2026-09-06 17:35:04
apple_macbook_pro_2026_1tb,digikala,601500000,نو,2026-09-06 17:35:04
other_1tb_wd1ojpvt,digikala,8800000,نو,2026-09-06 17:35:04
other_ddr4_2666_cl19,digikala,6900000,نو,2026-09-06 17:35:04
other_hd_250bt,digikala,31000000,نو,2026-09-06 17:35:04
asus_14_vivobook_s14,digikala,311000000,نو,2026-09-06 17:35:04
lenovo_legion__custom_ram64gb_1tb,digikala,626000000,نو,2026-09-06 17:35:04
samsung_4tb_t9_usb_gen2,digikala,177844000,نو,2026-09-06 17:35:04
xiaomi_redmi_13_128gb,digikala,60500000,نو,2026-09-06 17:35:04
nvidia_rtx_3050_64gb,digikala,430000000,نو,2026-09-06 17:35:04
xiaomi_redmi_15c_256gb,digikala,59500000,نو,2026-09-06 17:35:04
other_256gb_16_aspire_lite,digikala,115500000,نو,2026-09-06 17:35:04
apple_airpods_wireless_charging,digikala,25990000,نو,2026-09-06 17:35:04
other_64gb_corsair_vengeance_rgb,digikala,150000000,نو,2026-09-06 17:35:04
other_tws,digikala,8500000,نو,2026-09-06 17:35:04
asus_tuf_gaming_custom_ram48gb_2tb,digikala,520000000,نو,2026-09-06 17:35:04
razer_barracuda_2022_mercury,digikala,26200000,نو,2026-09-06 17:35:04
lenovo_thinkpad_t14_512gb,digikala,209790000,نو,2026-09-06 17:35:04
hp_1tb,digikala,375990000,نو,2026-09-06 17:35:04
other_39_sw03_android,digikala,9000000,نو,2026-09-06 17:35:04
asus_vivobook_15_custom_1tb,digikala,167000000,نو,2026-09-06 17:35:04
asus_1tb_nuc14rvhu5_core_ultra,digikala,193000000,نو,2026-09-06 17:35:04
asus_rog_strix_custom_ram44gb_512gb,digikala,606000000,نو,2026-09-06 17:35:04
other_stream_s05_usb,digikala,24950000,نو,2026-09-06 17:35:04
other_49_series_10,digikala,9000000,نو,2026-09-06 17:35:04
other_ne48,digikala,11500000,نو,2026-09-06 17:35:04
lenovo_rtx_5050_44gb,digikala,341000000,نو,2026-09-06 17:35:04
other_32gb_ddr4_ct16g4dfra32a_16,digikala,20600000,نو,2026-09-06 17:35:04
asus_tuf_gaming_custom_ram32gb_3tb,digikala,419000000,نو,2026-09-06 17:35:04
lenovo_legion_5_custom_2tb,digikala,388000000,نو,2026-09-06 17:35:04
amd_32gb_15_aspire_go,digikala,138890000,نو,2026-09-06 17:35:04
xiaomi_xiaomi,digikala,3800000,نو,2026-09-06 17:35:04
other_mos_audio_t90,digikala,6998000,نو,2026-09-06 17:35:04
other_ambient_710_srn,digikala,10125400,نو,2026-09-06 17:35:04
other_plus_emd_z2,digikala,9721000,نو,2026-09-06 17:35:04
other_cc_2312_rgb,digikala,5400000,نو,2026-09-06 17:35:04
lenovo_rtx_5060_16gb,digikala,322000000,نو,2026-09-06 17:35:04
hp_bs_pairing_hp,digikala,6985000,نو,2026-09-06 17:35:04
other_512gb_elitedrive_512,digikala,13708800,نو,2026-09-06 17:35:04
other_1tb_sc735_usb_gen2,digikala,25400000,نو,2026-09-06 17:35:04
xiaomi_xiaomi,digikala,3500000,نو,2026-09-06 17:35:04
asus_vivobook_15_custom_2tb,digikala,169000000,نو,2026-09-06 17:35:04
samsung_galaxy,digikala,3900000,نو,2026-09-06 17:35:04
samsung_galaxy,digikala,5199000,نو,2026-09-06 17:35:04
other_falcon_240,digikala,7700000,نو,2026-09-06 17:35:04
other_tw22,digikala,3600000,نو,2026-09-06 17:35:04
other_watch_ultr,digikala,6449000,نو,2026-09-06 17:35:04
other_44_apy_bass,digikala,12930000,نو,2026-09-06 17:35:04
other_apy_options_breezy,digikala,7589000,نو,2026-09-06 17:35:04
other_41_m105,digikala,2490000,نو,2026-09-06 17:35:04
other_rf_cellure_e16,digikala,6533000,نو,2026-09-06 17:35:04
other_256gb_17_pro_max,divar,280000000,در حد نو,2026-09-06 17:35:08
apple_iphone_16,divar,230000000,کارکرده,2026-09-06 17:35:08
apple_ipad_5th_generation,divar,16000000,در حد نو,2026-09-06 17:35:08
apple_iphone_13_pro_max,divar,110000000,در حد نو,2026-09-06 17:35:08
apple_iphone_13,divar,84800000,در حد نو,2026-09-06 17:35:08
other_item_d99aadd2,divar,8000000,کارکرده,2026-09-06 17:35:08
asus_rog,divar,135000000,کارکرده,2026-09-06 17:35:08
samsung_galaxy_a07,divar,45000000,کارکرده,2026-09-06 17:35:08
amd_rx_580,divar,20000000,در حد نو,2026-09-06 17:35:08
apple_iphone_13_pro_max,divar,142000000,در حد نو,2026-09-06 17:35:08
other_26_ultra,divar,191000000,در حد نو,2026-09-06 17:35:08
apple_ipad_10th,divar,63000000,در حد نو,2026-09-06 17:35:08
apple_iphone,divar,200000000,کارکرده,2026-09-06 17:35:08
apple_iphone_12_pro,divar,20000000,در حد نو,2026-09-06 17:35:08
samsung_galaxy_a26,divar,53000000,در حد نو,2026-09-06 17:35:08
apple_macbook_air,divar,1000,کارکرده,2026-09-06 17:35:08
other_a53,divar,45000000,در حد نو,2026-09-06 17:35:08
other_512gb_s26_ultra_512gb,divar,211000000,کارکرده,2026-09-06 17:35:08
apple_13_m4,divar,305000000,در حد نو,2026-09-06 17:35:08
other_a11,divar,8000000,کارکرده,2026-09-06 17:35:08
other_core_i7_9700,divar,45000000,در حد نو,2026-09-06 17:35:08
sony_ps5,divar,150000,کارکرده,2026-09-06 17:35:08
apple_macbook_air_m4,divar,221000000,در حد نو,2026-09-06 17:35:08
apple_iphone_16,divar,220000000,نو (پلمپ/آکبند),2026-09-06 17:35:08
samsung_galaxy_a53,divar,13000000,کارکرده,2026-09-06 17:35:08
amd_rx_590,divar,16000000,کارکرده,2026-09-06 17:35:08
samsung_a10s,divar,8500000,کارکرده,2026-09-06 17:35:08
apple_iphone_5_64gb,divar,18000000,در حد نو,2026-09-06 17:35:08
sony_ps5,divar,350000,کارکرده,2026-09-06 17:35:08
apple_iphone_12pro,divar,74000000,در حد نو,2026-09-06 17:35:08
amd_rx_5700xt,divar,128000000,در حد نو,2026-09-06 17:35:08
sony_ps5,divar,500000,کارکرده,2026-09-06 17:35:08
apple_macbook,divar,1000000,کارکرده,2026-09-06 17:35:08
amd_rx_580,divar,7000000,نو (پلمپ/آکبند),2026-09-06 17:35:08
sony_ps5,divar,1300000,در حد نو,2026-09-06 17:35:08
sony_ps5,divar,1000,کارکرده,2026-09-06 17:35:08
apple_ipad,divar,38500000,کارکرده,2026-09-06 17:35:08
amd_rx_5700xt,divar,41000000,کارکرده,2026-09-06 17:35:08
amd_rx_5700xt,divar,41000000,کارکرده,2026-09-06 17:35:08
sony_ps5,divar,10000,کارکرده,2026-09-06 17:35:08
amd_rx_580,divar,7000000,نو (پلمپ/آکبند),2026-09-06 17:35:08
sony_ps5_pro,divar,49000000,در حد نو,2026-09-06 17:35:08
apple_macbook_pro_2015,divar,38000000,در حد نو,2026-09-06 17:35:08
amd_rx_580,divar,12500000,در حد نو,2026-09-06 17:35:08
sony_ps5,divar,100000000,کارکرده,2026-09-06 17:35:08
amd_rx_580,divar,9950000,در حد نو,2026-09-06 17:35:08
sony_ps5,divar,100000,کارکرده,2026-09-06 17:35:08
apple_macbook_pro,divar,87000000,کارکرده,2026-09-06 17:35:08
asus_rog_strix,divar,42500000,در حد نو,2026-09-06 17:35:08
amd_rx_5700xt,divar,41000000,کارکرده,2026-09-06 17:35:08
sony_ps4,divar,450000,کارکرده,2026-09-06 17:35:08
amd_rx_6700xt,divar,59000000,در حد نو,2026-09-06 17:35:08
sony_ps5,divar,1200000,کارکرده,2026-09-06 17:35:08
nvidia_rx_580,divar,785000000,کارکرده,2026-09-06 17:35:08
sony_ps4,divar,40000000,کارکرده,2026-09-06 17:35:08
apple_macbook_air_m1,divar,100000000,در حد نو,2026-09-06 17:35:08
amd_rx_6800,divar,75000000,در حد نو,2026-09-06 17:35:08
amd_rx_6900xt,divar,86500000,در حد نو,2026-09-06 17:35:08
sony_ps5,divar,150000,کارکرده,2026-09-06 17:35:08
apple_macbook_pro_m3,divar,89000000,در حد نو,2026-09-06 17:35:08
amd_rx_6800,divar,75000000,در حد نو,2026-09-06 17:35:08
sony_ps5,divar,1000,کارکرده,2026-09-06 17:35:08
sony_ps4,divar,68000000,در حد نو,2026-09-06 17:35:08
apple_macbook_pro_m2,divar,165000000,در حد نو,2026-09-06 17:35:08
apple_macbook_air_2019,divar,65000000,در حد نو,2026-09-06 17:35:08
nvidia_rx_580,divar,785000000,کارکرده,2026-09-06 17:35:08
microsoft_xbox,divar,20000000,کارکرده,2026-09-06 17:35:08
apple_macbook,divar,99000000,در حد نو,2026-09-06 17:35:08
apple_macbook_pro_m1,divar,100000000,در حد نو,2026-09-06 17:35:08
amd_rx_580,divar,15000000,کارکرده,2026-09-06 17:35:08
sony_ps5,divar,99000000,کارکرده,2026-09-06 17:35:08
sony_ps5,divar,1000,کارکرده,2026-09-06 17:35:08
apple_macbook_air_m1,divar,96700000,کارکرده,2026-09-06 17:35:08
amd_rx_6700xt,divar,57000000,در حد نو,2026-09-06 17:35:08
sony_ps5_slim,divar,10000,کارکرده,2026-09-06 17:35:08
apple_macbook_air_m4,divar,3900000,کارکرده,2026-09-06 17:35:08
amd_rx_580,divar,10500000,در حد نو,2026-09-06 17:35:08
sony_ps5,divar,1000,کارکرده,2026-09-06 17:35:08
apple_macbook_pro_m1,divar,100000000,در حد نو,2026-09-06 17:35:08
amd_rx_580,divar,11500000,در حد نو,2026-09-06 17:35:08
sony_ps5,divar,100000,کارکرده,2026-09-06 17:35:08
sony_ps5,divar,95000000,در حد نو,2026-09-06 17:35:08
apple_macbook_pro_m2,divar,185000000,در حد نو,2026-09-06 17:35:08
amd_rx_6700xt,divar,57000000,در حد نو,2026-09-06 17:35:08
sony_ps5,divar,100000,کارکرده,2026-09-06 17:35:08
apple_macbook_air_2018,divar,57000000,در حد نو,2026-09-06 17:35:08
apple_macbook_air_2018,divar,57000000,در حد نو,2026-09-06 17:35:08
amd_rx_6600,divar,35900000,در حد نو,2026-09-06 17:35:08
sony_ps5,divar,150000,کارکرده,2026-09-06 17:35:08
apple_macbook_pro_m2,divar,185000000,در حد نو,2026-09-06 17:35:08
apple_macbook,divar,5000000,کارکرده,2026-09-06 17:35:08
amd_rx_5700xt,divar,33500000,کارکرده,2026-09-06 17:35:08
sony_ps5,divar,100000,کارکرده,2026-09-06 17:35:08
sony_ps5,divar,100000,کارکرده,2026-09-06 17:35:08
sony_ps5,divar,95000000,کارکرده,2026-09-06 17:35:08
apple_macbook_pro_m2,divar,185000000,در حد نو,2026-09-06 17:35:08
apple_macbook_pro_m1,divar,100000000,در حد نو,2026-09-06 17:35:08
amd_rx_590,divar,16500000,در حد نو,2026-09-06 17:35:08
sony_ps5,divar,95000000,کارکرده,2026-09-06 17:35:08
sony_ps5,divar,10000,در حد نو,2026-09-06 17:35:08
amd_rx_6800,divar,75000000,در حد نو,2026-09-06 17:35:08
sony_ps5,divar,100000000,کارکرده,2026-09-06 17:35:08
sony_ps5,divar,95000000,در حد نو,2026-09-06 17:35:08
sony_ps5,divar,98000000,کارکرده,2026-09-06 17:35:08
apple_macbook_pro_2019,divar,99800000,کارکرده,2026-09-06 17:35:08
other_i5_12400f,divar,83900000,در حد نو,2026-09-06 17:35:08
sony_ps5,divar,1500000,کارکرده,2026-09-06 17:35:08
apple_macbook_pro,divar,125000000,در حد نو,2026-09-06 17:35:08
sony_ps5,divar,40000000,کارکرده,2026-09-06 17:35:08
apple_macbook_air_m1_256gb,divar,96000000,در حد نو,2026-09-06 17:35:08
samsung_level_u2_eo,divar,10800000,کارکرده,2026-09-06 17:35:08
sony_ps5,divar,2000000,کارکرده,2026-09-06 17:35:08
apple_macbook_pro_m3,divar,350000000,در حد نو,2026-09-06 17:35:08
apple_macbook_pro_m3,divar,350000000,در حد نو,2026-09-06 17:35:08
amd_rx_470,divar,6200000,کارکرده,2026-09-06 17:35:08
sony_ps5,divar,2000000,کارکرده,2026-09-06 17:35:08
sony_ps5_slim,divar,42000000,کارکرده,2026-09-06 17:35:08
sony_ps5,divar,50000000,کارکرده,2026-09-06 17:35:08
apple_macbook_air_m1_256gb,divar,96000000,در حد نو,2026-09-06 17:35:08
amd_rx_6800,divar,75000000,در حد نو,2026-09-06 17:35:08
amd_rx_6800,divar,109000000,کارکرده,2026-09-06 17:35:08
sony_ps5,divar,2000000,کارکرده,2026-09-06 17:35:08
apple_macbook,divar,2000000000,توافقی,2026-09-06 17:35:08
asus_rog_strix,divar,41500000,در حد نو,2026-09-06 17:35:08
amd_rx_580,divar,10500000,در حد نو,2026-09-06 17:35:08
asus_rog_strix,divar,41500000,در حد نو,2026-09-06 17:35:08
samsung_n620,esam,4000000,دست دوم,2026-09-06 17:35:10
other_item_5c8f596d,esam,1500000,نو,2026-09-06 17:35:10
sony_item_4e246c66,esam,3150000,دست دوم,2026-09-06 17:35:10
other_11,esam,250000,دست دوم,2026-09-06 17:35:10
other_7610,esam,16000000,دست دوم,2026-09-06 17:35:10
other_item_860adc1a,divar,41000000,کارکرده,2026-09-06 17:54:44
other_15,divar,30000000,در حد نو,2026-09-06 17:54:44
apple_macbook,divar,1000,کارکرده,2026-09-06 17:54:44
apple_iphone_13_128gb,divar,88000000,در حد نو,2026-09-06 17:54:44
apple_item_368aca03,divar,40000000,در حد نو,2026-09-06 17:54:44
other_item_5b2b8e19,divar,40000000,کارکرده,2026-09-06 17:54:44
apple_iphone_16,divar,153000000,در حد نو,2026-09-06 17:54:44
samsung_j7_pro,divar,5000000,در حد نو,2026-09-06 17:54:44
apple_iphone,divar,1000,کارکرده,2026-09-06 17:54:44
samsung_galaxy_s26_ultra,divar,100000,کارکرده,2026-09-06 17:54:44
asus_tuf,divar,155000000,کارکرده,2026-09-06 17:54:44
apple_iphone_x,divar,21000000,کارکرده,2026-09-06 17:54:44
other_s23fe,divar,69000000,در حد نو,2026-09-06 17:54:44
other_512gb_fold_512_12,divar,165000000,در حد نو,2026-09-06 17:54:44
amd_rx_580,divar,3700000,نو (پلمپ/آکبند),2026-09-06 17:54:44
other_s21fe,divar,28000000,کارکرده,2026-09-06 17:54:44
samsung_galaxy,divar,85000000,در حد نو,2026-09-06 17:54:44
amd_rx_580,divar,56000000,در حد نو,2026-09-06 17:54:44
other_jbl,divar,800000,کارکرده,2026-09-06 17:54:44
apple_iphone_17,divar,100000,نو (پلمپ/آکبند),2026-09-06 17:54:44
apple_item_e337838f,divar,1580000,کارکرده,2026-09-06 17:54:44
samsung_galaxy_a26,divar,72000000,کارکرده,2026-09-06 17:54:44
sony_ps5_slim,divar,10000000,کارکرده,2026-09-06 17:54:44
other_item_159f6976,divar,110000,کارکرده,2026-09-06 17:54:44
intel_14_core_i5,divar,54000000,در حد نو,2026-09-06 17:54:44
apple_macbook_2016,divar,98500000,در حد نو,2026-09-06 17:54:44
samsung_galaxy,divar,11500000,در حد نو,2026-09-06 17:54:44
samsung_galaxy_s26_ultra,divar,186000000,کارکرده,2026-09-06 17:54:44
other_a13,divar,5500000,کارکرده,2026-09-06 17:54:44
apple_macbook_pro,divar,68800000,در حد نو,2026-09-06 17:54:44
apple_macbook_m3_15inch,divar,171000000,کارکرده,2026-09-06 17:54:44
apple_iphone_16_pro_max_512gb,divar,285000000,در حد نو,2026-09-06 17:54:44
other_128gb_a51_128,divar,8000000,در حد نو,2026-09-06 17:54:44
other_i5_9400f,divar,71000000,در حد نو,2026-09-06 17:54:44
samsung_24_fe,divar,121000000,نو (پلمپ/آکبند),2026-09-06 17:54:44
other_xsmax,divar,1000,کارکرده,2026-09-06 17:54:44
sony_ps5,divar,95000000,کارکرده,2026-09-06 17:54:44
apple_iphone_17_pro,divar,150000000,کارکرده,2026-09-06 17:54:44
amd_rx_5700,divar,25900000,در حد نو,2026-09-06 17:54:44
sony_ps5,divar,1000000,کارکرده,2026-09-06 17:54:44
apple_macbook_pro,divar,12000000,کارکرده,2026-09-06 17:54:44
amd_rx_580,divar,7000000,نو (پلمپ/آکبند),2026-09-06 17:54:44
sony_ps5,divar,100000,کارکرده,2026-09-06 17:54:44
sony_ps5,divar,100000,کارکرده,2026-09-06 17:54:44
other_item_726e0552,divar,20000000,در حد نو,2026-09-06 17:54:44
apple_macbook_pro_2021,divar,210000000,در حد نو,2026-09-06 17:54:44
amd_rx_580,divar,10000000,در حد نو,2026-09-06 17:54:44
other_item_dd0f207f,divar,100000,کارکرده,2026-09-06 17:54:44
sony_ps5,divar,10000,کارکرده,2026-09-06 17:54:44
apple_macbook_air_m2,divar,165000000,در حد نو,2026-09-06 17:54:44
amd_rx_590_16gb,divar,85000000,در حد نو,2026-09-06 17:54:44
amd_rx_580,divar,12500000,در حد نو,2026-09-06 17:54:44
sony_ps5,divar,50000,کارکرده,2026-09-06 17:54:44
other_256gb_pro_13_256gb,divar,210000000,در حد نو,2026-09-06 17:54:44
apple_macbook,divar,1000000000,کارکرده,2026-09-06 17:54:44
other_pro2,divar,600000,کارکرده,2026-09-06 17:54:44
asus_rog_strix,divar,42500000,در حد نو,2026-09-06 17:54:44
sony_ps5,divar,1300000,در حد نو,2026-09-06 17:54:44
amd_rx_5700xt,divar,21000000,در حد نو,2026-09-06 17:54:44
sony_ps5,divar,500000,کارکرده,2026-09-06 17:54:44
apple_macbook_air_m2,divar,165000000,در حد نو,2026-09-06 17:54:44
nvidia_rx_580,divar,785000000,کارکرده,2026-09-06 17:54:44
amd_rx_7900xt,divar,165000000,در حد نو,2026-09-06 17:54:44
sony_ps5,divar,1500000,کارکرده,2026-09-06 17:54:44
amd_rx_5700xt,divar,165000000,در حد نو,2026-09-06 17:54:44
sony_ps5_digital,divar,50000000,کارکرده,2026-09-06 17:54:44
amd_rx_5700xt,divar,165000000,در حد نو,2026-09-06 17:54:44
sony_ps4,divar,40000000,کارکرده,2026-09-06 17:54:44
apple_macbook_air_m3,divar,155000000,در حد نو,2026-09-06 17:54:44
amd_rx_580,divar,12000000,کارکرده,2026-09-06 17:54:44
other_item_c1f4acc2,divar,35000000,کارکرده,2026-09-06 17:54:44
sony_ps5,divar,2500000,کارکرده,2026-09-06 17:54:44
apple_macbook_air_m1,divar,96700000,کارکرده,2026-09-06 17:54:44
amd_rx_6800,divar,169000000,کارکرده,2026-09-06 17:54:44
microsoft_xbox,divar,20000000,کارکرده,2026-09-06 17:54:44
other_ps2_ps3_m22,divar,2000,کارکرده,2026-09-06 17:54:44
sony_ps5,divar,100000,کارکرده,2026-09-06 17:54:44
apple_macbook,divar,99000000,در حد نو,2026-09-06 17:54:44
other_item_cf8702d5,divar,100000000,کارکرده,2026-09-06 17:54:44
microsoft_xbox,divar,20000000,کارکرده,2026-09-06 17:54:44
sony_ps5,divar,888888888,کارکرده,2026-09-06 17:54:44
apple_macbook_air_m4,divar,3900000,کارکرده,2026-09-06 17:54:44
amd_rx_5700xt,divar,33500000,کارکرده,2026-09-06 17:54:44
sony_ps5,divar,1300000,کارکرده,2026-09-06 17:54:44
sony_ps5,divar,100000000,کارکرده,2026-09-06 17:54:44
sony_ps5,divar,98000000,در حد نو,2026-09-06 17:54:44
apple_macbook_air_m4,divar,195000000,در حد نو,2026-09-06 17:54:44
apple_macbook_pro_intel_2012_13inch_256gb,divar,23000000,کارکرده,2026-09-06 17:54:44
amd_rx_590,divar,16500000,در حد نو,2026-09-06 17:54:44
other_ps2_ps3_m22,divar,2000,کارکرده,2026-09-06 17:54:44
sony_ps5,divar,100000,کارکرده,2026-09-06 17:54:44
apple_macbook_pro_m3,divar,89000000,در حد نو,2026-09-06 17:54:44
other_item_c5abc9c9,divar,100000,در حد نو,2026-09-06 17:54:44
sony_ps5,divar,1000,کارکرده,2026-09-06 17:54:44
sony_ps5,divar,1000,کارکرده,2026-09-06 17:54:44
apple_macbook,divar,99000000,در حد نو,2026-09-06 17:54:44
nvidia_rx_580,divar,785000000,کارکرده,2026-09-06 17:54:44
sony_ps5,divar,99000000,کارکرده,2026-09-06 17:54:44
microsoft_xbox,divar,1000,کارکرده,2026-09-06 17:54:44
apple_macbook_air_2018,divar,57000000,در حد نو,2026-09-06 17:54:44
sony_bose_ultra,divar,20000000,کارکرده,2026-09-06 17:54:44
amd_rx_5700xt,divar,165000000,در حد نو,2026-09-06 17:54:44
other_ps2_ps3_m22,divar,2000,کارکرده,2026-09-06 17:54:44
other_item_6d724103,divar,145000000,کارکرده,2026-09-06 17:54:44
apple_ipad,divar,38500000,کارکرده,2026-09-06 17:54:44
apple_macbook_air,divar,49000000,در حد نو,2026-09-06 17:54:44
amd_rx_6700xt,divar,61000000,در حد نو,2026-09-06 17:54:44
microsoft_xbox,divar,1000,کارکرده,2026-09-06 17:54:44
other_ps2_ps3_m22,divar,2000,کارکرده,2026-09-06 17:54:44
apple_macbook,divar,30000000,در حد نو,2026-09-06 17:54:44
amd_rx_580,divar,15000000,کارکرده,2026-09-06 17:54:44
sony_ps5,divar,150000,کارکرده,2026-09-06 17:54:44
sony_ps5,divar,50000,کارکرده,2026-09-06 17:54:44
sony_ps5,divar,20000000,کارکرده,2026-09-06 17:54:44
sony_ps5,divar,2000000,کارکرده,2026-09-06 17:54:44
apple_macbook_pro_m3,divar,230000000,کارکرده,2026-09-06 17:54:44
other_item_174acc9d,divar,1000000,کارکرده,2026-09-06 17:54:44
sony_ps5,divar,1000000,کارکرده,2026-09-06 17:54:44
sony_ps5,divar,1000000,کارکرده,2026-09-06 17:54:44
apple_macbook_pro_intel_2012_13inch_256gb,divar,23000000,کارکرده,2026-09-06 17:54:44
other_item_174acc9d,divar,1000000,کارکرده,2026-09-06 17:54:44
amd_rx_580,divar,79000000,در حد نو,2026-09-06 17:54:44
sony_ps5,divar,90000000,کارکرده,2026-09-06 17:54:44
amd_rx_6600,divar,84900000,کارکرده,2026-09-06 17:54:44
sony_ps5,divar,15000000,کارکرده,2026-09-06 17:54:44
apple_macbook_pro_m1_13inch,divar,115000000,در حد نو,2026-09-06 17:54:44
apple_macbook_pro_m1_pro,divar,135500000,در حد نو,2026-09-06 17:54:44
sony_ps5,divar,2000000,کارکرده,2026-09-06 17:54:44
apple_macbook_pro,divar,35000000,کارکرده,2026-09-06 17:54:44
apple_macbook_pro,divar,35000000,کارکرده,2026-09-06 17:54:44
amd_rx_6800,divar,109000000,کارکرده,2026-09-06 17:54:44
sony_ps5,divar,150000,کارکرده,2026-09-06 17:54:44
apple_macbook,divar,450000000,در حد نو,2026-09-06 17:54:44
other_mac_book_pro,divar,420000000,در حد نو,2026-09-06 17:54:44
amd_rx_6600,divar,84900000,کارکرده,2026-09-06 17:54:44
sony_ps5,divar,2000000,کارکرده,2026-09-06 17:54:44
apple_macbook_air_m1_256gb,divar,96000000,در حد نو,2026-09-06 17:54:44
apple_macbook_air,divar,115000000,در حد نو,2026-09-06 17:54:44
other_item_ef234270,divar,70000000,کارکرده,2026-09-06 17:54:44
sony_ps5,divar,98000000,کارکرده,2026-09-06 17:54:44
sony_ps5,divar,2000000,کارکرده,2026-09-06 17:54:44
sony_ps5,divar,300000,کارکرده,2026-09-06 17:54:44
apple_macbook_air,divar,115000000,در حد نو,2026-09-06 17:54:44
amd_rx_470,divar,6200000,کارکرده,2026-09-06 17:54:44
other_item_ef234270,divar,70000000,کارکرده,2026-09-06 17:54:44
sony_ps5,divar,10000,کارکرده,2026-09-06 17:54:44
apple_macbook_pro_m1_pro,divar,223000000,در حد نو,2026-09-06 17:54:44
lenovo_he05,divar,698000,کارکرده,2026-09-06 17:54:44
amd_rx_580,divar,79000000,در حد نو,2026-09-06 17:54:44
sony_ps5,divar,2000000,کارکرده,2026-09-06 17:54:44
apple_macbook_pro,divar,60000000,در حد نو,2026-09-06 17:54:44
amd_rx_5700xt,divar,35000000,کارکرده,2026-09-06 17:54:44
other_velbon_df_40,esam,8000000,دست دوم,2026-09-06 17:54:45
other_104,esam,145000,دست دوم,2026-09-06 17:54:45
other_s14,esam,2900000,دست دوم,2026-09-06 17:54:45
other_2700,esam,1899000,دست دوم,2026-09-06 17:54:45
apple_pro_m5,divar,255000000,در حد نو,2026-09-06 19:48:09
other_item_605f98ac,divar,1000000,کارکرده,2026-09-06 19:48:09
apple_iphone_12_pro,divar,100000000,در حد نو,2026-09-06 19:48:09
apple_iphone_17_pro_max,divar,270000000,در حد نو,2026-09-06 19:48:09
amd_rx_580,divar,2000000,کارکرده,2026-09-06 19:48:09
apple_macbook_air,divar,300000000,در حد نو,2026-09-06 19:48:09
other_a6_plus,divar,12000000,در حد نو,2026-09-06 19:48:09
samsung_galaxy_a26,divar,64000000,کارکرده,2026-09-06 19:48:09
apple_iphone_15_pro_max,divar,189000000,در حد نو,2026-09-06 19:48:09
amd_5700_rx,divar,45000000,در حد نو,2026-09-06 19:48:09
sony_ps5,divar,26000000,کارکرده,2026-09-06 19:48:09
other_a56_ram_12,divar,98000000,در حد نو,2026-09-06 19:48:09
other_12_pro_max,divar,93000000,در حد نو,2026-09-06 19:48:09
nvidia_rtx_5060,divar,360000000,در حد نو,2026-09-06 19:48:09
apple_iphone_12_pro,divar,80000000,کارکرده,2026-09-06 19:48:09
apple_iphone_16,divar,225000000,در حد نو,2026-09-06 19:48:09
apple_macbook,divar,235000000,کارکرده,2026-09-06 19:48:09
other_128gb_a16_128,divar,32000000,کارکرده,2026-09-06 19:48:09
apple_pro,divar,170000000,در حد نو,2026-09-06 19:48:09
apple_macbook_pro_2019,divar,230000000,در حد نو,2026-09-06 19:48:09
apple_iphone_14_pro_max,divar,180000000,کارکرده,2026-09-06 19:48:09
apple_macbook_air_2023,divar,157000000,در حد نو,2026-09-06 19:48:09
other_item_8f6ab398,divar,94000000,کارکرده,2026-09-06 19:48:09
samsung_galaxy_s24_fe,divar,110000000,در حد نو,2026-09-06 19:48:09
apple_macbook_air,divar,70000000,در حد نو,2026-09-06 19:48:09
apple_iphone_13_pro,divar,145000000,در حد نو,2026-09-06 19:48:09
other_item_b0de9292,divar,350000000,کارکرده,2026-09-06 19:48:09
asus_rog_strix,divar,52000000,در حد نو,2026-09-06 19:48:09
sony_ps5,divar,3000000,در حد نو,2026-09-06 19:48:09
other_item_3d47d76c,divar,3000000,کارکرده,2026-09-06 19:48:09
intel_cpu_intel_pentium,divar,300000,کارکرده,2026-09-06 19:48:09
apple_iphone_13_128gb,divar,42000000,کارکرده,2026-09-06 19:48:09
other_128gb_a07_128_ram,divar,34800000,نو (پلمپ/آکبند),2026-09-06 19:48:09
samsung_galaxy_a07,divar,24000000,در حد نو,2026-09-06 19:48:09
other_item_cac1c325,divar,550000,کارکرده,2026-09-06 19:48:09
apple_iphone_15_pro_256gb,divar,79600000,کارکرده,2026-09-06 19:48:09
samsung_128gb_15_128,divar,30000000,کارکرده,2026-09-06 19:48:09
other_13,divar,37000000,در حد نو,2026-09-06 19:48:09
other_item_c5abc9c9,divar,100000,در حد نو,2026-09-06 19:48:09
sony_ps5,divar,100000,کارکرده,2026-09-06 19:48:09
apple_macbook_air_m1,divar,99000000,در حد نو,2026-09-06 19:48:09
amd_rx_5700xt,divar,21000000,در حد نو,2026-09-06 19:48:09
amd_rx_5700xt,divar,21000000,در حد نو,2026-09-06 19:48:09
sony_ps5,divar,400000,کارکرده,2026-09-06 19:48:09
apple_64gb_ipad_10_64,divar,55000000,در حد نو,2026-09-06 19:48:09
apple_macbook,divar,1000000000,کارکرده,2026-09-06 19:48:09
other_reolink,divar,10800000,کارکرده,2026-09-06 19:48:09
amd_rx_5700xt,divar,128000000,در حد نو,2026-09-06 19:48:09
sony_ps5,divar,150000,کارکرده,2026-09-06 19:48:09
other_item_22934d4c,divar,20000000,کارکرده,2026-09-06 19:48:09
other_vonk_2026,divar,8000000,کارکرده,2026-09-06 19:48:09
amd_rx_580,divar,7000000,نو (پلمپ/آکبند),2026-09-06 19:48:09
sony_ps5,divar,1000,کارکرده,2026-09-06 19:48:09
other_item_e4833e40,divar,105000000,کارکرده,2026-09-06 19:48:09
apple_macbook_pro_m1,divar,120000000,در حد نو,2026-09-06 19:48:09
apple_macbook,divar,1000000000,توافقی,2026-09-06 19:48:09
amd_rx_7900xt,divar,165000000,در حد نو,2026-09-06 19:48:09
sony_ps5,divar,1000000,کارکرده,2026-09-06 19:48:09
amd_rx_6800,divar,180000000,کارکرده,2026-09-06 19:48:09
sony_ps5,divar,900000,کارکرده,2026-09-06 19:48:09
sony_ps5,divar,1300000,در حد نو,2026-09-06 19:48:09
apple_pro,divar,1250000,کارکرده,2026-09-06 19:48:09
amd_rx_6900xt,divar,101000000,در حد نو,2026-09-06 19:48:09
sony_ps5,divar,100000,کارکرده,2026-09-06 19:48:09
amd_rx_580,divar,9950000,در حد نو,2026-09-06 19:48:09
sony_ps5,divar,1000,کارکرده,2026-09-06 19:48:09
asus_rog_strix,divar,41500000,در حد نو,2026-09-06 19:48:09
sony_ps5,divar,1000000,کارکرده,2026-09-06 19:48:09
sony_ps4,divar,68000000,در حد نو,2026-09-06 19:48:09
amd_rx_6800,divar,169000000,کارکرده,2026-09-06 19:48:09
amd_rx_6700xt,divar,59000000,در حد نو,2026-09-06 19:48:09
sony_ps5,divar,10000,کارکرده,2026-09-06 19:48:09
apple_macbook_air_2024,divar,155000000,کارکرده,2026-09-06 19:48:09
amd_rx_6800,divar,169000000,کارکرده,2026-09-06 19:48:09
sony_ps5,divar,1000,کارکرده,2026-09-06 19:48:09
microsoft_xbox,divar,20000000,کارکرده,2026-09-06 19:48:09
sony_ps5,divar,1000,کارکرده,2026-09-06 19:48:09
apple_macbook_pro_m3_pro_14inch_512gb,divar,325000000,کارکرده,2026-09-06 19:48:09
amd_rx_580,divar,11500000,در حد نو,2026-09-06 19:48:09
sony_ps5,divar,2500000,کارکرده,2026-09-06 19:48:09
sony_ps5,divar,100000,کارکرده,2026-09-06 19:48:09
apple_macbook_pro_m1,divar,100000000,در حد نو,2026-09-06 19:48:09
amd_rx_6900xt,divar,86500000,در حد نو,2026-09-06 19:48:09
sony_ps5,divar,1300000,کارکرده,2026-09-06 19:48:09
sony_ps5,divar,1000,کارکرده,2026-09-06 19:48:09
other_ps2_ps3_m22,divar,2000,کارکرده,2026-09-06 19:48:09
apple_macbook,divar,99000000,در حد نو,2026-09-06 19:48:09
apple_macbook_air_2024,divar,155000000,کارکرده,2026-09-06 19:48:09
amd_rx_7900xt,divar,160000000,در حد نو,2026-09-06 19:48:09
sony_ps5,divar,10000,کارکرده,2026-09-06 19:48:09
apple_macbook_pro,divar,26000000,در حد نو,2026-09-06 19:48:09
apple_macbook_air_m1,divar,96700000,کارکرده,2026-09-06 19:48:09
amd_rx_6700xt,divar,57000000,در حد نو,2026-09-06 19:48:09
sony_ps5_slim,divar,10000,کارکرده,2026-09-06 19:48:09
sony_ps5,divar,1000,کارکرده,2026-09-06 19:48:09
apple_macbook_pro_intel_13inch,divar,35000000,در حد نو,2026-09-06 19:48:09
other_item_174acc9d,divar,1000000,کارکرده,2026-09-06 19:48:09
sony_ps5,divar,100000000,کارکرده,2026-09-06 19:48:09
sony_ps5,divar,100000,کارکرده,2026-09-06 19:48:09
apple_macbook,divar,5000000,کارکرده,2026-09-06 19:48:09
apple_iphone,divar,14000000,کارکرده,2026-09-06 19:48:09
amd_rx_6700xt,divar,57000000,در حد نو,2026-09-06 19:48:09
sony_ps5,divar,1000,کارکرده,2026-09-06 19:48:09
other_item_3be695f3,divar,7500000,در حد نو,2026-09-06 19:48:09
apple_macbook_air_m1,divar,96700000,کارکرده,2026-09-06 19:48:09
apple_macbook_pro,divar,177000000,در حد نو,2026-09-06 19:48:09
amd_rx_6600,divar,35900000,در حد نو,2026-09-06 19:48:09
sony_ps5,divar,1000,کارکرده,2026-09-06 19:48:09
sony_ps5,divar,750000,کارکرده,2026-09-06 19:48:09
apple_macbook_2019,divar,75000000,در حد نو,2026-09-06 19:48:09
amd_rx_6900xt,divar,86500000,در حد نو,2026-09-06 19:48:09
sony_ps5,divar,888888888,کارکرده,2026-09-06 19:48:09
sony_ps5,divar,100000,کارکرده,2026-09-06 19:48:09
other_ic,divar,200000,کارکرده,2026-09-06 19:48:09
sony_ps5,divar,100000000,کارکرده,2026-09-06 19:48:09
other_mac_2015,divar,41500000,در حد نو,2026-09-06 19:48:09
amd_rx_580,divar,8000000,کارکرده,2026-09-06 19:48:09
sony_ps5,divar,20000,کارکرده,2026-09-06 19:48:09
sony_ps5,divar,20000,کارکرده,2026-09-06 19:48:09
apple_macbook_air,divar,49000000,در حد نو,2026-09-06 19:48:09
other_item_c5abc9c9,divar,100000,در حد نو,2026-09-06 19:48:09
other_14_16gb_ddr5,divar,157500000,کارکرده,2026-09-06 19:48:09
sony_ps4,divar,68000000,در حد نو,2026-09-06 19:48:09
amd_rx_5500xt,divar,85900000,در حد نو,2026-09-06 19:48:09
sony_ps4,divar,35000000,در حد نو,2026-09-06 19:48:09
apple_item_20d0f69d,divar,1000000000,در حد نو,2026-09-06 19:48:09
apple_macbook_air_2013_13inch,divar,20000000,در حد نو,2026-09-06 19:48:09
other_ps2,divar,3000,کارکرده,2026-09-06 19:48:09
apple_item_20d0f69d,divar,1000000000,در حد نو,2026-09-06 19:48:09
apple_macbook_pro,divar,125000000,در حد نو,2026-09-06 19:48:09
amd_rx_570,divar,8500000,در حد نو,2026-09-06 19:48:09
microsoft_xbox,divar,300000,کارکرده,2026-09-06 19:48:09
apple_macbook,divar,450000000,در حد نو,2026-09-06 19:48:09
apple_macbook_air_m1_256gb,divar,96000000,در حد نو,2026-09-06 19:48:09
amd_rx_6700xt,divar,57000000,در حد نو,2026-09-06 19:48:09
sony_ps5,divar,100000000,کارکرده,2026-09-06 19:48:09
apple_macbook_air,divar,12600000,کارکرده,2026-09-06 19:48:09
apple_macbook_pro_m3,divar,350000000,در حد نو,2026-09-06 19:48:09
other_14_16gb_ddr5,divar,197500000,کارکرده,2026-09-06 19:48:09
sony_ps5,divar,10000,کارکرده,2026-09-06 19:48:09
sony_ps5,divar,10000,کارکرده,2026-09-06 19:48:09
sony_ps5,divar,10000,در حد نو,2026-09-06 19:48:09
apple_macbook_air_2017,divar,38000000,در حد نو,2026-09-06 19:48:09
amd_rx_580,divar,11700000,در حد نو,2026-09-06 19:48:09
amd_rx_5500xt,divar,85900000,در حد نو,2026-09-06 19:48:09
sony_ps5,divar,300000,کارکرده,2026-09-06 19:48:09
apple_item_20d0f69d,divar,1000000000,در حد نو,2026-09-06 19:48:09
amd_rx_570,divar,8500000,در حد نو,2026-09-06 19:48:09
other_item_c1f4acc2,divar,35000000,کارکرده,2026-09-06 19:48:09
sony_ps5,divar,200000,کارکرده,2026-09-06 19:48:09
apple_macbook_pro_intel,divar,18000000,کارکرده,2026-09-06 19:48:09
canon_700d_18_55,esam,5554567,دست دوم,2026-09-06 19:48:10
other_46,esam,46,دست دوم,2026-09-06 19:48:10
other_item_13a3d1b7,esam,4000000,دست دوم,2026-09-06 19:48:10
other_12,esam,6990000,دست دوم,2026-09-06 19:48:10
other_item_727f0894,esam,99000,دست دوم,2026-09-06 19:48:10
other_htc_chacha_g16,esam,18000000,دست دوم,2026-09-06 19:48:10
other_n8,esam,20000000,دست دوم,2026-09-06 19:48:10
other_item_66053ade,esam,10000000,دست دوم,2026-09-06 19:48:10
other_item_ee2d6d15,esam,150000,دست دوم,2026-09-06 19:48:10
samsung_galaxy_a07,divar,50000000,کارکرده,2026-09-07 07:55:51
samsung_galaxy_a55_256gb,divar,89000000,کارکرده,2026-09-07 07:55:51
apple_iphone_16_pro,divar,179000000,کارکرده,2026-09-07 07:55:51
apple_macbook_pro_2024,divar,510000000,کارکرده,2026-09-07 07:55:51
amd_rx_5500xt,divar,24000000,کارکرده,2026-09-07 07:55:51
apple_item_8eea7ab7,divar,200000000,کارکرده,2026-09-07 07:55:51
other_doogee_s100,divar,80000000,در حد نو,2026-09-07 07:55:51
sony_ps5,divar,4000000,در حد نو,2026-09-07 07:55:51
other_14promax,divar,182000000,کارکرده,2026-09-07 07:55:51
amd_rx_580,divar,59900000,در حد نو,2026-09-07 07:55:51
sony_ps5,divar,28000000,در حد نو,2026-09-07 07:55:51
other_a12,divar,15000000,در حد نو,2026-09-07 07:55:51
samsung_galaxy_a70,divar,21300000,کارکرده,2026-09-07 07:55:51
other_ddr5_1851,divar,100000000,در حد نو,2026-09-07 07:55:51
apple_iphone_13,divar,96000000,در حد نو,2026-09-07 07:55:51
apple_13_98,divar,130000000,در حد نو,2026-09-07 07:55:52
apple_macbook,divar,38000000,کارکرده,2026-09-07 07:55:52
other_a23,divar,15000000,در حد نو,2026-09-07 07:55:52
other_pro_2024_13,divar,240000000,در حد نو,2026-09-07 07:55:52
samsung_galaxy_a12,divar,20000000,در حد نو,2026-09-07 07:55:52
apple_iphone_16,divar,174000000,کارکرده,2026-09-07 07:55:52
samsung_galaxy_a10,divar,14000000,کارکرده,2026-09-07 07:55:52
samsung_galaxy_s26,divar,176000000,کارکرده,2026-09-07 07:55:52
intel_11400_intel_11400f,divar,24000000,در حد نو,2026-09-07 07:55:52
apple_iphone_x_256gb,divar,39900000,کارکرده,2026-09-07 07:55:52
apple_macbook_air_m2_256gb,divar,118000000,در حد نو,2026-09-07 07:55:52
microsoft_hp_dell_lenovo,divar,17500000,در حد نو,2026-09-07 07:55:52
other_13,divar,115000000,در حد نو,2026-09-07 07:55:52
asus_rog_strix,divar,14500000,کارکرده,2026-09-07 07:55:52
samsung_galaxy_a36_256gb,divar,69000000,در حد نو,2026-09-07 07:55:52
sony_ps5,divar,40000000,کارکرده,2026-09-07 07:55:52
samsung_galaxy_a56_128gb,divar,86300000,کارکرده,2026-09-07 07:55:52
apple_macbook_air_m2_256gb,divar,145000000,در حد نو,2026-09-07 07:55:52
apple_item_4a92f321,divar,10000000,کارکرده,2026-09-07 07:55:52
other_i5_12400f,divar,150000000,در حد نو,2026-09-07 07:55:52
apple_iphone_14,divar,120000000,نو (پلمپ/آکبند),2026-09-07 07:55:52
apple_apple_watch,divar,950000,کارکرده,2026-09-07 07:55:52
asus_tuf_gaming,divar,13800000,در حد نو,2026-09-07 07:55:52
amd_rx_5700xt,divar,41000000,کارکرده,2026-09-07 07:55:52
sony_ps5,divar,7000000,در حد نو,2026-09-07 07:55:52
apple_macbook,divar,1000000000,کارکرده,2026-09-07 07:55:52
amd_rx_590_16gb,divar,85000000,در حد نو,2026-09-07 07:55:52
amd_rx_580,divar,9950000,در حد نو,2026-09-07 07:55:52
sony_ps5,divar,500000,کارکرده,2026-09-07 07:55:52
other_item_9b386a69,divar,27000000,در حد نو,2026-09-07 07:55:52
apple_macbook_pro_m4_pro,divar,430000000,کارکرده,2026-09-07 07:55:52
other_item_22934d4c,divar,20000000,کارکرده,2026-09-07 07:55:52
amd_rx_470,divar,6200000,کارکرده,2026-09-07 07:55:52
sony_ps5_pro,divar,49000000,در حد نو,2026-09-07 07:55:52
apple_macbook,divar,1000000000,توافقی,2026-09-07 07:55:52
apple_macbook_air_m2,divar,165000000,در حد نو,2026-09-07 07:55:52
amd_rx_6900xt_16gb,divar,97000000,در حد نو,2026-09-07 07:55:52
sony_ps4,divar,68000000,در حد نو,2026-09-07 07:55:52
apple_64gb_ipad_10_64,divar,55000000,در حد نو,2026-09-07 07:55:52
apple_ipad,divar,7000000,در حد نو,2026-09-07 07:55:52
apple_macbook,divar,1000000000,توافقی,2026-09-07 07:55:52
amd_rx_580,divar,10000000,کارکرده,2026-09-07 07:55:52
sony_ps5,divar,2000000,کارکرده,2026-09-07 07:55:52
sony_ps5,divar,500000,کارکرده,2026-09-07 07:55:52
amd_rx_580,divar,10000000,کارکرده,2026-09-07 07:55:52
sony_ps5,divar,100000,کارکرده,2026-09-07 07:55:52
apple_macbook_pro,divar,87000000,کارکرده,2026-09-07 07:55:52
amd_rx_5700xt,divar,21000000,در حد نو,2026-09-07 07:55:52
sony_ps4,divar,40000000,کارکرده,2026-09-07 07:55:52
other_item_c5abc9c9,divar,100000,در حد نو,2026-09-07 07:55:52
sony_ps5,divar,3000000,در حد نو,2026-09-07 07:55:52
sony_ps5,divar,200000,کارکرده,2026-09-07 07:55:52
amd_rx_580,divar,15000000,کارکرده,2026-09-07 07:55:52
sony_ps5,divar,50000,کارکرده,2026-09-07 07:55:52
apple_macbook_air_2024,divar,155000000,کارکرده,2026-09-07 07:55:52
nvidia_rx_580,divar,785000000,کارکرده,2026-09-07 07:55:52
sony_ps5,divar,1000,کارکرده,2026-09-07 07:55:52
sony_ps5,divar,100000000,کارکرده,2026-09-07 07:55:52
amd_rx_6800,divar,75000000,در حد نو,2026-09-07 07:55:52
amd_rx_590,divar,16500000,در حد نو,2026-09-07 07:55:52
sony_ps4,divar,68000000,در حد نو,2026-09-07 07:55:52
sony_ps5,divar,50000,کارکرده,2026-09-07 07:55:52
apple_macbook,divar,1000000000,توافقی,2026-09-07 07:55:52
amd_rx_5700xt,divar,165000000,در حد نو,2026-09-07 07:55:52
amd_rx_580,divar,12000000,کارکرده,2026-09-07 07:55:52
sony_ps5,divar,50000,کارکرده,2026-09-07 07:55:52
apple_macbook_pro,divar,177000000,در حد نو,2026-09-07 07:55:52
apple_pro,divar,1250000,کارکرده,2026-09-07 07:55:52
amd_rx_5700xt,divar,165000000,در حد نو,2026-09-07 07:55:52
sony_ps5,divar,150000,کارکرده,2026-09-07 07:55:52
amd_rx_580,divar,15000000,کارکرده,2026-09-07 07:55:52
sony_ps5,divar,98000000,در حد نو,2026-09-07 07:55:52
apple_macbook_air_m4,divar,195000000,در حد نو,2026-09-07 07:55:52
amd_rx_580,divar,10500000,در حد نو,2026-09-07 07:55:52
amd_rx_7900xt,divar,160000000,در حد نو,2026-09-07 07:55:52
sony_ps5,divar,2500000,کارکرده,2026-09-07 07:55:52
apple_macbook_pro_m1_pro,divar,216000000,در حد نو,2026-09-07 07:55:52
other_item_c5abc9c9,divar,100000,در حد نو,2026-09-07 07:55:52
amd_rx_5700xt,divar,165000000,در حد نو,2026-09-07 07:55:52
sony_ps5,divar,99000000,کارکرده,2026-09-07 07:55:52
apple_macbook_air_2013,divar,10000000,کارکرده,2026-09-07 07:55:52
apple_iphone,divar,14000000,کارکرده,2026-09-07 07:55:52
amd_rx_6700xt,divar,57000000,در حد نو,2026-09-07 07:55:52
microsoft_xbox,divar,20000000,کارکرده,2026-09-07 07:55:52
apple_macbook,divar,5000000,کارکرده,2026-09-07 07:55:52
apple_macbook_air_m4,divar,195000000,در حد نو,2026-09-07 07:55:52
amd_rx_5700xt,divar,33500000,کارکرده,2026-09-07 07:55:52
other_ps2_ps3_m22,divar,2000,کارکرده,2026-09-07 07:55:52
sony_ps5,divar,100000,کارکرده,2026-09-07 07:55:52
other_item_3be695f3,divar,1000,کارکرده,2026-09-07 07:55:52
apple_macbook_pro_intel_13inch,divar,35000000,در حد نو,2026-09-07 07:55:52
amd_rx_580,divar,12000000,در حد نو,2026-09-07 07:55:52
amd_rx_580,divar,11500000,در حد نو,2026-09-07 07:55:52
sony_ps5,divar,750000,کارکرده,2026-09-07 07:55:52
apple_macbook_pro_intel_2012_13inch_256gb,divar,23000000,کارکرده,2026-09-07 07:55:52
apple_pro,divar,1250000,کارکرده,2026-09-07 07:55:52
amd_rx_6900xt,divar,92000000,در حد نو,2026-09-07 07:55:52
sony_ps5,divar,100000,کارکرده,2026-09-07 07:55:52
amd_rx_590,divar,16500000,در حد نو,2026-09-07 07:55:52
sony_ps5,divar,100000000,کارکرده,2026-09-07 07:55:52
apple_macbook,divar,99000000,در حد نو,2026-09-07 07:55:52
apple_pro,divar,1250000,کارکرده,2026-09-07 07:55:52
amd_rx_5700xt,divar,33500000,کارکرده,2026-09-07 07:55:52
sony_ps5,divar,20000,کارکرده,2026-09-07 07:55:52
apple_macbook_pro_m2,divar,185000000,در حد نو,2026-09-07 07:55:52
apple_macbook,divar,1000000000,توافقی,2026-09-07 07:55:52
amd_rx_5700xt,divar,165000000,در حد نو,2026-09-07 07:55:52
sony_ps5,divar,100000000,کارکرده,2026-09-07 07:55:52
amd_rx_580,divar,10500000,در حد نو,2026-09-07 07:55:52
other_ps2,divar,3000,کارکرده,2026-09-07 07:55:52
other_ps2,divar,3000,کارکرده,2026-09-07 07:55:52
other_pro_m5,divar,350000000,کارکرده,2026-09-07 07:55:52
sony_ps5,divar,1000000,کارکرده,2026-09-07 07:55:52
sony_ps5,divar,1500000,کارکرده,2026-09-07 07:55:52
apple_macbook_pro_2019,divar,99800000,کارکرده,2026-09-07 07:55:52
amd_rx_5500xt,divar,85900000,در حد نو,2026-09-07 07:55:52
sony_ps5,divar,9900000,کارکرده,2026-09-07 07:55:52
microsoft_xbox,divar,300000,کارکرده,2026-09-07 07:55:52
apple_macbook_air,divar,115000000,در حد نو,2026-09-07 07:55:52
amd_rx_470,divar,6200000,کارکرده,2026-09-07 07:55:52
amd_rx_580,divar,79000000,در حد نو,2026-09-07 07:55:52
sony_ps5,divar,49000000,در حد نو,2026-09-07 07:55:52
apple_macbook_pro_m4_pro,divar,374000000,کارکرده,2026-09-07 07:55:52
other_item_ef234270,divar,70000000,کارکرده,2026-09-07 07:55:52
other_i5_12400f,divar,83900000,در حد نو,2026-09-07 07:55:52
sony_ps5,divar,50000000,کارکرده,2026-09-07 07:55:52
sony_ps5,divar,98000000,کارکرده,2026-09-07 07:55:52
apple_macbook_pro_2019,divar,99800000,کارکرده,2026-09-07 07:55:52
apple_macbook_pro,divar,125000000,در حد نو,2026-09-07 07:55:52
amd_rx_5700xt,divar,165000000,در حد نو,2026-09-07 07:55:52
sony_ps5,divar,1500000,کارکرده,2026-09-07 07:55:52
other_200_40,divar,14200000,در حد نو,2026-09-07 07:55:52
apple_macbook,divar,1000000000,توافقی,2026-09-07 07:55:52
amd_rx_470,divar,8000000,کارکرده,2026-09-07 07:55:52
microsoft_xbox,divar,1000,کارکرده,2026-09-07 07:55:52
sony_ps5,divar,10000,کارکرده,2026-09-07 07:55:52
other_250,esam,71000,دست دوم,2026-09-07 07:55:52
other_item_a4bf83e0,esam,249000,نو,2026-09-07 07:55:52
other_1966_christmas_stamps,esam,45000,دست دوم,2026-09-07 07:55:52
asus_rog,esam,550000000,دست دوم,2026-09-07 07:55:52
canon_canon_powershot_sx50,esam,10600000,دست دوم,2026-09-07 07:55:52
other_11,esam,780000,دست دوم,2026-09-07 07:55:52
other_rollei_234,esam,2500000,دست دوم,2026-09-07 07:55:52
other_columbia_177a,esam,1190000,دست دوم,2026-09-07 07:55:53
other_item_6cd3315b,esam,1300000,دست دوم,2026-09-07 07:55:53
other_cpu,divar,2800000,در حد نو,2026-09-07 08:15:51
apple_iphone_12pro_max,divar,130000000,کارکرده,2026-09-07 08:15:51
samsung_galaxy_s25ultra_256gb,divar,225000000,در حد نو,2026-09-07 08:15:51
amd_rx_6900xt,divar,110000000,نو (پلمپ/آکبند),2026-09-07 08:15:51
other_14_pro_100,divar,146000000,در حد نو,2026-09-07 08:15:51
apple_iphone_13promax,divar,143000000,در حد نو,2026-09-07 08:15:51
apple_mini_a1347,divar,14000000,در حد نو,2026-09-07 08:15:51
asus_a15,divar,168900000,در حد نو,2026-09-07 08:15:51
other_note_20,divar,90000000,در حد نو,2026-09-07 08:15:51
apple_iphone_7_plus,divar,21000000,کارکرده,2026-09-07 08:15:51
apple_iphone_12_pro,divar,25000000,در حد نو,2026-09-07 08:15:51
sony_ps5,divar,750000,کارکرده,2026-09-07 08:15:51
apple_iphone_14_pro_max,divar,117000000,کارکرده,2026-09-07 08:15:51
apple_iphone_14_128gb,divar,109000000,در حد نو,2026-09-07 08:15:51
other_item_69ddf442,divar,40000000,در حد نو,2026-09-07 08:15:51
apple_iphone_11_128gb,divar,49500000,کارکرده,2026-09-07 08:15:51
apple_iphone_13,divar,102000000,در حد نو,2026-09-07 08:15:51
apple_iphone_13_pro_max,divar,154000000,کارکرده,2026-09-07 08:15:51
asus_tuf_gaming,divar,99000000,کارکرده,2026-09-07 08:15:51
samsung_s4,divar,2200000,در حد نو,2026-09-07 08:15:51
apple_iphone_17_pro_max,divar,258000000,در حد نو,2026-09-07 08:15:51
apple_macbook_pro_2014,divar,35000000,در حد نو,2026-09-07 08:15:51
apple_iphone_15_pro_max,divar,185000000,در حد نو,2026-09-07 08:15:51
apple_16promax_za,divar,199000000,در حد نو,2026-09-07 08:15:51
other_128gb_15_128,divar,94000000,در حد نو,2026-09-07 08:15:51
apple_iphone_14_pro_max,divar,173000000,کارکرده,2026-09-07 08:15:51
other_128gb_a36_5g_128g,divar,70000000,در حد نو,2026-09-07 08:15:51
apple_macbook_pro_m4_pro,divar,415000000,در حد نو,2026-09-07 08:15:51
other_a05,divar,27000000,کارکرده,2026-09-07 08:15:51
nvidia_rx_580,divar,1000000000,در حد نو,2026-09-07 08:15:51
sony_ps5,divar,15000000,کارکرده,2026-09-07 08:15:51
other_s24_ultra_s24ultra,divar,165000000,در حد نو,2026-09-07 08:15:51
apple_iphone_13,divar,83000000,در حد نو,2026-09-07 08:15:51
other_m31,divar,22000000,کارکرده,2026-09-07 08:15:51
amd_rx_5700xt,divar,31500000,در حد نو,2026-09-07 08:15:51
sony_ps4,divar,35000000,در حد نو,2026-09-07 08:15:51
apple_ultra_applewhatch_ultra2,divar,68000000,در حد نو,2026-09-07 08:15:51
other_item_726e0552,divar,20000000,در حد نو,2026-09-07 08:15:51
amd_rx_580,divar,10000000,کارکرده,2026-09-07 08:15:51
sony_ps5,divar,1000000,کارکرده,2026-09-07 08:15:51
apple_macbook_pro_2015,divar,38000000,در حد نو,2026-09-07 08:15:51
amd_rx_7900xt,divar,165000000,در حد نو,2026-09-07 08:15:51
amd_rx_470,divar,6200000,کارکرده,2026-09-07 08:15:51
sony_ps5_pro,divar,49000000,در حد نو,2026-09-07 08:15:51
other_item_6d724103,divar,145000000,کارکرده,2026-09-07 08:15:51
apple_macbook_pro,divar,68800000,در حد نو,2026-09-07 08:15:51
apple_macbook,divar,1000000000,توافقی,2026-09-07 08:15:51
amd_rx_580,divar,10500000,در حد نو,2026-09-07 08:15:51
sony_ps5,divar,100000,کارکرده,2026-09-07 08:15:51
apple_macbook_pro,divar,12000000,کارکرده,2026-09-07 08:15:51
apple_macbook_pro_intel,divar,25000000,کارکرده,2026-09-07 08:15:51
amd_rx_580,divar,10000000,در حد نو,2026-09-07 08:15:51
sony_ps5,divar,100000000,کارکرده,2026-09-07 08:15:51
other_item_b7e34c1e,divar,17000000,در حد نو,2026-09-07 08:15:51
other_item_3be695f3,divar,1000,کارکرده,2026-09-07 08:15:51
apple_macbook_pro_2015,divar,38000000,در حد نو,2026-09-07 08:15:51
other_item_cf8702d5,divar,100000000,کارکرده,2026-09-07 08:15:51
sony_ps5,divar,100000,کارکرده,2026-09-07 08:15:51
sony_ps4,divar,68000000,در حد نو,2026-09-07 08:15:51
amd_rx_580,divar,10500000,در حد نو,2026-09-07 08:15:51
sony_ps4,divar,40000000,کارکرده,2026-09-07 08:15:51
apple_macbook_air_m3,divar,190000000,کارکرده,2026-09-07 08:15:51
amd_rx_580,divar,12500000,در حد نو,2026-09-07 08:15:51
sony_ps5,divar,400000,کارکرده,2026-09-07 08:15:51
amd_rx_470,divar,6200000,کارکرده,2026-09-07 08:15:51
sony_ps5,divar,90000000,کارکرده,2026-09-07 08:15:51
sony_ps5,divar,1200000,کارکرده,2026-09-07 08:15:51
amd_rx_6900xt_16gb,divar,97000000,در حد نو,2026-09-07 08:15:51
sony_ps5,divar,2000000,کارکرده,2026-09-07 08:15:51
apple_macbook_air,divar,49000000,در حد نو,2026-09-07 08:15:51
other_item_c1f4acc2,divar,35000000,کارکرده,2026-09-07 08:15:51
sony_ps4,divar,40000000,کارکرده,2026-09-07 08:15:51
apple_macbook_pro_m1_pro,divar,216000000,در حد نو,2026-09-07 08:15:51
amd_rx_580,divar,12000000,کارکرده,2026-09-07 08:15:51
amd_rx_580,divar,15000000,کارکرده,2026-09-07 08:15:51
sony_ps4,divar,40000000,کارکرده,2026-09-07 08:15:51
sony_ps5,divar,1300000,کارکرده,2026-09-07 08:15:51
apple_macbook_pro_m2_13inch,divar,200000000,کارکرده,2026-09-07 08:15:51
nvidia_rx_580,divar,785000000,کارکرده,2026-09-07 08:15:51
amd_rx_5700xt,divar,165000000,در حد نو,2026-09-07 08:15:51
sony_ps4,divar,68000000,در حد نو,2026-09-07 08:15:51
apple_macbook_air_m1,divar,100000000,در حد نو,2026-09-07 08:15:51
other_item_cf8702d5,divar,100000000,کارکرده,2026-09-07 08:15:51
amd_rx_6900xt,divar,92000000,در حد نو,2026-09-07 08:15:51
sony_ps5,divar,888888888,کارکرده,2026-09-07 08:15:51
amd_rx_580,divar,11700000,در حد نو,2026-09-07 08:15:51
sony_ps4,divar,68000000,در حد نو,2026-09-07 08:15:51
apple_macbook_pro,divar,44800000,در حد نو,2026-09-07 08:15:51
amd_rx_580,divar,11500000,در حد نو,2026-09-07 08:15:51
other_item_c5abc9c9,divar,100000,در حد نو,2026-09-07 08:15:51
sony_ps5,divar,99000000,کارکرده,2026-09-07 08:15:51
apple_macbook_pro,divar,177000000,در حد نو,2026-09-07 08:15:51
other_item_97f89437,divar,119000000,کارکرده,2026-09-07 08:15:51
other_item_cf8702d5,divar,100000000,کارکرده,2026-09-07 08:15:51
microsoft_xbox,divar,20000000,کارکرده,2026-09-07 08:15:51
apple_macbook_2019,divar,75000000,در حد نو,2026-09-07 08:15:51
samsung_level_pro,divar,900000,کارکرده,2026-09-07 08:15:51
amd_rx_6900xt,divar,86500000,در حد نو,2026-09-07 08:15:51
sony_ps4,divar,40000000,کارکرده,2026-09-07 08:15:51
apple_macbook_pro_m1,divar,100000000,در حد نو,2026-09-07 08:15:51
apple_macbook_pro_m3,divar,89000000,در حد نو,2026-09-07 08:15:51
amd_rx_580,divar,12000000,در حد نو,2026-09-07 08:15:51
sony_ps5,divar,1000,کارکرده,2026-09-07 08:15:51
sony_ps5,divar,100000,کارکرده,2026-09-07 08:15:51
other_item_e4833e40,divar,105000000,کارکرده,2026-09-07 08:15:51
apple_macbook_air_2018,divar,57000000,در حد نو,2026-09-07 08:15:51
amd_rx_580,divar,12000000,در حد نو,2026-09-07 08:15:51
amd_rx_580,divar,12000000,در حد نو,2026-09-07 08:15:51
sony_ps5,divar,150000,کارکرده,2026-09-07 08:15:51
apple_macbook,divar,5000000,کارکرده,2026-09-07 08:15:51
other_item_5a631dc6,divar,1850000,کارکرده,2026-09-07 08:15:51
amd_rx_590,divar,16500000,در حد نو,2026-09-07 08:15:51
sony_ps5,divar,1000,کارکرده,2026-09-07 08:15:51
amd_rx_6800,divar,75000000,در حد نو,2026-09-07 08:15:51
sony_ps5,divar,20000,کارکرده,2026-09-07 08:15:51
apple_macbook_pro_m2,divar,185000000,در حد نو,2026-09-07 08:15:51
other_awei_t52,divar,3000000,کارکرده,2026-09-07 08:15:51
amd_rx_5700xt,divar,165000000,در حد نو,2026-09-07 08:15:51
sony_ps5,divar,100000000,کارکرده,2026-09-07 08:15:51
apple_macbook_pro_2018_15inch,divar,100000000,کارکرده,2026-09-07 08:15:51
apple_macbook_pro_2018_15inch,divar,100000000,کارکرده,2026-09-07 08:15:51
other_14_16gb_ddr5,divar,157500000,کارکرده,2026-09-07 08:15:51
sony_ps5,divar,100000000,کارکرده,2026-09-07 08:15:51
amd_rx_580,divar,1000,در حد نو,2026-09-07 08:15:51
sony_ps4,divar,35000000,در حد نو,2026-09-07 08:15:51
sony_ps5,divar,100000000,کارکرده,2026-09-07 08:15:51
apple_macbook_intel_256gb,divar,29000000,کارکرده,2026-09-07 08:15:51
sony_ps5,divar,98000000,کارکرده,2026-09-07 08:15:51
sony_ps5,divar,90000000,کارکرده,2026-09-07 08:15:51
apple_item_20d0f69d,divar,1000000000,در حد نو,2026-09-07 08:15:51
amd_rx_470,divar,8000000,کارکرده,2026-09-07 08:15:51
sony_ps5,divar,7000000,در حد نو,2026-09-07 08:15:51
sony_ps5,divar,2000000,کارکرده,2026-09-07 08:15:51
apple_macbook_pro_m2,divar,180000000,در حد نو,2026-09-07 08:15:51
amd_rx_580,divar,79000000,در حد نو,2026-09-07 08:15:51
amd_rx_6600,divar,84900000,کارکرده,2026-09-07 08:15:51
sony_ps5_slim,divar,42000000,کارکرده,2026-09-07 08:15:51
apple_macbook_pro_m4_pro,divar,374000000,کارکرده,2026-09-07 08:15:51
amd_rx_6800,divar,109000000,کارکرده,2026-09-07 08:15:51
amd_rx_5700xt,divar,35000000,کارکرده,2026-09-07 08:15:51
sony_ps5,divar,1500000,کارکرده,2026-09-07 08:15:51
sony_ps5,divar,98000000,کارکرده,2026-09-07 08:15:51
apple_macbook_air_m4,divar,195000000,در حد نو,2026-09-07 08:15:51
apple_macbook_air_2017,divar,38000000,در حد نو,2026-09-07 08:15:51
amd_rx_5500xt,divar,85900000,در حد نو,2026-09-07 08:15:51
sony_ps5,divar,300000,کارکرده,2026-09-07 08:15:51
sony_ps5,divar,50000000,کارکرده,2026-09-07 08:15:51
apple_macbook_air_m1_13inch,divar,93000000,در حد نو,2026-09-07 08:15:51
other_item_c5abc9c9,divar,100000,در حد نو,2026-09-07 08:15:51
sony_ps5,divar,90000000,توافقی,2026-09-07 08:15:51
sony_ps5,divar,150000,کارکرده,2026-09-07 08:15:51
dell_dell_5559,esam,50000000,دست دوم,2026-09-07 08:15:53
other_item_ff3061b0,esam,69321,دست دوم,2026-09-07 08:15:53
other_item_a5466f20,esam,120000,دست دوم,2026-09-07 08:15:53
other_item_26bdaefe,esam,336000,دست دوم,2026-09-07 08:15:53
other_item_4b4a2369,esam,890000,دست دوم,2026-09-07 08:15:53
other_item_5cdd7424,esam,100000,دست دوم,2026-09-07 08:15:53
other_item_9257096c,esam,46000,دست دوم,2026-09-07 08:15:53
sony_z600,esam,1190000,دست دوم,2026-09-07 08:15:53
other_ps2_ps2_com,esam,161000,نو,2026-09-07 08:15:53
other_cp88,esam,40000000,دست دوم,2026-09-07 08:15:53
other_onmax,esam,699000,دست دوم,2026-09-07 08:15:53
other_item_690db1b0,esam,1000000,دست دوم,2026-09-07 08:15:53
other_item_50f057a5,esam,540000,دست دوم,2026-09-07 08:15:53
other_item_d8557ebe,esam,129000,نو,2026-09-07 08:15:53
other_60,esam,1550000,دست دوم,2026-09-07 08:15:53
other_item_021a3dba,esam,25000,دست دوم,2026-09-07 08:15:53
other_veniz,esam,489000,دست دوم,2026-09-07 08:15:53
other_1600,esam,5000000,دست دوم,2026-09-07 08:15:53
other_item_a7927ad5,esam,259750,دست دوم,2026-09-07 08:15:53
other_item_6d83947d,esam,49000,دست دوم,2026-09-07 08:15:53
other_90,esam,150000,دست دوم,2026-09-07 08:15:53
other_mother,esam,270000,دست دوم,2026-09-07 08:15:53
other_10_1365,esam,1,دست دوم,2026-09-07 08:15:53
other_18,esam,225000,دست دوم,2026-09-07 08:15:53
other_vga,esam,141000,نو,2026-09-07 08:15:53
apple_macbook_pro_2020,divar,115000,کارکرده,2026-09-07 08:32:22
apple_iphone_16,divar,195000000,کارکرده,2026-09-07 08:32:22
apple_iphone_xs_256gb,divar,42500000,در حد نو,2026-09-07 08:32:22
sony_ps5,divar,2000000,کارکرده,2026-09-07 08:32:22
apple_macbook_pro_2019_16inch,divar,150000000,در حد نو,2026-09-07 08:32:22
other_17,divar,295000000,کارکرده,2026-09-07 08:32:22
apple_iphone_17_pro_max_256gb,divar,295000000,کارکرده,2026-09-07 08:32:22
apple_iphone_17_pro,divar,31000000,کارکرده,2026-09-07 08:32:22
samsung_galaxy_a56,divar,115000000,کارکرده,2026-09-07 08:32:22
other_item_00a15c43,divar,100000,کارکرده,2026-09-07 08:32:22
apple_iphone_12_pro_256gb,divar,94000000,در حد نو,2026-09-07 08:32:22
apple_iphone_13,divar,145000000,در حد نو,2026-09-07 08:32:22
other_11promax,divar,92000000,در حد نو,2026-09-07 08:32:22
samsung_galaxy_a70,divar,11000000,کارکرده,2026-09-07 08:32:22
other_64gb_64,divar,19500000,کارکرده,2026-09-07 08:32:22
apple_iphone_13_pro_max,divar,175000000,در حد نو,2026-09-07 08:32:22
apple_iphone_11_pro_max_256gb,divar,80000000,کارکرده,2026-09-07 08:32:22
apple_iphone_11_pro_max,divar,80000000,در حد نو,2026-09-07 08:32:22
apple_iphone_xs_max,divar,43900000,کارکرده,2026-09-07 08:32:22
lenovo_legion,divar,190000000,کارکرده,2026-09-07 08:32:22
other_a10,divar,12500000,کارکرده,2026-09-07 08:32:22
other_17_pro_max,divar,252000000,کارکرده,2026-09-07 08:32:22
apple_macbook,divar,1000000,کارکرده,2026-09-07 08:32:22
sony_ps5,divar,100000,کارکرده,2026-09-07 08:32:22
apple_iphone_16,divar,190000000,در حد نو,2026-09-07 08:32:22
apple_iphone_17_pro_max,divar,269000000,کارکرده,2026-09-07 08:32:22
other_17_pro_max,divar,270200000,کارکرده,2026-09-07 08:32:22
apple_macbook_air_m1,divar,106700000,کارکرده,2026-09-07 08:32:22
samsung_galaxy_a56_256gb,divar,89000000,در حد نو,2026-09-07 08:32:22
samsung_s20fe,divar,27000000,کارکرده,2026-09-07 08:32:22
amd_rx_580,divar,11000000,کارکرده,2026-09-07 08:32:22
microsoft_item_ad6bcdde,divar,10000,در حد نو,2026-09-07 08:32:22
samsung_sm_b130e,divar,7750000,در حد نو,2026-09-07 08:32:22
apple_iphone_15,divar,103000000,در حد نو,2026-09-07 08:32:22
apple_macbook_pro_intel_15inch,divar,46000000,کارکرده,2026-09-07 08:32:22
sony_ps5,divar,550000,در حد نو,2026-09-07 08:32:22
apple_iphone_11_pro_256gb,divar,24000000,در حد نو,2026-09-07 08:32:22
other_a32,divar,17000000,توافقی,2026-09-07 08:32:22
apple_macbook_pro_intel_2019,divar,70000000,کارکرده,2026-09-07 08:32:22
amd_rx_580,divar,12500000,در حد نو,2026-09-07 08:32:22
sony_ps4,divar,40000000,کارکرده,2026-09-07 08:32:22
apple_macbook_pro_m4_pro,divar,430000000,کارکرده,2026-09-07 08:32:22
apple_iphone,divar,14000000,کارکرده,2026-09-07 08:32:22
amd_rx_580,divar,10000000,کارکرده,2026-09-07 08:32:22
sony_ps5,divar,100000,کارکرده,2026-09-07 08:32:22
other_item_3be695f3,divar,35000000,در حد نو,2026-09-07 08:32:22
apple_macbook_pro,divar,35000000,در حد نو,2026-09-07 08:32:22
apple_macbook_pro,divar,35000000,در حد نو,2026-09-07 08:32:22
amd_rx_6900xt,divar,101000000,در حد نو,2026-09-07 08:32:22
sony_ps5,divar,400000,کارکرده,2026-09-07 08:32:22
asus_tuf_gaming,divar,13800000,در حد نو,2026-09-07 08:32:22
apple_macbook_pro_2015,divar,38000000,در حد نو,2026-09-07 08:32:22
nvidia_rx_580,divar,785000000,کارکرده,2026-09-07 08:32:22
sony_ps5_slim,divar,10000,کارکرده,2026-09-07 08:32:22
sony_ps5,divar,2000000,کارکرده,2026-09-07 08:32:22
other_13_m4,divar,206000000,کارکرده,2026-09-07 08:32:22
apple_macbook_pro_m4_pro,divar,430000000,کارکرده,2026-09-07 08:32:22
amd_rx_7900xt,divar,165000000,در حد نو,2026-09-07 08:32:22
nvidia_rx_580,divar,785000000,کارکرده,2026-09-07 08:32:22
sony_ps5,divar,500000,کارکرده,2026-09-07 08:32:22
amd_rx_6900xt_16gb,divar,97000000,در حد نو,2026-09-07 08:32:22
sony_ps5,divar,999000000,کارکرده,2026-09-07 08:32:22
apple_macbook_pro_2021,divar,210000000,در حد نو,2026-09-07 08:32:22
other_item_c5abc9c9,divar,100000,در حد نو,2026-09-07 08:32:22
sony_ps5,divar,500000,کارکرده,2026-09-07 08:32:22
sony_ps4,divar,450000,کارکرده,2026-09-07 08:32:22
sony_ps5,divar,1500000,کارکرده,2026-09-07 08:32:22
sony_ps5,divar,2000000,کارکرده,2026-09-07 08:32:22
amd_rx_6700xt,divar,59000000,در حد نو,2026-09-07 08:32:22
sony_ps5,divar,1000,کارکرده,2026-09-07 08:32:22
apple_macbook_air_m3,divar,155000000,در حد نو,2026-09-07 08:32:22
amd_rx_6700xt,divar,57000000,در حد نو,2026-09-07 08:32:22
sony_ps5,divar,1000,کارکرده,2026-09-07 08:32:22
sony_ps5,divar,50000,کارکرده,2026-09-07 08:32:22
amd_rx_6900xt,divar,86500000,در حد نو,2026-09-07 08:32:22
other_item_174acc9d,divar,1000000,کارکرده,2026-09-07 08:32:22
other_ps2_ps3_m22,divar,2000,کارکرده,2026-09-07 08:32:22
sony_ps5,divar,1000,کارکرده,2026-09-07 08:32:22
apple_macbook_air,divar,49000000,در حد نو,2026-09-07 08:32:22
other_w1,divar,5300000,کارکرده,2026-09-07 08:32:22
amd_rx_6800,divar,169000000,کارکرده,2026-09-07 08:32:22
sony_ps5,divar,2500000,کارکرده,2026-09-07 08:32:22
apple_macbook_air_m4,divar,3900000,کارکرده,2026-09-07 08:32:22
samsung_level_pro,divar,900000,کارکرده,2026-09-07 08:32:22
amd_rx_6700xt,divar,57000000,در حد نو,2026-09-07 08:32:22
sony_ps5,divar,1000,کارکرده,2026-09-07 08:32:22
amd_rx_5700xt,divar,165000000,در حد نو,2026-09-07 08:32:22
sony_ps5,divar,80000000,کارکرده,2026-09-07 08:32:22
apple_macbook_2019,divar,75000000,در حد نو,2026-09-07 08:32:22
other_item_174acc9d,divar,1000000,کارکرده,2026-09-07 08:32:22
amd_rx_5700xt,divar,33500000,کارکرده,2026-09-07 08:32:22
sony_ps5,divar,10000,کارکرده,2026-09-07 08:32:22
apple_macbook,divar,30000000,در حد نو,2026-09-07 08:32:22
other_item_c5abc9c9,divar,100000,در حد نو,2026-09-07 08:32:22
amd_rx_6700xt,divar,61000000,در حد نو,2026-09-07 08:32:22
other_ps2_ps3_m22,divar,2000,کارکرده,2026-09-07 08:32:22
apple_macbook_pro,divar,26000000,در حد نو,2026-09-07 08:32:22
other_p20i,divar,1670000,در حد نو,2026-09-07 08:32:22
amd_rx_6800xt,divar,75500000,کارکرده,2026-09-07 08:32:22
sony_ps5,divar,100000,کارکرده,2026-09-07 08:32:22
apple_macbook,divar,5000000,کارکرده,2026-09-07 08:32:22
apple_macbook_air_m4,divar,195000000,در حد نو,2026-09-07 08:32:22
amd_rx_580,divar,12000000,در حد نو,2026-09-07 08:32:22
sony_ps5,divar,100000,کارکرده,2026-09-07 08:32:22
sony_ps5,divar,100000,کارکرده,2026-09-07 08:32:22
other_item_e4833e40,divar,105000000,کارکرده,2026-09-07 08:32:22
apple_macbook_pro,divar,26000000,در حد نو,2026-09-07 08:32:22
amd_rx_6600,divar,35900000,در حد نو,2026-09-07 08:32:22
amd_rx_6700xt,divar,57000000,در حد نو,2026-09-07 08:32:22
sony_ps5,divar,98000000,در حد نو,2026-09-07 08:32:22
apple_macbook_air_m4,divar,3900000,کارکرده,2026-09-07 08:32:22
other_item_c6f23b06,divar,4300000,کارکرده,2026-09-07 08:32:22
other_item_174acc9d,divar,1000000,کارکرده,2026-09-07 08:32:22
sony_ps5,divar,750000,کارکرده,2026-09-07 08:32:22
amd_rx_580,divar,54900000,در حد نو,2026-09-07 08:32:22
sony_ps5,divar,100000,کارکرده,2026-09-07 08:32:22
apple_macbook_pro_intel_2012_13inch_256gb,divar,23000000,کارکرده,2026-09-07 08:32:22
other_m28,divar,738000,کارکرده,2026-09-07 08:32:22
amd_rx_590,divar,16500000,در حد نو,2026-09-07 08:32:22
sony_ps5,divar,95000000,در حد نو,2026-09-07 08:32:22
apple_macbook_pro_m2,divar,185000000,در حد نو,2026-09-07 08:32:22
other_mac_2015,divar,41500000,در حد نو,2026-09-07 08:32:22
amd_rx_6800,divar,75000000,در حد نو,2026-09-07 08:32:22
sony_ps5,divar,20000,کارکرده,2026-09-07 08:32:22
amd_rx_580,divar,55200000,در حد نو,2026-09-07 08:32:22
sony_ps5_slim,divar,42000000,کارکرده,2026-09-07 08:32:22
sony_ps5,divar,100000000,کارکرده,2026-09-07 08:32:22
apple_macbook_air_2013_13inch,divar,20000000,در حد نو,2026-09-07 08:32:22
sony_ps5,divar,200000,کارکرده,2026-09-07 08:32:22
sony_ps5,divar,1500000,کارکرده,2026-09-07 08:32:22
apple_macbook_air_2013_13inch,divar,20000000,در حد نو,2026-09-07 08:32:22
amd_rx_580,divar,10500000,در حد نو,2026-09-07 08:32:22
sony_ps5,divar,50000000,کارکرده,2026-09-07 08:32:22
microsoft_xbox,divar,4000000,کارکرده,2026-09-07 08:32:22
apple_macbook,divar,1000000000,توافقی,2026-09-07 08:32:22
amd_rx_6600,divar,84900000,کارکرده,2026-09-07 08:32:22
amd_rx_6600,divar,84900000,کارکرده,2026-09-07 08:32:22
sony_ps5,divar,100000000,کارکرده,2026-09-07 08:32:22
apple_macbook_pro_intel_2019_256gb,divar,86500000,در حد نو,2026-09-07 08:32:22
amd_rx_580,divar,11700000,در حد نو,2026-09-07 08:32:22
other_item_97f89437,divar,119000000,کارکرده,2026-09-07 08:32:22
sony_ps5,divar,100000000,کارکرده,2026-09-07 08:32:22
sony_ps5,divar,300000,کارکرده,2026-09-07 08:32:22
apple_macbook_air_2017,divar,38000000,در حد نو,2026-09-07 08:32:22
other_200_40,divar,14200000,در حد نو,2026-09-07 08:32:22
other_item_c5abc9c9,divar,100000,در حد نو,2026-09-07 08:32:22
sony_ps5,divar,98000000,کارکرده,2026-09-07 08:32:22
other_mac_book_pro,divar,420000000,در حد نو,2026-09-07 08:32:22
other_200_40,divar,14200000,در حد نو,2026-09-07 08:32:22
amd_rx_570,divar,8500000,در حد نو,2026-09-07 08:32:22
sony_ps5,divar,7000000,در حد نو,2026-09-07 08:32:22
microsoft_xbox,divar,1000,کارکرده,2026-09-07 08:32:22
microsoft_surface_pro,esam,53000000,دست دوم,2026-09-07 08:32:24
other_item_e7edf117,esam,4490000,دست دوم,2026-09-07 08:32:24
other_olevs,esam,6230000,دست دوم,2026-09-07 08:32:24
canon_nissin_mg8000_extreme,esam,23500000,دست دوم,2026-09-07 08:32:24
other_item_a3d37aea,esam,750000,دست دوم,2026-09-07 08:32:24
other_003,esam,3195000,دست دوم,2026-09-07 08:32:24
other_item_017a0522,esam,2200000,دست دوم,2026-09-07 08:32:24
other_1983,esam,45000,دست دوم,2026-09-07 08:32:24
other_32gb_324,esam,20000,دست دوم,2026-09-07 08:32:24
other_item_7ce0a5be,esam,18700000,دست دوم,2026-09-07 08:32:24
other_item_66487621,esam,260000,دست دوم,2026-09-07 08:32:24
other_item_8935033c,esam,300000,دست دوم,2026-09-07 08:32:24
other_item_e7f169e6,esam,277000,دست دوم,2026-09-07 08:32:24
other_panted,esam,500000,دست دوم,2026-09-07 08:32:24
sony_sony_xperia_x10,esam,9500000,دست دوم,2026-09-07 08:32:24
other_item_658f32e0,esam,199000,دست دوم,2026-09-07 08:32:24
other_item_b1f9a82d,esam,250000,نو,2026-09-07 08:32:24
other_200,esam,25000,دست دوم,2026-09-07 08:32:24
other_item_bcb07eeb,esam,75000,دست دوم,2026-09-07 08:32:24
other_item_c6fa39de,esam,162000,دست دوم,2026-09-07 08:32:24
other_n76,esam,22000000,دست دوم,2026-09-07 08:32:24
other_item_fcbe1b32,esam,11000000,نو,2026-09-07 08:32:24
other_item_ecd36049,esam,89995,دست دوم,2026-09-07 08:32:24
other_item_6c11cd79,esam,259000,دست دوم,2026-09-07 08:32:24
other_item_2615864d,esam,179000,دست دوم,2026-09-07 08:32:24
apple_iphone_6_64gb,divar,15500000,در حد نو,2026-09-07 09:02:28
other_256gb_s25_ultra_256g,divar,140000000,کارکرده,2026-09-07 09:02:28
other_a17,divar,80000000,در حد نو,2026-09-07 09:02:28
lenovo_rtx_2050,divar,106000000,در حد نو,2026-09-07 09:02:28
amd_rx_6700xt,divar,80000000,در حد نو,2026-09-07 09:02:28
other_apl_11_17,divar,80000000,کارکرده,2026-09-07 09:02:28
apple_iphone_17_pro_max,divar,245000000,کارکرده,2026-09-07 09:02:28
apple_macbook_pro_m1_pro_14inch,divar,286000000,کارکرده,2026-09-07 09:02:28
amd_rx_5500xt,divar,18000000,در حد نو,2026-09-07 09:02:28
other_16_pro_max,divar,250000000,در حد نو,2026-09-07 09:02:28
other_16_pro_max,divar,210000000,در حد نو,2026-09-07 09:02:28
other_item_99a54b58,divar,150000000,در حد نو,2026-09-07 09:02:28
sony_ps5,divar,750000,کارکرده,2026-09-07 09:02:28
apple_macbook_pro_m2_max_32gb,divar,460000000,در حد نو,2026-09-07 09:02:28
apple_iphone_16_pro_max_256gb,divar,228000000,کارکرده,2026-09-07 09:02:28
other_item_585e9b29,divar,1000,کارکرده,2026-09-07 09:02:28
sony_ps5,divar,585000,کارکرده,2026-09-07 09:02:28
other_a26,divar,65000000,در حد نو,2026-09-07 09:02:28
other_cpu_i5_13600k,divar,48000000,در حد نو,2026-09-07 09:02:28
amd_rx_580,divar,9800000,کارکرده,2026-09-07 09:02:28
sony_ps5,divar,100000,کارکرده,2026-09-07 09:02:28
apple_iphone_14_pro_max,divar,180000000,کارکرده,2026-09-07 09:02:28
other_item_67b46671,divar,1000,در حد نو,2026-09-07 09:02:28
other_s24_ultra,divar,190000000,در حد نو,2026-09-07 09:02:28
samsung_galaxy_s24_fe,divar,117000000,در حد نو,2026-09-07 09:02:28
apple_iphone_12,divar,62000000,در حد نو,2026-09-07 09:02:28
sony_ps5,divar,35000000,کارکرده,2026-09-07 09:02:28
sony_ps5,divar,70000,کارکرده,2026-09-07 09:02:28
samsung_galaxy,divar,2500000,در حد نو,2026-09-07 09:02:28
asus_rog_strix,divar,14500000,کارکرده,2026-09-07 09:02:28
apple_11,divar,97000000,در حد نو,2026-09-07 09:02:28
sony_ps5,divar,455000,کارکرده,2026-09-07 09:02:28
samsung_32gb_32,divar,23000000,در حد نو,2026-09-07 09:02:28
other_s25_ultra_s26,divar,124000,کارکرده,2026-09-07 09:02:28
apple_iphone_17_pro_max,divar,120000000,کارکرده,2026-09-07 09:02:28
samsung_a6,divar,115000000,کارکرده,2026-09-07 09:02:28
sony_ps5,divar,7500000,کارکرده,2026-09-07 09:02:28
apple_ultra_apple_watch,divar,700000,کارکرده,2026-09-07 09:02:28
apple_ipad,divar,38500000,کارکرده,2026-09-07 09:02:28
other_item_cf8702d5,divar,100000000,کارکرده,2026-09-07 09:02:28
sony_ps5,divar,50000,کارکرده,2026-09-07 09:02:28
apple_macbook,divar,1000000000,کارکرده,2026-09-07 09:02:28
amd_rx_580,divar,10500000,در حد نو,2026-09-07 09:02:28
amd_rx_580,divar,7000000,نو (پلمپ/آکبند),2026-09-07 09:02:28
sony_ps5,divar,150000,کارکرده,2026-09-07 09:02:28
other_item_9b386a69,divar,27000000,در حد نو,2026-09-07 09:02:28
apple_macbook_pro,divar,35000000,در حد نو,2026-09-07 09:02:28
other_item_22934d4c,divar,20000000,کارکرده,2026-09-07 09:02:28
other_item_c5abc9c9,divar,100000,در حد نو,2026-09-07 09:02:28
sony_ps5,divar,1000000,کارکرده,2026-09-07 09:02:28
apple_macbook_pro_2012,divar,10200000,کارکرده,2026-09-07 09:02:28
apple_macbook_air_m3,divar,190000000,کارکرده,2026-09-07 09:02:28
amd_rx_580,divar,7000000,نو (پلمپ/آکبند),2026-09-07 09:02:28
sony_ps5,divar,2000000,کارکرده,2026-09-07 09:02:28
apple_item_f8b2d9e5,divar,10000000,کارکرده,2026-09-07 09:02:28
other_13_m4,divar,206000000,کارکرده,2026-09-07 09:02:28
apple_macbook_pro,divar,87000000,کارکرده,2026-09-07 09:02:28
amd_rx_7900xt,divar,165000000,در حد نو,2026-09-07 09:02:28
sony_ps4,divar,40000000,کارکرده,2026-09-07 09:02:28
sony_ps4,divar,68000000,در حد نو,2026-09-07 09:02:28
amd_rx_580,divar,8000000,کارکرده,2026-09-07 09:02:28
sony_ps5,divar,400000,کارکرده,2026-09-07 09:02:28
apple_macbook_pro_2012,divar,30000000,کارکرده,2026-09-07 09:02:28
amd_rx_580,divar,10500000,در حد نو,2026-09-07 09:02:28
sony_ps5,divar,2000000,کارکرده,2026-09-07 09:02:28
amd_rx_580,divar,12000000,کارکرده,2026-09-07 09:02:28
sony_ps5_slim,divar,10000,کارکرده,2026-09-07 09:02:28
sony_ps5,divar,90000000,کارکرده,2026-09-07 09:02:28
sony_ps5,divar,2000000,کارکرده,2026-09-07 09:02:28
sony_ps5,divar,1000,کارکرده,2026-09-07 09:02:28
apple_macbook_pro,divar,26000000,در حد نو,2026-09-07 09:02:28
nvidia_rx_580,divar,785000000,کارکرده,2026-09-07 09:02:28
microsoft_xbox,divar,20000000,کارکرده,2026-09-07 09:02:28
apple_macbook_pro_m1_pro,divar,216000000,در حد نو,2026-09-07 09:02:28
other_item_c5abc9c9,divar,100000,در حد نو,2026-09-07 09:02:28
amd_rx_6900xt,divar,92000000,در حد نو,2026-09-07 09:02:28
sony_ps5,divar,10000,کارکرده,2026-09-07 09:02:28
sony_ps5_slim,divar,10000,کارکرده,2026-09-07 09:02:28
apple_macbook_air_m1,divar,96700000,کارکرده,2026-09-07 09:02:28
amd_rx_580,divar,12000000,در حد نو,2026-09-07 09:02:28
other_item_174acc9d,divar,1000000,کارکرده,2026-09-07 09:02:28
sony_ps5,divar,100000,کارکرده,2026-09-07 09:02:28
apple_macbook_pro,divar,44800000,در حد نو,2026-09-07 09:02:28
amd_rx_580,divar,10500000,در حد نو,2026-09-07 09:02:28
other_item_cf8702d5,divar,100000000,کارکرده,2026-09-07 09:02:28
microsoft_xbox,divar,20000000,کارکرده,2026-09-07 09:02:28
amd_rx_6800,divar,75000000,در حد نو,2026-09-07 09:02:28
sony_ps5,divar,100000,کارکرده,2026-09-07 09:02:28
apple_macbook_pro,divar,177000000,در حد نو,2026-09-07 09:02:28
amd_rx_5700xt,divar,165000000,در حد نو,2026-09-07 09:02:28
amd_rx_6700xt,divar,61000000,در حد نو,2026-09-07 09:02:28
sony_ps5,divar,99000000,کارکرده,2026-09-07 09:02:28
apple_macbook_air_m1,divar,96700000,کارکرده,2026-09-07 09:02:28
amd_rx_6900xt,divar,86500000,در حد نو,2026-09-07 09:02:28
amd_rx_580,divar,12000000,در حد نو,2026-09-07 09:02:28
sony_ps5,divar,98000000,در حد نو,2026-09-07 09:02:28
apple_macbook_air_m4,divar,195000000,در حد نو,2026-09-07 09:02:28
apple_pro,divar,1250000,کارکرده,2026-09-07 09:02:28
amd_rx_580,divar,8000000,کارکرده,2026-09-07 09:02:28
sony_ps5,divar,1000,کارکرده,2026-09-07 09:02:28
apple_macbook_pro_m1_pro,divar,216000000,در حد نو,2026-09-07 09:02:28
apple_macbook_air,divar,49000000,در حد نو,2026-09-07 09:02:28
amd_rx_5700xt,divar,33500000,کارکرده,2026-09-07 09:02:28
sony_ps5,divar,100000,کارکرده,2026-09-07 09:02:28
sony_ps5,divar,100000,کارکرده,2026-09-07 09:02:28
apple_item_f8b2d9e5,divar,10000000,کارکرده,2026-09-07 09:02:28
apple_macbook_air_m4,divar,195000000,در حد نو,2026-09-07 09:02:28
amd_rx_5700xt,divar,33500000,کارکرده,2026-09-07 09:02:28
amd_rx_5700xt,divar,33500000,کارکرده,2026-09-07 09:02:28
microsoft_xbox,divar,1000,کارکرده,2026-09-07 09:02:28
apple_macbook_pro_m1,divar,100000000,در حد نو,2026-09-07 09:02:28
apple_pro,divar,1250000,کارکرده,2026-09-07 09:02:28
other_item_c1f4acc2,divar,35000000,کارکرده,2026-09-07 09:02:28
sony_ps5,divar,100000,کارکرده,2026-09-07 09:02:28
amd_rx_5700xt,divar,165000000,در حد نو,2026-09-07 09:02:28
sony_ps5,divar,20000,کارکرده,2026-09-07 09:02:28
apple_macbook_pro_m3_pro_14inch_512gb,divar,325000000,کارکرده,2026-09-07 09:02:28
other_m19_v5,divar,648000,کارکرده,2026-09-07 09:02:28
amd_rx_5700xt,divar,165000000,در حد نو,2026-09-07 09:02:28
sony_ps4,divar,35000000,در حد نو,2026-09-07 09:02:28
other_note,divar,115000000,در حد نو,2026-09-07 09:02:28
apple_macbook,divar,450000000,در حد نو,2026-09-07 09:02:28
amd_rx_580,divar,15000000,کارکرده,2026-09-07 09:02:28
sony_ps5,divar,10000,در حد نو,2026-09-07 09:02:28
other_14_cori,divar,97600000,کارکرده,2026-09-07 09:02:28
sony_ps5_slim,divar,42000000,کارکرده,2026-09-07 09:02:28
microsoft_xbox,divar,300000,کارکرده,2026-09-07 09:02:28
apple_macbook_air,divar,115000000,در حد نو,2026-09-07 09:02:28
microsoft_xbox,divar,4000000,کارکرده,2026-09-07 09:02:28
microsoft_xbox,divar,4000000,کارکرده,2026-09-07 09:02:28
apple_macbook_pro_m2,divar,180000000,در حد نو,2026-09-07 09:02:28
nvidia_rx_580,divar,785000000,کارکرده,2026-09-07 09:02:28
sony_ps5,divar,98000000,کارکرده,2026-09-07 09:02:28
sony_ps5_slim,divar,42000000,کارکرده,2026-09-07 09:02:28
apple_macbook_pro_intel_2019_256gb,divar,86500000,در حد نو,2026-09-07 09:02:28
nvidia_rx_580,divar,785000000,کارکرده,2026-09-07 09:02:28
other_item_ef234270,divar,70000000,کارکرده,2026-09-07 09:02:28
sony_ps5,divar,10000,کارکرده,2026-09-07 09:02:28
apple_macbook_pro,divar,125000000,در حد نو,2026-09-07 09:02:28
amd_rx_6800,divar,109000000,کارکرده,2026-09-07 09:02:28
amd_rx_5700xt,divar,35000000,کارکرده,2026-09-07 09:02:28
sony_ps5,divar,1000000,کارکرده,2026-09-07 09:02:28
sony_ps5,divar,300000,کارکرده,2026-09-07 09:02:28
apple_macbook_pro_2019,divar,99800000,کارکرده,2026-09-07 09:02:28
other_200_40,divar,14200000,در حد نو,2026-09-07 09:02:28
amd_rx_6600,divar,84900000,کارکرده,2026-09-07 09:02:28
sony_ps4,divar,35000000,در حد نو,2026-09-07 09:02:28
apple_item_20d0f69d,divar,1000000000,در حد نو,2026-09-07 09:02:28
apple_item_20d0f69d,divar,1000000000,در حد نو,2026-09-07 09:02:28
other_item_fa2c66ae,divar,50000000,کارکرده,2026-09-07 09:02:28
sony_ps5,divar,90000000,توافقی,2026-09-07 09:02:28
sony_ps5,divar,90000000,توافقی,2026-09-07 09:02:28
other_item_cb6cf775,esam,3000000,دست دوم,2026-09-07 09:02:30
other_40,esam,3500000,دست دوم,2026-09-07 09:02:30
other_10_100,esam,1,دست دوم,2026-09-07 09:02:30
other_item_21bc3f2f,esam,200000,دست دوم,2026-09-07 09:02:30
other_item_ee36d0b9,esam,6000000,دست دوم,2026-09-07 09:02:30
other_100,esam,34500000,دست دوم,2026-09-07 09:02:30
other_925,esam,7500000,دست دوم,2026-09-07 09:02:30
sony_sony_37mm_uv,esam,700000,نو,2026-09-07 09:02:30
other_1248,esam,1100000,دست دوم,2026-09-07 09:02:30
other_item_d9d3f687,esam,109850,دست دوم,2026-09-07 09:02:30
sony_item_6d8854cb,esam,59000000,دست دوم,2026-09-07 09:02:30
other_item_ee92fb40,esam,680000,دست دوم,2026-09-07 09:02:30
other_n8,esam,2500000,دست دوم,2026-09-07 09:02:30
other_item_8b7456eb,esam,1250000,دست دوم,2026-09-07 09:02:30
dell_dell_precision_5520,esam,50000000,دست دوم,2026-09-07 09:02:30
other_10_2000_517,esam,1,دست دوم,2026-09-07 09:02:30
other_item_3f41291c,esam,270000,دست دوم,2026-09-07 09:02:30
other_10,esam,1,دست دوم,2026-09-07 09:02:30
other_item_342ade86,esam,1270000,دست دوم,2026-09-07 09:02:30
other_item_1e0fa41c,esam,189000,دست دوم,2026-09-07 09:02:30
other_item_a5573b60,esam,600000,دست دوم,2026-09-07 09:02:30
other_item_c39bb130,esam,1000000,دست دوم,2026-09-07 09:02:30
other_item_787044c9,esam,100000,دست دوم,2026-09-07 09:02:30
other_10_100,esam,1,دست دوم,2026-09-07 09:02:30
other_10,esam,760000,دست دوم,2026-09-07 09:02:30
apple_iphone_17_pro_256gb,divar,270000000,کارکرده,2026-09-07 12:25:54
apple_macbook_pro_2019,divar,130000000,کارکرده,2026-09-07 12:25:54
other_xs_max,divar,43000000,کارکرده,2026-09-07 12:25:54
lenovo_lenovo_i7_14,divar,329000000,کارکرده,2026-09-07 12:25:54
other_nothing_phone_2a,divar,90000000,در حد نو,2026-09-07 12:25:54
apple_macbook_pro_m4_14inch,divar,340000000,در حد نو,2026-09-07 12:25:54
apple_iphone_15_pro_max,divar,275000000,کارکرده,2026-09-07 12:25:54
other_cpu_g3220,divar,1000,کارکرده,2026-09-07 12:25:54
samsung_galaxy_a12,divar,18000000,کارکرده,2026-09-07 12:25:54
samsung_galaxy_a16,divar,43500000,در حد نو,2026-09-07 12:25:54
apple_iphone_17_pro_max,divar,8000000,کارکرده,2026-09-07 12:25:54
other_128gb_13pro_128_zaa,divar,135000000,کارکرده,2026-09-07 12:25:54
apple_iphone_17_pro,divar,22000000,کارکرده,2026-09-07 12:25:54
other_pro,divar,75000,کارکرده,2026-09-07 12:25:55
apple_ipad_air_11,divar,185000000,در حد نو,2026-09-07 12:25:55
apple_iphone_13_128gb,divar,30000000,در حد نو,2026-09-07 12:25:55
other_2024,divar,189000000,در حد نو,2026-09-07 12:25:55
apple_iphone_13_pro_max,divar,142000000,در حد نو,2026-09-07 12:25:55
apple_macbook_pro_2013,divar,28000000,کارکرده,2026-09-07 12:25:55
other_11,divar,80000000,در حد نو,2026-09-07 12:25:55
other_512gb_s24_ultra_512,divar,215000000,در حد نو,2026-09-07 12:25:55
other_item_5f26707a,divar,1000,کارکرده,2026-09-07 12:25:55
apple_macbook_pro_intel_15inch,divar,18000000,کارکرده,2026-09-07 12:25:55
apple_iphone_7_plus_128gb,divar,25000000,در حد نو,2026-09-07 12:25:55
other_s24_ultra,divar,195000000,در حد نو,2026-09-07 12:25:55
apple_iphone_15_pro_128gb,divar,152000000,در حد نو,2026-09-07 12:25:55
other_a6,divar,7000000,کارکرده,2026-09-07 12:25:55
microsoft_xbox,divar,1000,کارکرده,2026-09-07 12:25:55
sony_ps5,divar,1000000,کارکرده,2026-09-07 12:25:55
apple_macbook_pro_2020,divar,70000000,در حد نو,2026-09-07 12:25:55
apple_iphone_15_pro,divar,158000000,در حد نو,2026-09-07 12:25:55
other_a32,divar,5000000,کارکرده,2026-09-07 12:25:55
samsung_galaxy,divar,6000000,در حد نو,2026-09-07 12:25:55
other_s20_plus,divar,15000000,کارکرده,2026-09-07 12:25:55
samsung_galaxy_a56_256gb,divar,94450000,کارکرده,2026-09-07 12:25:55
apple_iphone_12_pro_max,divar,93500000,در حد نو,2026-09-07 12:25:55
samsung_galaxy_a50,divar,14200000,کارکرده,2026-09-07 12:25:55
apple_macbook,divar,12500000,در حد نو,2026-09-07 12:25:55
other_128gb_a36_128,divar,58500000,کارکرده,2026-09-07 12:25:55
amd_rx_5700xt,divar,41000000,کارکرده,2026-09-07 12:25:55
sony_ps5,divar,100000,کارکرده,2026-09-07 12:25:55
sony_ps4,divar,40000000,کارکرده,2026-09-07 12:25:55
other_i14,divar,649000,کارکرده,2026-09-07 12:25:55
amd_rx_580,divar,10000000,کارکرده,2026-09-07 12:25:55
sony_ps5,divar,999000000,کارکرده,2026-09-07 12:25:55
apple_ipad,divar,38500000,کارکرده,2026-09-07 12:25:55
apple_macbook_pro_2015,divar,38000000,در حد نو,2026-09-07 12:25:55
apple_macbook_pro_2019_1tb,divar,120000000,کارکرده,2026-09-07 12:25:55
asus_rog_strix,divar,42500000,در حد نو,2026-09-07 12:25:55
sony_ps4,divar,68000000,در حد نو,2026-09-07 12:25:55
sony_ps4,divar,68000000,در حد نو,2026-09-07 12:25:55
apple_macbook,divar,1000000,کارکرده,2026-09-07 12:25:55
amd_rx_580,divar,10000000,کارکرده,2026-09-07 12:25:55
sony_ps5,divar,150000,کارکرده,2026-09-07 12:25:55
sony_ps5_pro,divar,49000000,در حد نو,2026-09-07 12:25:55
other_item_9b386a69,divar,27000000,در حد نو,2026-09-07 12:25:55
apple_macbook,divar,1000000,کارکرده,2026-09-07 12:25:55
amd_rx_580,divar,12500000,در حد نو,2026-09-07 12:25:55
amd_rx_5700xt,divar,128000000,در حد نو,2026-09-07 12:25:55
sony_ps5,divar,2000000,کارکرده,2026-09-07 12:25:55
amd_rx_6700xt,divar,59000000,در حد نو,2026-09-07 12:25:55
sony_ps5,divar,900000,کارکرده,2026-09-07 12:25:55
other_item_22934d4c,divar,20000000,کارکرده,2026-09-07 12:25:55
amd_rx_590_16gb,divar,85000000,در حد نو,2026-09-07 12:25:55
sony_ps5,divar,1300000,در حد نو,2026-09-07 12:25:55
sony_ps5,divar,2000000,کارکرده,2026-09-07 12:25:55
sony_ps5,divar,888888888,کارکرده,2026-09-07 12:25:55
sony_ps5_slim,divar,10000,کارکرده,2026-09-07 12:25:55
amd_rx_580,divar,8000000,کارکرده,2026-09-07 12:25:55
sony_ps5,divar,1000,کارکرده,2026-09-07 12:25:55
apple_macbook_air_m1,divar,100000000,در حد نو,2026-09-07 12:25:55
other_item_c5abc9c9,divar,100000,در حد نو,2026-09-07 12:25:55
sony_ps5,divar,100000000,کارکرده,2026-09-07 12:25:55
sony_ps5,divar,1000,کارکرده,2026-09-07 12:25:55
other_item_c6f23b06,divar,4300000,کارکرده,2026-09-07 12:25:55
amd_rx_580,divar,8000000,کارکرده,2026-09-07 12:25:55
sony_ps5,divar,1000,کارکرده,2026-09-07 12:25:55
sony_ps5,divar,150000,کارکرده,2026-09-07 12:25:55
apple_macbook_pro_m3_pro_14inch_512gb,divar,325000000,کارکرده,2026-09-07 12:25:55
apple_macbook_air_m4,divar,195000000,در حد نو,2026-09-07 12:25:55
amd_rx_5700xt,divar,165000000,در حد نو,2026-09-07 12:25:55
sony_ps5,divar,99000000,کارکرده,2026-09-07 12:25:55
apple_macbook,divar,30000000,در حد نو,2026-09-07 12:25:55
apple_macbook_pro,divar,350000000,کارکرده,2026-09-07 12:25:55
amd_rx_6700xt,divar,61000000,در حد نو,2026-09-07 12:25:55
sony_ps5,divar,100000,کارکرده,2026-09-07 12:25:55
amd_rx_580,divar,15000000,کارکرده,2026-09-07 12:25:55
sony_ps4,divar,68000000,در حد نو,2026-09-07 12:25:55
apple_macbook_air_2019,divar,65000000,در حد نو,2026-09-07 12:25:55
apple_iphone,divar,14000000,کارکرده,2026-09-07 12:25:55
amd_rx_6800xt,divar,75500000,کارکرده,2026-09-07 12:25:55
other_ps2_ps3_m22,divar,2000,کارکرده,2026-09-07 12:25:55
apple_macbook_air_2018,divar,57000000,در حد نو,2026-09-07 12:25:55
apple_macbook_pro_intel_13inch,divar,35000000,در حد نو,2026-09-07 12:25:55
amd_rx_6900xt,divar,86500000,در حد نو,2026-09-07 12:25:55
sony_ps5,divar,1000,کارکرده,2026-09-07 12:25:55
apple_macbook_pro_m3_pro_14inch_512gb,divar,325000000,کارکرده,2026-09-07 12:25:55
apple_macbook_pro_m1,divar,100000000,در حد نو,2026-09-07 12:25:55
other_item_c1f4acc2,divar,35000000,کارکرده,2026-09-07 12:25:55
sony_ps5,divar,2500000,کارکرده,2026-09-07 12:25:55
apple_macbook_pro,divar,177000000,در حد نو,2026-09-07 12:25:55
apple_macbook,divar,30000000,در حد نو,2026-09-07 12:25:55
other_item_97f89437,divar,119000000,کارکرده,2026-09-07 12:25:55
amd_rx_580,divar,11700000,در حد نو,2026-09-07 12:25:55
sony_ps5,divar,100000,کارکرده,2026-09-07 12:25:55
other_item_6d724103,divar,145000000,کارکرده,2026-09-07 12:25:55
apple_macbook,divar,1000000000,توافقی,2026-09-07 12:25:55
apple_macbook,divar,1000000000,توافقی,2026-09-07 12:25:55
amd_rx_580,divar,11500000,در حد نو,2026-09-07 12:25:55
sony_ps5,divar,1000,کارکرده,2026-09-07 12:25:55
apple_macbook_pro_m2,divar,165000000,در حد نو,2026-09-07 12:25:55
apple_macbook_pro,divar,3350000,کارکرده,2026-09-07 12:25:55
amd_rx_6700xt,divar,61000000,در حد نو,2026-09-07 12:25:55
microsoft_xbox,divar,1000,کارکرده,2026-09-07 12:25:55
amd_rx_580,divar,12000000,کارکرده,2026-09-07 12:25:55
sony_ps5,divar,80000000,کارکرده,2026-09-07 12:25:55
apple_macbook_pro,divar,17900000,کارکرده,2026-09-07 12:25:55
apple_macbook,divar,450000000,در حد نو,2026-09-07 12:25:55
amd_rx_6600,divar,35900000,در حد نو,2026-09-07 12:25:55
sony_ps4,divar,650000,کارکرده,2026-09-07 12:25:55
apple_macbook_pro_m3,divar,230000000,کارکرده,2026-09-07 12:25:55
apple_macbook_air_2018,divar,57000000,در حد نو,2026-09-07 12:25:55
amd_rx_6700xt,divar,57000000,در حد نو,2026-09-07 12:25:55
sony_ps4,divar,68000000,در حد نو,2026-09-07 12:25:55
sony_ps5,divar,98000000,در حد نو,2026-09-07 12:25:55
amd_rx_580,divar,55200000,در حد نو,2026-09-07 12:25:55
sony_ps5_slim,divar,42000000,کارکرده,2026-09-07 12:25:55
apple_macbook_pro_2018,divar,130000000,کارکرده,2026-09-07 12:25:55
amd_rx_470,divar,8000000,کارکرده,2026-09-07 12:25:55
sony_ps5,divar,50000,کارکرده,2026-09-07 12:25:55
apple_macbook_pro_2018,divar,130000000,کارکرده,2026-09-07 12:25:55
amd_rx_580,divar,11700000,در حد نو,2026-09-07 12:25:55
amd_rx_580,divar,11700000,در حد نو,2026-09-07 12:25:55
other_ps2,divar,3000,کارکرده,2026-09-07 12:25:55
apple_macbook_pro_2019,divar,99800000,کارکرده,2026-09-07 12:25:55
amd_rx_570,divar,8500000,در حد نو,2026-09-07 12:25:55
other_item_c5abc9c9,divar,100000,در حد نو,2026-09-07 12:25:55
other_item_cac1c325,divar,550000,کارکرده,2026-09-07 12:25:55
other_200_40,divar,14200000,در حد نو,2026-09-07 12:25:55
other_w1,divar,5300000,کارکرده,2026-09-07 12:25:55
amd_rx_6800,divar,109000000,کارکرده,2026-09-07 12:25:55
microsoft_xbox,divar,4000000,کارکرده,2026-09-07 12:25:55
sony_ps5,divar,10000,در حد نو,2026-09-07 12:25:55
sony_ps5,divar,100000000,کارکرده,2026-09-07 12:25:55
apple_macbook_pro_2012,divar,22000000,کارکرده,2026-09-07 12:25:55
amd_rx_580,divar,79000000,در حد نو,2026-09-07 12:25:55
sony_ps5,divar,40000000,کارکرده,2026-09-07 12:25:55
sony_ps5,divar,2000000,کارکرده,2026-09-07 12:25:55
apple_macbook_air_m1_256gb,divar,96000000,در حد نو,2026-09-07 12:25:55
other_item_ef234270,divar,70000000,کارکرده,2026-09-07 12:25:55
amd_rx_580,divar,79000000,در حد نو,2026-09-07 12:25:55
other_gs_ps1_ps3,divar,3000,کارکرده,2026-09-07 12:25:55
other_32gb_321,esam,20000,دست دوم,2026-09-07 12:25:56
other_item_a4e60422,esam,600000,دست دوم,2026-09-07 12:25:56
other_00_26,esam,1000000,نو,2026-09-07 12:25:56
other_item_6a6ae75a,esam,1285000,دست دوم,2026-09-07 12:25:56
sony_mini_x10,esam,6300000,دست دوم,2026-09-07 12:25:56
other_item_afcbd939,esam,188000,دست دوم,2026-09-07 12:25:56
other_item_cdec2709,esam,278321,دست دوم,2026-09-07 12:25:56
other_item_323b0df9,esam,813000,نو (پلمپ/آکبند),2026-09-07 12:25:56
other_item_91b6fe66,esam,1350000,دست دوم,2026-09-07 12:25:56
other_item_7909c8b1,esam,118000,دست دوم,2026-09-07 12:25:56
other_item_b9091250,esam,107000,دست دوم,2026-09-07 12:25:56
other_item_023b2949,esam,150000,دست دوم,2026-09-07 12:25:56
other_item_bde0c5dc,esam,42000,دست دوم,2026-09-07 12:25:56
other_item_3f2d009d,esam,159000,دست دوم,2026-09-07 12:25:56
other_48_skechers,esam,3100000,دست دوم,2026-09-07 12:25:56
other_10_5000,esam,1,دست دوم,2026-09-07 12:25:56
apple_macbook_pro_m1,divar,150000000,در حد نو,2026-09-07 15:36:35
apple_macbook_pro_2019_16inch,divar,168800000,در حد نو,2026-09-07 15:36:35
apple_iphone,divar,7000000,در حد نو,2026-09-07 15:36:35
apple_iphone_6,divar,7500000,کارکرده,2026-09-07 15:36:35
samsung_galaxy_s25_fe,divar,176500000,کارکرده,2026-09-07 15:36:35
amd_rx_580,divar,13800000,در حد نو,2026-09-07 15:36:35
other_17_90,divar,204700000,کارکرده,2026-09-07 15:36:35
apple_iphone_14_128gb,divar,51000000,کارکرده,2026-09-07 15:36:35
other_14_promax_14,divar,130000000,در حد نو,2026-09-07 15:36:35
asus_tuf,divar,173000000,کارکرده,2026-09-07 15:36:35
other_s23fe,divar,65000000,در حد نو,2026-09-07 15:36:35
apple_iphone,divar,115000000,کارکرده,2026-09-07 15:36:35
other_512gb_11_pro_max,divar,30000000,در حد نو,2026-09-07 15:36:36
apple_iphone_13_pro,divar,145000000,در حد نو,2026-09-07 15:36:36
samsung_item_648d68cd,divar,5000000,در حد نو,2026-09-07 15:36:36
apple_iphone_11_pro_max_64gb,divar,72000000,در حد نو,2026-09-07 15:36:36
sony_ps5,divar,950000,کارکرده,2026-09-07 15:36:36
apple_iphone_16_128gb,divar,250000000,کارکرده,2026-09-07 15:36:36
other_13_pro_max,divar,1000000,کارکرده,2026-09-07 15:36:36
apple_iphone,divar,1000000,کارکرده,2026-09-07 15:36:36
amd_rx_6900xt,divar,129000000,در حد نو,2026-09-07 15:36:36
sony_ps5,divar,7000000,کارکرده,2026-09-07 15:36:36
other_17_pro_max,divar,252000000,کارکرده,2026-09-07 15:36:36
apple_iphone_11,divar,48000000,در حد نو,2026-09-07 15:36:36
apple_iphone_14_pro_max,divar,168500000,در حد نو,2026-09-07 15:36:36
other_13_poromax,divar,145000000,در حد نو,2026-09-07 15:36:36
apple_iphone_xr_128gb,divar,32000000,کارکرده,2026-09-07 15:36:36
apple_iphone_16_128gb,divar,192000000,در حد نو,2026-09-07 15:36:36
samsung_galaxy_a10,divar,15000000,در حد نو,2026-09-07 15:36:36
samsung_galaxy_s24_ultra_256gb,divar,190000000,در حد نو,2026-09-07 15:36:36
other_a06,divar,29600000,در حد نو,2026-09-07 15:36:36
nvidia_rx_580,divar,1000000000,در حد نو,2026-09-07 15:36:36
apple_macbook,divar,95000000,در حد نو,2026-09-07 15:36:36
other_a25,divar,61500000,نو (پلمپ/آکبند),2026-09-07 15:36:36
apple_iphone_13,divar,83000000,در حد نو,2026-09-07 15:36:36
apple_iphone_15_pro_max,divar,79000000,در حد نو,2026-09-07 15:36:36
other_256gb_56_256g,divar,75000000,در حد نو,2026-09-07 15:36:36
sony_ps4,divar,35000000,در حد نو,2026-09-07 15:36:36
apple_item_d4b94d15,divar,53000000,کارکرده,2026-09-07 15:36:36
other_item_9b386a69,divar,27000000,در حد نو,2026-09-07 15:36:36
amd_rx_580,divar,10500000,در حد نو,2026-09-07 15:36:36
sony_ps5,divar,2000000,کارکرده,2026-09-07 15:36:36
apple_macbook_pro_2015,divar,38000000,در حد نو,2026-09-07 15:36:36
other_item_dd0f207f,divar,100000,کارکرده,2026-09-07 15:36:36
amd_rx_6900xt_16gb,divar,97000000,در حد نو,2026-09-07 15:36:36
sony_ps5,divar,80000000,کارکرده,2026-09-07 15:36:36
other_item_02b6ffda,divar,89000000,در حد نو,2026-09-07 15:36:36
apple_macbook_pro_2022,divar,159000000,در حد نو,2026-09-07 15:36:36
apple_macbook_pro_2021,divar,210000000,در حد نو,2026-09-07 15:36:36
asus_rog_strix,divar,42500000,در حد نو,2026-09-07 15:36:36
sony_ps5,divar,2000000,کارکرده,2026-09-07 15:36:36
apple_macbook_air_m4,divar,215000000,در حد نو,2026-09-07 15:36:36
apple_macbook_pro,divar,87000000,کارکرده,2026-09-07 15:36:36
amd_rx_470,divar,6200000,کارکرده,2026-09-07 15:36:36
sony_ps5,divar,500000,کارکرده,2026-09-07 15:36:36
apple_pro_m4,divar,190000000,کارکرده,2026-09-07 15:36:36
other_item_3be695f3,divar,1000,کارکرده,2026-09-07 15:36:36
apple_macbook,divar,1000000,کارکرده,2026-09-07 15:36:36
amd_rx_5700xt,divar,21000000,در حد نو,2026-09-07 15:36:36
sony_ps5,divar,500000,کارکرده,2026-09-07 15:36:36
sony_ps5,divar,100000,کارکرده,2026-09-07 15:36:36
amd_rx_580,divar,9950000,در حد نو,2026-09-07 15:36:36
sony_ps5,divar,1000000,کارکرده,2026-09-07 15:36:36
apple_macbook,divar,1000000000,کارکرده,2026-09-07 15:36:36
amd_rx_580,divar,7000000,نو (پلمپ/آکبند),2026-09-07 15:36:36
sony_ps5,divar,1500000,کارکرده,2026-09-07 15:36:36
amd_rx_590_16gb,divar,85000000,در حد نو,2026-09-07 15:36:36
sony_ps5,divar,200000,در حد نو,2026-09-07 15:36:36
sony_ps5,divar,500000,کارکرده,2026-09-07 15:36:36
sony_ps5,divar,1000,کارکرده,2026-09-07 15:36:36
sony_ps5,divar,999000000,کارکرده,2026-09-07 15:36:36
apple_macbook_pro_m1_pro_14inch,divar,158000000,در حد نو,2026-09-07 15:36:36
amd_rx_6800,divar,75000000,در حد نو,2026-09-07 15:36:36
sony_ps5,divar,100000,کارکرده,2026-09-07 15:36:36
apple_macbook_pro,divar,177000000,در حد نو,2026-09-07 15:36:36
amd_rx_580,divar,10500000,در حد نو,2026-09-07 15:36:36
amd_rx_580,divar,12000000,در حد نو,2026-09-07 15:36:36
sony_ps5_slim,divar,10000,کارکرده,2026-09-07 15:36:36
sony_ps5,divar,1000,کارکرده,2026-09-07 15:36:36
apple_macbook_pro_m2,divar,165000000,در حد نو,2026-09-07 15:36:36
amd_rx_6800,divar,169000000,کارکرده,2026-09-07 15:36:36
amd_rx_6800,divar,169000000,کارکرده,2026-09-07 15:36:36
sony_ps5,divar,10000,کارکرده,2026-09-07 15:36:36
apple_macbook_pro_m2_13inch,divar,200000000,کارکرده,2026-09-07 15:36:36
amd_rx_7900xt,divar,160000000,در حد نو,2026-09-07 15:36:36
amd_rx_5700xt,divar,33500000,کارکرده,2026-09-07 15:36:36
sony_ps5,divar,1000,کارکرده,2026-09-07 15:36:36
sony_ps5,divar,1000,کارکرده,2026-09-07 15:36:36
sony_ps5,divar,100000,کارکرده,2026-09-07 15:36:36
apple_macbook_pro,divar,26000000,در حد نو,2026-09-07 15:36:36
amd_rx_580,divar,10500000,در حد نو,2026-09-07 15:36:36
amd_rx_6900xt,divar,86500000,در حد نو,2026-09-07 15:36:36
sony_ps5,divar,98000000,در حد نو,2026-09-07 15:36:36
apple_macbook_pro_intel_13inch,divar,35000000,در حد نو,2026-09-07 15:36:36
amd_rx_5700xt,divar,33500000,کارکرده,2026-09-07 15:36:36
nvidia_rx_580,divar,785000000,کارکرده,2026-09-07 15:36:36
sony_ps5,divar,1000,کارکرده,2026-09-07 15:36:36
apple_macbook_pro_m2,divar,185000000,در حد نو,2026-09-07 15:36:36
other_m28,divar,738000,کارکرده,2026-09-07 15:36:36
other_item_97f89437,divar,119000000,کارکرده,2026-09-07 15:36:36
sony_ps5,divar,2500000,کارکرده,2026-09-07 15:36:36
apple_macbook,divar,99000000,در حد نو,2026-09-07 15:36:36
apple_macbook_pro_m3,divar,89000000,در حد نو,2026-09-07 15:36:36
amd_rx_6900xt,divar,92000000,در حد نو,2026-09-07 15:36:36
sony_ps5,divar,100000,کارکرده,2026-09-07 15:36:36
sony_ps5,divar,1000,کارکرده,2026-09-07 15:36:36
other_item_b7e34c1e,divar,17000000,در حد نو,2026-09-07 15:36:36
apple_macbook_pro_m1,divar,100000000,در حد نو,2026-09-07 15:36:36
amd_rx_590,divar,16500000,در حد نو,2026-09-07 15:36:36
nvidia_rx_580,divar,785000000,کارکرده,2026-09-07 15:36:36
sony_ps5,divar,100000,کارکرده,2026-09-07 15:36:36
apple_macbook_pro,divar,3350000,کارکرده,2026-09-07 15:36:36
lenovo_he05,divar,698000,کارکرده,2026-09-07 15:36:36
other_item_97f89437,divar,119000000,کارکرده,2026-09-07 15:36:36
sony_ps5,divar,100000000,کارکرده,2026-09-07 15:36:36
other_14_16gb_ddr5,divar,157500000,کارکرده,2026-09-07 15:36:36
microsoft_item_31499c34,divar,1000,کارکرده,2026-09-07 15:36:36
apple_macbook_air,divar,49000000,در حد نو,2026-09-07 15:36:36
other_item_cf8702d5,divar,100000000,کارکرده,2026-09-07 15:36:36
other_item_c1f4acc2,divar,35000000,کارکرده,2026-09-07 15:36:36
sony_ps5,divar,1500000,در حد نو,2026-09-07 15:36:36
apple_macbook_pro,divar,177000000,در حد نو,2026-09-07 15:36:36
other_item_70702bdf,divar,600000,کارکرده,2026-09-07 15:36:36
amd_rx_6900xt,divar,86500000,در حد نو,2026-09-07 15:36:36
sony_ps5,divar,20000000,کارکرده,2026-09-07 15:36:36
amd_rx_470,divar,6200000,کارکرده,2026-09-07 15:36:36
sony_ps5_slim,divar,10000,کارکرده,2026-09-07 15:36:36
sony_ps5_slim,divar,10000,کارکرده,2026-09-07 15:36:36
apple_macbook_pro_intel_2019_256gb,divar,86500000,در حد نو,2026-09-07 15:36:36
sony_ps5,divar,49000000,در حد نو,2026-09-07 15:36:36
sony_ps5,divar,98000000,کارکرده,2026-09-07 15:36:36
apple_macbook_air_m1_256gb,divar,110700000,کارکرده,2026-09-07 15:36:36
other_14_16gb_ddr5,divar,197500000,کارکرده,2026-09-07 15:36:36
sony_ps5,divar,2000000,کارکرده,2026-09-07 15:36:36
sony_ps5,divar,50000000,کارکرده,2026-09-07 15:36:36
other_pro_m5,divar,350000000,کارکرده,2026-09-07 15:36:36
amd_rx_6800,divar,109000000,کارکرده,2026-09-07 15:36:36
sony_ps5,divar,50000000,کارکرده,2026-09-07 15:36:36
other_item_cac1c325,divar,550000,کارکرده,2026-09-07 15:36:36
apple_macbook_air,divar,115000000,در حد نو,2026-09-07 15:36:36
amd_rx_6700xt,divar,57000000,در حد نو,2026-09-07 15:36:36
other_item_ef234270,divar,70000000,کارکرده,2026-09-07 15:36:36
other_item_ba4395ae,divar,100000,کارکرده,2026-09-07 15:36:36
sony_ps5,divar,2000000,کارکرده,2026-09-07 15:36:36
apple_macbook_pro_intel_2019_256gb,divar,86500000,در حد نو,2026-09-07 15:36:36
apple_macbook_air_m1_256gb,divar,96000000,در حد نو,2026-09-07 15:36:36
other_i5_12400f,divar,83900000,در حد نو,2026-09-07 15:36:36
sony_ps5,divar,40000000,در حد نو,2026-09-07 15:36:36
apple_macbook_pro_2019,divar,99800000,کارکرده,2026-09-07 15:36:36
apple_macbook_air_m1_13inch,divar,93000000,در حد نو,2026-09-07 15:36:36
other_14_cori,divar,97600000,کارکرده,2026-09-07 15:36:36
sony_ps5,divar,7000000,در حد نو,2026-09-07 15:36:36
other_item_309a4b28,esam,930000,دست دوم,2026-09-07 15:36:37
other_10,esam,1,دست دوم,2026-09-07 15:36:37
other_24,esam,20000,دست دوم,2026-09-07 15:36:37
other_2535,esam,115000,دست دوم,2026-09-07 15:36:37
other_l7,esam,12000000,دست دوم,2026-09-07 15:36:37
other_item_64510b72,esam,100000,دست دوم,2026-09-07 15:36:37
other_1963,esam,35000,دست دوم,2026-09-07 15:36:37
other_item_c94c3973,esam,150000,دست دوم,2026-09-07 15:36:37
other_5727,esam,1650000,دست دوم,2026-09-07 15:36:37
other_hdmiusb,esam,11900000,دست دوم,2026-09-07 15:36:37
other_item_377d038b,esam,94321,دست دوم,2026-09-07 15:36:37
other_item_95efe85a,esam,800000,دست دوم,2026-09-07 15:36:37
dell_dell3520,esam,54000000,دست دوم,2026-09-07 15:36:37
other_item_e0761c98,esam,84000,دست دوم,2026-09-07 15:36:37
other_veniz,esam,497000,دست دوم,2026-09-07 15:36:37
other_20,esam,2,دست دوم,2026-09-07 15:36:37
other_912,esam,295000,دست دوم,2026-09-07 15:36:37
other_item_10457732,esam,29000,دست دوم,2026-09-07 15:36:37
other_50_100,esam,1300000,دست دوم,2026-09-07 15:36:37
other_item_e0898a00,esam,270000,دست دوم,2026-09-07 15:36:37
other_item_ef932c56,esam,160000,دست دوم,2026-09-07 15:36:37
apple_iphone_12_128gb,divar,85000000,در حد نو,2026-09-07 18:36:45
apple_iphone_17_pro_max,divar,100000,کارکرده,2026-09-07 18:36:45
xiaomi_redmi_note_15,divar,1000000,کارکرده,2026-09-07 18:36:45
apple_iphone_7,divar,15500000,کارکرده,2026-09-07 18:36:46
apple_a17_samsung,divar,60000000,کارکرده,2026-09-07 18:36:46
apple_macbook_pro_2015,divar,57000000,کارکرده,2026-09-07 18:36:46
apple_iphone_16,divar,160000000,در حد نو,2026-09-07 18:36:46
apple_iphone_14_pro,divar,128000000,در حد نو,2026-09-07 18:36:46
apple_iphone_14_pro,divar,158000000,کارکرده,2026-09-07 18:36:46
asus_tuf,divar,173000000,کارکرده,2026-09-07 18:36:46
samsung_c3520,divar,4000000,کارکرده,2026-09-07 18:36:46
apple_iphone_16,divar,106000000,نو (پلمپ/آکبند),2026-09-07 18:36:46
apple_iphone_16_pro_max,divar,100000000,در حد نو,2026-09-07 18:36:46
apple_iphone_13,divar,112000000,در حد نو,2026-09-07 18:36:46
samsung_j4,divar,7000000,کارکرده,2026-09-07 18:36:46
apple_iphone_12_pro_max_256gb,divar,115000000,در حد نو,2026-09-07 18:36:46
other_item_69ddf442,divar,40000000,در حد نو,2026-09-07 18:36:46
apple_iphone_15_promax_256gb,divar,210000000,در حد نو,2026-09-07 18:36:46
apple_iphone_13_pro_max,divar,140000000,کارکرده,2026-09-07 18:36:46
apple_iphone_13_pro_max_256gb,divar,158000000,در حد نو,2026-09-07 18:36:46
asus_rog,divar,170000000,کارکرده,2026-09-07 18:36:46
samsung_galaxy_a55,divar,102000000,کارکرده,2026-09-07 18:36:46
apple_iphone_15_pro_max,divar,100000000,کارکرده,2026-09-07 18:36:46
apple_macbook_pro_m3,divar,340000000,در حد نو,2026-09-07 18:36:46
other_item_07c73cbf,divar,7000000000,کارکرده,2026-09-07 18:36:46
apple_iphone_16,divar,189000000,در حد نو,2026-09-07 18:36:46
apple_iphone_17_pro_max,divar,253000000,در حد نو,2026-09-07 18:36:46
apple_macbook_pro_m1_pro,divar,109000000,در حد نو,2026-09-07 18:36:46
samsung_galaxy_s23_fe_256gb,divar,63000000,در حد نو,2026-09-07 18:36:46
other_13,divar,115000000,در حد نو,2026-09-07 18:36:46
apple_iphone_16_pro_max,divar,80000000,کارکرده,2026-09-07 18:36:46
apple_iphone_5,divar,12000000,کارکرده,2026-09-07 18:36:46
samsung_galaxy_a26,divar,1000,کارکرده,2026-09-07 18:36:46
apple_iphone_13_pro_max,divar,129000000,در حد نو,2026-09-07 18:36:46
sony_ps5,divar,100000000,کارکرده,2026-09-07 18:36:46
other_64gb_a07_64,divar,27000000,در حد نو,2026-09-07 18:36:46
samsung_galaxy_s26_256gb,divar,284000000,کارکرده,2026-09-07 18:36:46
sony_ps5,divar,1500000,کارکرده,2026-09-07 18:36:46
other_item_c5abc9c9,divar,100000,در حد نو,2026-09-07 18:36:46
xiaomi_xiaomi,divar,57000000,در حد نو,2026-09-07 18:36:46
amd_rx_470,divar,6200000,کارکرده,2026-09-07 18:36:46
sony_ps5,divar,1200000,کارکرده,2026-09-07 18:36:46
apple_macbook_pro,divar,68800000,در حد نو,2026-09-07 18:36:46
other_item_c5abc9c9,divar,100000,در حد نو,2026-09-07 18:36:46
amd_rx_580,divar,9950000,در حد نو,2026-09-07 18:36:46
sony_ps5,divar,400000,کارکرده,2026-09-07 18:36:46
other_item_47378e0c,divar,85900000,در حد نو,2026-09-07 18:36:46
apple_macbook_pro_m1_pro,divar,200000000,کارکرده,2026-09-07 18:36:46
other_pro2,divar,600000,کارکرده,2026-09-07 18:36:46
amd_rx_580,divar,10500000,در حد نو,2026-09-07 18:36:46
sony_ps5,divar,1300000,در حد نو,2026-09-07 18:36:46
apple_macbook_pro_2015,divar,38000000,در حد نو,2026-09-07 18:36:46
apple_macbook_pro_m1_pro,divar,200000000,کارکرده,2026-09-07 18:36:46
amd_rx_590_16gb,divar,85000000,در حد نو,2026-09-07 18:36:46
sony_ps5,divar,500000,کارکرده,2026-09-07 18:36:46
apple_ipad,divar,38500000,کارکرده,2026-09-07 18:36:46
apple_ipad,divar,38500000,کارکرده,2026-09-07 18:36:46
other_item_22934d4c,divar,20000000,کارکرده,2026-09-07 18:36:46
amd_rx_6700xt,divar,59000000,در حد نو,2026-09-07 18:36:46
sony_ps5,divar,100000,کارکرده,2026-09-07 18:36:46
sony_ps5,divar,100000,کارکرده,2026-09-07 18:36:46
amd_rx_580,divar,8000000,کارکرده,2026-09-07 18:36:46
sony_ps5,divar,100000,کارکرده,2026-09-07 18:36:46
apple_macbook,divar,1000000000,کارکرده,2026-09-07 18:36:46
amd_rx_6800,divar,180000000,کارکرده,2026-09-07 18:36:46
sony_ps4,divar,40000000,کارکرده,2026-09-07 18:36:46
amd_rx_590_16gb,divar,85000000,در حد نو,2026-09-07 18:36:46
sony_ps5,divar,2000000,کارکرده,2026-09-07 18:36:46
sony_ps5,divar,90000000,کارکرده,2026-09-07 18:36:46
amd_rx_6700xt,divar,59000000,در حد نو,2026-09-07 18:36:46
sony_ps5,divar,100000000,کارکرده,2026-09-07 18:36:46
apple_macbook_pro_13inch,divar,16000000,در حد نو,2026-09-07 18:36:46
amd_rx_590,divar,16500000,در حد نو,2026-09-07 18:36:46
sony_ps5,divar,100000,کارکرده,2026-09-07 18:36:46
apple_macbook_air_m3,divar,155000000,در حد نو,2026-09-07 18:36:46
other_item_174acc9d,divar,1000000,کارکرده,2026-09-07 18:36:46
amd_rx_580,divar,12000000,در حد نو,2026-09-07 18:36:46
other_ps2_ps3_m22,divar,2000,کارکرده,2026-09-07 18:36:46
sony_ps5,divar,50000,کارکرده,2026-09-07 18:36:46
apple_macbook_pro_m2,divar,165000000,در حد نو,2026-09-07 18:36:46
amd_rx_5700xt,divar,33500000,کارکرده,2026-09-07 18:36:46
amd_rx_580,divar,11700000,در حد نو,2026-09-07 18:36:46
sony_ps5,divar,2500000,کارکرده,2026-09-07 18:36:46
apple_macbook_air_2024,divar,155000000,کارکرده,2026-09-07 18:36:46
amd_rx_6800xt,divar,75500000,کارکرده,2026-09-07 18:36:46
amd_rx_6900xt,divar,86500000,در حد نو,2026-09-07 18:36:46
sony_ps4,divar,68000000,در حد نو,2026-09-07 18:36:46
sony_ps5,divar,100000,کارکرده,2026-09-07 18:36:46
sony_ps4,divar,68000000,در حد نو,2026-09-07 18:36:46
apple_macbook_pro_m1_pro_14inch,divar,158000000,در حد نو,2026-09-07 18:36:46
other_item_cf8702d5,divar,100000000,کارکرده,2026-09-07 18:36:46
amd_rx_580,divar,15000000,کارکرده,2026-09-07 18:36:46
sony_ps5_slim,divar,10000,کارکرده,2026-09-07 18:36:46
apple_macbook_pro_intel_13inch,divar,35000000,در حد نو,2026-09-07 18:36:46
amd_rx_5700xt,divar,165000000,در حد نو,2026-09-07 18:36:46
amd_rx_590,divar,16500000,در حد نو,2026-09-07 18:36:46
microsoft_xbox,divar,1000,کارکرده,2026-09-07 18:36:46
apple_macbook_pro_intel_2012_13inch_256gb,divar,23000000,کارکرده,2026-09-07 18:36:46
other_item_5a631dc6,divar,1850000,کارکرده,2026-09-07 18:36:46
amd_rx_6800,divar,75000000,در حد نو,2026-09-07 18:36:46
sony_ps5,divar,1000,کارکرده,2026-09-07 18:36:46
apple_macbook,divar,1000000000,توافقی,2026-09-07 18:36:46
apple_macbook_pro_m3_pro_14inch_512gb,divar,325000000,کارکرده,2026-09-07 18:36:46
amd_rx_7900xt,divar,160000000,در حد نو,2026-09-07 18:36:46
microsoft_xbox,divar,1000,کارکرده,2026-09-07 18:36:46
sony_ps5,divar,100000,کارکرده,2026-09-07 18:36:46
apple_64gb_ipad_10_64,divar,55000000,در حد نو,2026-09-07 18:36:46
apple_macbook_2019,divar,75000000,در حد نو,2026-09-07 18:36:46
nvidia_rx_580,divar,785000000,کارکرده,2026-09-07 18:36:46
other_item_174acc9d,divar,1000000,کارکرده,2026-09-07 18:36:46
sony_ps5,divar,150000,کارکرده,2026-09-07 18:36:46
apple_macbook_pro_m1,divar,100000000,در حد نو,2026-09-07 18:36:46
samsung_level_u2_eo,divar,10800000,کارکرده,2026-09-07 18:36:46
amd_rx_5700xt,divar,165000000,در حد نو,2026-09-07 18:36:46
sony_ps5,divar,95000000,در حد نو,2026-09-07 18:36:46
amd_rx_5700xt,divar,33500000,کارکرده,2026-09-07 18:36:46
sony_ps5,divar,90000000,کارکرده,2026-09-07 18:36:46
other_mac_2015,divar,41500000,در حد نو,2026-09-07 18:36:46
apple_pro,divar,1250000,کارکرده,2026-09-07 18:36:46
other_14_16gb_ddr5,divar,157500000,کارکرده,2026-09-07 18:36:46
microsoft_item_31499c34,divar,1000,کارکرده,2026-09-07 18:36:46
apple_macbook_pro_m4_pro,divar,360000000,در حد نو,2026-09-07 18:36:46
apple_macbook_pro_2018_15inch,divar,100000000,کارکرده,2026-09-07 18:36:46
other_item_97f89437,divar,119000000,کارکرده,2026-09-07 18:36:46
sony_ps5,divar,80000000,کارکرده,2026-09-07 18:36:46
other_item_c5abc9c9,divar,100000,در حد نو,2026-09-07 18:36:46
sony_ps5,divar,98000000,کارکرده,2026-09-07 18:36:46
sony_ps5,divar,9900000,کارکرده,2026-09-07 18:36:46
apple_macbook_pro_m2,divar,180000000,در حد نو,2026-09-07 18:36:46
microsoft_xbox,divar,4000000,کارکرده,2026-09-07 18:36:46
microsoft_xbox,divar,300000,کارکرده,2026-09-07 18:36:46
apple_macbook_air_m1_256gb,divar,110700000,کارکرده,2026-09-07 18:36:46
amd_rx_470,divar,6200000,کارکرده,2026-09-07 18:36:46
sony_ps5,divar,49000000,در حد نو,2026-09-07 18:36:46
sony_ps5,divar,49000000,در حد نو,2026-09-07 18:36:46
lenovo_lenovo,divar,29000000,کارکرده,2026-09-07 18:36:46
other_14_cori,divar,97600000,کارکرده,2026-09-07 18:36:46
amd_rx_6800,divar,75000000,در حد نو,2026-09-07 18:36:46
sony_ps5,divar,90000000,کارکرده,2026-09-07 18:36:46
apple_macbook_pro_m1_13inch,divar,115000000,در حد نو,2026-09-07 18:36:46
other_i5_12400f,divar,83900000,در حد نو,2026-09-07 18:36:46
amd_rx_5700xt,divar,35000000,کارکرده,2026-09-07 18:36:46
other_ps2,divar,3000,کارکرده,2026-09-07 18:36:46
sony_ps5,divar,1500000,کارکرده,2026-09-07 18:36:46
apple_item_20d0f69d,divar,1000000000,در حد نو,2026-09-07 18:36:46
apple_macbook,divar,450000000,در حد نو,2026-09-07 18:36:46
amd_rx_470,divar,8000000,کارکرده,2026-09-07 18:36:46
sony_ps5,divar,10000,کارکرده,2026-09-07 18:36:46
apple_macbook_pro_m3,divar,350000000,در حد نو,2026-09-07 18:36:46
apple_macbook_intel_256gb,divar,29000000,کارکرده,2026-09-07 18:36:46
amd_rx_6600,divar,85000000,کارکرده,2026-09-07 18:36:46
